{"credit":"Made with Blockbench","texture_size":[36,36],"textures":{"0":"lunaria_pack:blunaria_trident/blunaria_trident_1","particle":"lunaria_pack:blunaria_trident/blunaria_trident_1"},"elements":[{"from":[7.2925,13.4503,7.28284],"to":[8.6925,14.8503,8.68284],"rotation":{"angle":-45,"axis":"x","origin":[7.9925,14.1503,7.98284]},"faces":{"north":{"uv":[12,10.22222,12.66667,10.88889],"texture":"#0"},"east":{"uv":[12,11.11111,12.66667,11.77778],"texture":"#0"},"south":{"uv":[11.55556,12,12.22222,12.66667],"texture":"#0"},"west":{"uv":[12,9.33333,12.66667,10],"texture":"#0"},"up":{"uv":[13.11111,0.66667,12.44444,0],"rotation":270,"texture":"#0"},"down":{"uv":[13.11111,0.88889,12.44444,1.55556],"rotation":90,"texture":"#0"}}},{"from":[7.4925,-2.2503,7.48],"to":[8.4925,0.7497,8.48],"rotation":{"angle":0,"axis":"y","origin":[8,8,8]},"faces":{"north":{"uv":[11.55556,6.66667,12,8],"texture":"#0"},"east":{"uv":[11.55556,8,12,9.33333],"texture":"#0"},"south":{"uv":[11.55556,9.33333,12,10.66667],"texture":"#0"},"west":{"uv":[11.55556,5.33333,12,6.66667],"texture":"#0"},"up":{"uv":[13.77778,3.11111,13.33333,2.66667],"rotation":270,"texture":"#0"},"down":{"uv":[13.77778,3.11111,13.33333,3.55556],"rotation":90,"texture":"#0"}}},{"from":[7.4925,-5.2503,7.48],"to":[8.4925,-2.2503,8.48],"rotation":{"angle":0,"axis":"y","origin":[8,8,8]},"faces":{"north":{"uv":[12,0,12.44444,1.33333],"texture":"#0"},"east":{"uv":[12,1.33333,12.44444,2.66667],"texture":"#0"},"south":{"uv":[12,2.66667,12.44444,4],"texture":"#0"},"west":{"uv":[11.55556,10.66667,12,12],"texture":"#0"},"up":{"uv":[13.77778,4,13.33333,3.55556],"rotation":270,"texture":"#0"},"down":{"uv":[13.77778,4,13.33333,4.44444],"rotation":90,"texture":"#0"}}},{"from":[7.4925,10.5497,7.48],"to":[8.4925,13.5497,8.48],"rotation":{"angle":0,"axis":"y","origin":[8,8,8]},"faces":{"north":{"uv":[11.55556,1.33333,12,2.66667],"texture":"#0"},"east":{"uv":[11.55556,2.66667,12,4],"texture":"#0"},"south":{"uv":[11.55556,4,12,5.33333],"texture":"#0"},"west":{"uv":[11.55556,0,12,1.33333],"texture":"#0"},"up":{"uv":[12.88889,9.33333,12.44444,8.88889],"rotation":270,"texture":"#0"},"down":{"uv":[13.33333,11.55556,12.88889,12],"rotation":90,"texture":"#0"}}},{"from":[7.4925,14.5497,7.48],"to":[8.4925,17.5497,8.48],"rotation":{"angle":0,"axis":"y","origin":[8,8,8]},"faces":{"north":{"uv":[12,5.33333,12.44444,6.66667],"texture":"#0"},"east":{"uv":[12,6.66667,12.44444,8],"texture":"#0"},"south":{"uv":[12,8,12.44444,9.33333],"texture":"#0"},"west":{"uv":[12,4,12.44444,5.33333],"texture":"#0"},"up":{"uv":[13.77778,12.88889,13.33333,12.44444],"rotation":270,"texture":"#0"},"down":{"uv":[13.77778,12.88889,13.33333,13.33333],"rotation":90,"texture":"#0"}}},{"from":[7.5925,0.7497,7.58],"to":[8.3925,7.7497,8.38],"rotation":{"angle":0,"axis":"y","origin":[8,8,8]},"faces":{"north":{"uv":[10.66667,3.11111,11,6.22222],"texture":"#0"},"east":{"uv":[10.66667,6.22222,11,9.33333],"texture":"#0"},"south":{"uv":[10.66667,9.33333,11,12.44444],"texture":"#0"},"west":{"uv":[10.66667,0,11,3.11111],"texture":"#0"},"up":{"uv":[13.66667,13.66667,13.33333,13.33333],"rotation":270,"texture":"#0"},"down":{"uv":[14.11111,0,13.77778,0.33333],"rotation":90,"texture":"#0"}}},{"from":[7.5925,7.7497,7.58],"to":[8.3925,14.7497,8.38],"rotation":{"angle":0,"axis":"y","origin":[8,8,8]},"faces":{"north":{"uv":[11.11111,3.11111,11.44444,6.22222],"texture":"#0"},"east":{"uv":[11.11111,6.22222,11.44444,9.33333],"texture":"#0"},"south":{"uv":[11.11111,9.33333,11.44444,12.44444],"texture":"#0"},"west":{"uv":[11.11111,0,11.44444,3.11111],"texture":"#0"},"up":{"uv":[14.11111,0.77778,13.77778,0.44444],"rotation":270,"texture":"#0"},"down":{"uv":[14.11111,0.88889,13.77778,1.22222],"rotation":90,"texture":"#0"}}},{"from":[7.3925,17.03609,7.38284],"to":[8.5925,18.23609,8.58284],"rotation":{"angle":-45,"axis":"x","origin":[7.9925,17.63609,7.98284]},"faces":{"north":{"uv":[13.44444,9.77778,12.88889,10.33333],"rotation":270,"texture":"#0"},"east":{"uv":[10.66667,12.44444,11.22222,13],"rotation":270,"texture":"#0"},"south":{"uv":[13.44444,9.44444,12.88889,8.88889],"rotation":270,"texture":"#0"},"west":{"uv":[12.44444,7.11111,13,7.66667],"rotation":90,"texture":"#0"},"up":{"uv":[12.44444,8,13,8.55556],"rotation":180,"texture":"#0"},"down":{"uv":[12.44444,12,13,12.55556],"texture":"#0"}}},{"from":[7.4425,17.17917,6.98742],"to":[8.5425,18.37917,8.08742],"rotation":{"angle":22.5,"axis":"x","origin":[7.9925,17.77917,7.53742]},"faces":{"north":{"uv":[11.55556,12.88889,12,13.44444],"texture":"#0"},"east":{"uv":[12,12.88889,12.44444,13.44444],"texture":"#0"},"south":{"uv":[12.44444,12.88889,12.88889,13.44444],"texture":"#0"},"west":{"uv":[12.88889,10.66667,13.33333,11.22222],"texture":"#0"},"up":{"uv":[13.77778,4.88889,13.33333,4.44444],"rotation":270,"texture":"#0"},"down":{"uv":[13.77778,4.88889,13.33333,5.33333],"rotation":90,"texture":"#0"}}},{"from":[7.5425,17.66313,6.24968],"to":[8.4425,18.76313,7.34968],"rotation":{"angle":45,"axis":"x","origin":[7.9925,18.21313,6.79968]},"faces":{"north":{"uv":[13.77778,7.55556,13.33333,7.11111],"rotation":90,"texture":"#0"},"east":{"uv":[13.33333,6.22222,13.77778,6.66667],"rotation":90,"texture":"#0"},"south":{"uv":[13.77778,7.55556,13.33333,8],"rotation":90,"texture":"#0"},"west":{"uv":[13.33333,5.33333,13.77778,5.77778],"rotation":270,"texture":"#0"},"up":{"uv":[13.33333,6.66667,13.77778,7.11111],"texture":"#0"},"down":{"uv":[13.33333,5.77778,13.77778,6.22222],"rotation":180,"texture":"#0"}}},{"from":[7.4425,17.17917,7.91258],"to":[8.5425,18.37917,9.01258],"rotation":{"angle":-22.5,"axis":"x","origin":[7.9925,17.77917,8.46258]},"faces":{"north":{"uv":[13.33333,0,13.77778,0.55556],"texture":"#0"},"east":{"uv":[13.33333,0.88889,13.77778,1.44444],"texture":"#0"},"south":{"uv":[13.33333,1.77778,13.77778,2.33333],"texture":"#0"},"west":{"uv":[12.88889,12.88889,13.33333,13.44444],"texture":"#0"},"up":{"uv":[13.77778,12,13.33333,11.55556],"rotation":270,"texture":"#0"},"down":{"uv":[13.77778,12,13.33333,12.44444],"rotation":90,"texture":"#0"}}},{"from":[7.5425,17.66313,8.65032],"to":[8.4425,18.76313,9.75032],"rotation":{"angle":-45,"axis":"x","origin":[7.9925,18.21313,9.20032]},"faces":{"north":{"uv":[13.77778,11.11111,13.33333,11.55556],"rotation":270,"texture":"#0"},"east":{"uv":[10.66667,13.33333,11.11111,13.77778],"rotation":270,"texture":"#0"},"south":{"uv":[11.55556,13.77778,11.11111,13.33333],"rotation":270,"texture":"#0"},"west":{"uv":[13.33333,8,13.77778,8.44444],"rotation":90,"texture":"#0"},"up":{"uv":[13.33333,8.44444,13.77778,8.88889],"rotation":180,"texture":"#0"},"down":{"uv":[13.33333,10.66667,13.77778,11.11111],"texture":"#0"}}},{"from":[7.6925,19.0503,7.28284],"to":[8.2925,20.4503,8.68284],"rotation":{"angle":-45,"axis":"x","origin":[7.9925,19.7503,7.98284]},"faces":{"north":{"uv":[12.44444,2.66667,13.11111,3.33333],"texture":"#0"},"east":{"uv":[12.44444,3.55556,13.11111,4.22222],"texture":"#0"},"south":{"uv":[12.44444,4.44444,13.11111,5.11111],"texture":"#0"},"west":{"uv":[12.44444,1.77778,13.11111,2.44444],"texture":"#0"},"up":{"uv":[13.11111,6,12.44444,5.33333],"rotation":270,"texture":"#0"},"down":{"uv":[13.11111,6.22222,12.44444,6.88889],"rotation":90,"texture":"#0"}}},{"from":[7.9925,-7.94751,2.4],"to":[8.0225,28.17249,13.6],"rotation":{"angle":0,"axis":"y","origin":[8,8,8]},"faces":{"north":{"uv":[0,0,0,16],"texture":"#0"},"east":{"uv":[5.33333,0,10.33333,16],"texture":"#0"},"south":{"uv":[0,0,0,16],"texture":"#0"},"west":{"uv":[0,0,5,16],"texture":"#0"},"up":{"uv":[5,0,0,0],"rotation":270,"texture":"#0"},"down":{"uv":[5,0,0,0],"rotation":90,"texture":"#0"}}}],"gui_light":"front","display":{"thirdperson_righthand":{"translation":[0,0.75,1],"scale":[1.4,1.4,1.4]},"thirdperson_lefthand":{"translation":[0,0.75,1],"scale":[1.4,1.4,1.4]},"firstperson_righthand":{"rotation":[0,-10,0],"translation":[3,0,0]},"firstperson_lefthand":{"rotation":[0,-10,0],"translation":[3,0,0]},"ground":{"rotation":[0,0,-45],"translation":[0,6,0]},"gui":{"rotation":[-90,-45,-90],"translation":[-0.75,-0.75,0],"scale":[0.6,0.6,0.6]},"head":{"translation":[0,8.75,0],"scale":[0,0,0]},"fixed":{"rotation":[0,-90,0],"translation":[0,1.75,-1],"scale":[2,2,2]}}}