{"credit":"Made with Blockbench","texture_size":[28,28],"textures":{"2":"lunaria_pack:wlunaria_axe/wlunaria_axe_1"},"elements":[{"from":[7.3,11.15294,11.15495],"to":[8.7,12.55294,12.55495],"rotation":{"angle":-45,"axis":"x","origin":[8,8,8]},"faces":{"north":{"uv":[11.14286,10.85714,10.28571,11.71429],"texture":"#2"},"east":{"uv":[10,10.85714,9.14286,11.71429],"texture":"#2"},"south":{"uv":[10,12,9.14286,12.85714],"texture":"#2"},"west":{"uv":[12.28571,10.85714,11.42857,11.71429],"texture":"#2"},"up":{"uv":[10.28571,12.85714,11.14286,12],"rotation":90,"texture":"#2"},"down":{"uv":[11.42857,12,12.28571,12.85714],"rotation":270,"texture":"#2"}}},{"from":[7.5,8.0497,7.49858],"to":[8.5,11.0497,8.49858],"rotation":{"angle":0,"axis":"y","origin":[8,8,8]},"faces":{"north":{"uv":[3.42857,10.85714,2.85714,12.57143],"texture":"#2"},"east":{"uv":[2.85714,10.85714,2.28571,12.57143],"texture":"#2"},"south":{"uv":[4.57143,10.85714,4,12.57143],"texture":"#2"},"west":{"uv":[4,10.85714,3.42857,12.57143],"texture":"#2"},"up":{"uv":[12.57143,11.42857,13.14286,10.85714],"rotation":90,"texture":"#2"},"down":{"uv":[12.57143,11.42857,13.14286,12],"rotation":270,"texture":"#2"}}},{"from":[7.5,1.0497,7.49858],"to":[8.5,4.0497,8.49858],"rotation":{"angle":0,"axis":"y","origin":[8,8,8]},"faces":{"north":{"uv":[8,10.85714,7.42857,12.57143],"texture":"#2"},"east":{"uv":[7.42857,10.85714,6.85714,12.57143],"texture":"#2"},"south":{"uv":[9.14286,10.85714,8.57143,12.57143],"texture":"#2"},"west":{"uv":[8.57143,10.85714,8,12.57143],"texture":"#2"},"up":{"uv":[12.57143,12.57143,13.14286,12],"rotation":90,"texture":"#2"},"down":{"uv":[12.57143,12.57143,13.14286,13.14286],"rotation":270,"texture":"#2"}}},{"from":[7.5,10.8497,7.49858],"to":[8.5,13.8497,8.49858],"rotation":{"angle":0,"axis":"y","origin":[8,8,8]},"faces":{"north":{"uv":[5.71429,10.85714,5.14286,12.57143],"texture":"#2"},"east":{"uv":[5.14286,10.85714,4.57143,12.57143],"texture":"#2"},"south":{"uv":[6.85714,10.85714,6.28571,12.57143],"texture":"#2"},"west":{"uv":[6.28571,10.85714,5.71429,12.57143],"texture":"#2"}}},{"from":[7.6,1.0497,7.59858],"to":[8.4,8.0497,8.39858],"rotation":{"angle":0,"axis":"y","origin":[8,8,8]},"faces":{"north":{"uv":[1,10.85714,0.57143,14.85714],"texture":"#2"},"east":{"uv":[0.42857,10.85714,0,14.85714],"texture":"#2"},"south":{"uv":[2.14286,10.85714,1.71429,14.85714],"texture":"#2"},"west":{"uv":[1.57143,10.85714,1.14286,14.85714],"texture":"#2"}}},{"from":[7.4,9.54785,5.25416],"to":[8.6,10.74785,6.45416],"rotation":{"angle":45,"axis":"x","origin":[8,8,8]},"faces":{"north":{"uv":[4.14286,12.57143,3.42857,13.28571],"texture":"#2"},"east":{"uv":[3,12.57143,2.28571,13.28571],"texture":"#2"},"south":{"uv":[6.42857,12.57143,5.71429,13.28571],"texture":"#2"},"west":{"uv":[5.28571,12.57143,4.57143,13.28571],"texture":"#2"},"up":{"uv":[6.85714,13.28571,7.57143,12.57143],"rotation":90,"texture":"#2"},"down":{"uv":[8,12.57143,8.71429,13.28571],"rotation":270,"texture":"#2"}}},{"from":[7.985,-1.5,2],"to":[8.015,17.5,14],"rotation":{"angle":0,"axis":"y","origin":[8,8,8]},"faces":{"east":{"uv":[6.85714,0,0,10.85714],"texture":"#2"},"west":{"uv":[13.71429,0,6.85714,10.85714],"texture":"#2"}}}],"gui_light":"front","display":{"thirdperson_righthand":{"translation":[0,1,0.75],"scale":[1.5,1.5,1.5]},"thirdperson_lefthand":{"translation":[0,1,0.75],"scale":[1.5,1.5,1.5]},"firstperson_righthand":{"rotation":[0,10,0],"translation":[3,4,0]},"firstperson_lefthand":{"rotation":[0,10,0],"translation":[3,4,0]},"ground":{"rotation":[0,0,-45],"translation":[0,6,0]},"gui":{"rotation":[90,45,-90],"translation":[0.25,-0.5,0]},"head":{"translation":[0,8.75,0],"scale":[0,0,0]},"fixed":{"rotation":[0,-89.75,0],"translation":[0,1.75,-1],"scale":[2,2,2]}}}