{"credit":"Made by PolygonMC","texture_size":[40,40],"textures":{"0":"fairyset:helmet","particle":"fairyset:helmet"},"elements":[{"from":[12,2.6875,4],"to":[13,4.6875,14],"rotation":{"angle":0,"axis":"y","origin":[13,2.6875,6]},"faces":{"north":{"uv":[8.8,12.4,9.2,13.2],"texture":"#0","tintindex":0},"east":{"uv":[8.8,1.6,12.8,2.4],"texture":"#0","tintindex":0},"south":{"uv":[10.8,12.4,11.2,13.2],"texture":"#0","tintindex":0},"west":{"uv":[8.8,2.4,12.8,3.2],"texture":"#0","tintindex":0},"up":{"uv":[10,14.4,9.6,10.4],"texture":"#0","tintindex":0},"down":{"uv":[10.4,10.4,10,14.4],"texture":"#0","tintindex":0}}},{"from":[12,4.6875,7],"to":[13,8.6875,14],"rotation":{"angle":0,"axis":"y","origin":[13,4.6875,6]},"faces":{"north":{"uv":[9.2,11.6,9.6,13.2],"texture":"#0","tintindex":0},"east":{"uv":[8.4,8,11.2,9.6],"texture":"#0","tintindex":0},"south":{"uv":[4,12,4.4,13.6],"texture":"#0","tintindex":0},"west":{"uv":[8.8,0,11.6,1.6],"texture":"#0","tintindex":0}}},{"from":[12,8.6875,4],"to":[13,10.6875,14],"rotation":{"angle":0,"axis":"y","origin":[13,8.6875,6]},"faces":{"north":{"uv":[11.2,12.4,11.6,13.2],"texture":"#0","tintindex":0},"east":{"uv":[8.8,3.2,12.8,4],"texture":"#0","tintindex":0},"south":{"uv":[11.6,12.4,12,13.2],"texture":"#0","tintindex":0},"west":{"uv":[8.4,9.6,12.4,10.4],"texture":"#0","tintindex":0},"down":{"uv":[10.8,10.4,10.4,14.4],"texture":"#0","tintindex":0}}},{"from":[12.5,6.6875,4.5],"to":[12.5,8.6875,7],"rotation":{"angle":0,"axis":"y","origin":[13,8.6875,6]},"faces":{"east":{"uv":[13.6,8.8,14.6,9.6],"texture":"#0","tintindex":0},"west":{"uv":[14.6,8.8,13.6,9.6],"texture":"#0","tintindex":0}}},{"from":[8.501,6.6875,4.5],"to":[12.501,9.6875,4.5],"rotation":{"angle":0,"axis":"y","origin":[11.251,7.6875,4.5]},"faces":{"north":{"uv":[13.2,7.2,14.8,8.4],"texture":"#0","tintindex":0},"south":{"uv":[14.8,7.2,13.2,8.4],"texture":"#0","tintindex":0}}},{"from":[9.001,2.6875,4.5],"to":[12.501,5.6875,4.5],"rotation":{"angle":0,"axis":"y","origin":[11.251,7.6875,4.5]},"faces":{"north":{"uv":[13.2,5.8,14.6,7],"texture":"#0","tintindex":0},"south":{"uv":[14.6,5.8,13.2,7],"texture":"#0","tintindex":0}}},{"from":[3.499,2.6875,4.5],"to":[6.999,5.6875,4.5],"rotation":{"angle":0,"axis":"y","origin":[4.749,7.6875,4.5]},"faces":{"north":{"uv":[14.6,5.8,13.2,7],"texture":"#0","tintindex":0},"south":{"uv":[13.2,5.8,14.6,7],"texture":"#0","tintindex":0}}},{"from":[3.5,6.6875,4.5],"to":[3.5,8.6875,7],"rotation":{"angle":0,"axis":"y","origin":[3,8.6875,6]},"faces":{"east":{"uv":[13.6,8.8,14.6,9.6],"texture":"#0","tintindex":0},"west":{"uv":[14.6,8.8,13.6,9.6],"texture":"#0","tintindex":0}}},{"from":[3.499,6.6875,4.5],"to":[7.499,9.6875,4.5],"rotation":{"angle":0,"axis":"y","origin":[4.749,7.6875,4.5]},"faces":{"north":{"uv":[14.8,7.2,13.2,8.4],"texture":"#0","tintindex":0},"south":{"uv":[13.2,7.2,14.8,8.4],"texture":"#0","tintindex":0}}},{"from":[10,8.6875,4],"to":[12,10.6875,5],"rotation":{"angle":0,"axis":"y","origin":[12,8.6875,6]},"faces":{"north":{"uv":[4.4,12,5.2,12.8],"texture":"#0","tintindex":0},"south":{"uv":[12,11.2,12.8,12],"texture":"#0","tintindex":0},"west":{"uv":[12,12.4,12.4,13.2],"texture":"#0","tintindex":0},"down":{"uv":[13.2,10,12.4,10.4],"texture":"#0","tintindex":0}}},{"from":[6,9.6875,4],"to":[10,10.6875,5],"rotation":{"angle":0,"axis":"y","origin":[10,8.6875,6]},"faces":{"north":{"uv":[11.2,9.2,12.8,9.6],"texture":"#0","tintindex":0},"south":{"uv":[12,12,13.6,12.4],"texture":"#0","tintindex":0},"down":{"uv":[6.8,12.4,5.2,12.8],"texture":"#0","tintindex":0}}},{"from":[3,10.6875,4],"to":[13,11.6875,14],"rotation":{"angle":0,"axis":"y","origin":[13,10.6875,6]},"faces":{"north":{"uv":[10.4,4.8,14.4,5.2],"texture":"#0","tintindex":0},"east":{"uv":[10.4,5.2,14.4,5.6],"texture":"#0","tintindex":0},"south":{"uv":[10.8,10.4,14.8,10.8],"texture":"#0","tintindex":0},"west":{"uv":[10.8,10.8,14.8,11.2],"texture":"#0","tintindex":0},"up":{"uv":[4,4,0,0],"texture":"#0","tintindex":0},"down":{"uv":[4,4,0,8],"texture":"#0","tintindex":0}}},{"from":[6,11.6875,4],"to":[10,12.9375,14],"rotation":{"angle":0,"axis":"y","origin":[13,11.6875,6]},"faces":{"north":{"uv":[11.6,0,13.2,0.6],"texture":"#0","tintindex":0},"east":{"uv":[3.6,10.4,7.6,11],"texture":"#0","tintindex":0},"south":{"uv":[11.6,0.8,13.2,1.4],"texture":"#0","tintindex":0},"west":{"uv":[0,15,4,15.6],"texture":"#0","tintindex":0},"up":{"uv":[8.4,10.4,6.8,6.4],"texture":"#0","tintindex":0},"down":{"uv":[8.8,0,7.2,4],"texture":"#0","tintindex":0}}},{"from":[9.675,10.9375,4.25],"to":[12.675,12.4375,13.75],"rotation":{"angle":-22.5,"axis":"z","origin":[10.75,11.9375,9]},"faces":{"north":{"uv":[6.8,11.6,8,12.2],"texture":"#0","tintindex":0},"south":{"uv":[8,11.6,9.2,12.2],"texture":"#0","tintindex":0},"up":{"uv":[3.6,11.8,2.4,8],"texture":"#0","tintindex":0}}},{"from":[3.325,10.9375,4.25],"to":[6.325,12.4375,13.75],"rotation":{"angle":22.5,"axis":"z","origin":[5.25,11.9375,9]},"faces":{"north":{"uv":[8,11.6,6.8,12.2],"texture":"#0","tintindex":0},"south":{"uv":[9.2,11.6,8,12.2],"texture":"#0","tintindex":0},"up":{"uv":[2.4,11.8,3.6,8],"texture":"#0","tintindex":0}}},{"from":[10,2.6875,4],"to":[12,4.6875,5],"rotation":{"angle":0,"axis":"y","origin":[12,2.6875,4]},"faces":{"north":{"uv":[2.4,12,3.2,12.8],"texture":"#0","tintindex":0},"south":{"uv":[3.2,12,4,12.8],"texture":"#0","tintindex":0},"west":{"uv":[3.6,8,4,8.8],"texture":"#0","tintindex":0},"up":{"uv":[7.6,11.6,6.8,11.2],"texture":"#0","tintindex":0},"down":{"uv":[13.2,9.6,12.4,10],"texture":"#0","tintindex":0}}},{"from":[4,2.6875,13],"to":[12,10.6875,14],"rotation":{"angle":0,"axis":"y","origin":[12,2.6875,13]},"faces":{"north":{"uv":[4,0,7.2,3.2],"texture":"#0","tintindex":0},"south":{"uv":[4,3.2,7.2,6.4],"texture":"#0","tintindex":0},"down":{"uv":[6.8,10,3.6,10.4],"texture":"#0","tintindex":0}}},{"from":[13,5.6875,9],"to":[14,8.1875,11.5],"rotation":{"angle":-22.5,"axis":"x","origin":[13.5,6.6875,10]},"faces":{"north":{"uv":[7.6,12.4,8,13.4],"texture":"#0","tintindex":0},"east":{"uv":[5.6,8.8,6.6,9.8],"texture":"#0","tintindex":0},"south":{"uv":[8,12.4,8.4,13.4],"texture":"#0","tintindex":0},"west":{"uv":[5.6,11.2,6.6,12.2],"texture":"#0","tintindex":0},"up":{"uv":[12.8,9,12.4,8],"texture":"#0","tintindex":0},"down":{"uv":[8.8,12.4,8.4,13.4],"texture":"#0","tintindex":0}}},{"from":[4,8.6875,4],"to":[6,10.6875,5],"rotation":{"angle":0,"axis":"y","origin":[4,8.6875,6]},"faces":{"north":{"uv":[5.2,12,4.4,12.8],"texture":"#0","tintindex":0},"east":{"uv":[12.4,12.4,12,13.2],"texture":"#0","tintindex":0},"south":{"uv":[12.8,11.2,12,12],"texture":"#0","tintindex":0},"down":{"uv":[12.4,10,13.2,10.4],"texture":"#0","tintindex":0}}},{"from":[3,8.6875,4],"to":[4,10.6875,14],"rotation":{"angle":0,"axis":"y","origin":[3,8.6875,6]},"faces":{"north":{"uv":[11.6,12.4,11.2,13.2],"texture":"#0","tintindex":0},"east":{"uv":[12.4,9.6,8.4,10.4],"texture":"#0","tintindex":0},"south":{"uv":[12,12.4,11.6,13.2],"texture":"#0","tintindex":0},"west":{"uv":[12.8,3.2,8.8,4],"texture":"#0","tintindex":0},"down":{"uv":[10.4,10.4,10.8,14.4],"texture":"#0","tintindex":0}}},{"from":[3,4.6875,7],"to":[4,8.6875,14],"rotation":{"angle":0,"axis":"y","origin":[3,4.6875,6]},"faces":{"north":{"uv":[9.6,11.6,9.2,13.2],"texture":"#0","tintindex":0},"east":{"uv":[11.6,0,8.8,1.6],"texture":"#0","tintindex":0},"south":{"uv":[4.4,12,4,13.6],"texture":"#0","tintindex":0},"west":{"uv":[11.2,8,8.4,9.6],"texture":"#0","tintindex":0}}},{"from":[2,5.6875,9],"to":[3,8.1875,11.5],"rotation":{"angle":-22.5,"axis":"x","origin":[2.5,6.6875,10]},"faces":{"north":{"uv":[8,12.4,7.6,13.4],"texture":"#0","tintindex":0},"east":{"uv":[6.6,11.2,5.6,12.2],"texture":"#0","tintindex":0},"south":{"uv":[8.4,12.4,8,13.4],"texture":"#0","tintindex":0},"west":{"uv":[6.6,8.8,5.6,9.8],"texture":"#0","tintindex":0},"up":{"uv":[12.4,9,12.8,8],"texture":"#0","tintindex":0},"down":{"uv":[8.4,12.4,8.8,13.4],"texture":"#0","tintindex":0}}},{"from":[3,2.6875,4],"to":[4,4.6875,14],"rotation":{"angle":0,"axis":"y","origin":[3,2.6875,6]},"faces":{"north":{"uv":[9.2,12.4,8.8,13.2],"texture":"#0","tintindex":0},"east":{"uv":[12.8,2.4,8.8,3.2],"texture":"#0","tintindex":0},"south":{"uv":[11.2,12.4,10.8,13.2],"texture":"#0","tintindex":0},"west":{"uv":[12.8,1.6,8.8,2.4],"texture":"#0","tintindex":0},"up":{"uv":[9.6,14.4,10,10.4],"texture":"#0","tintindex":0},"down":{"uv":[10,10.4,10.4,14.4],"texture":"#0","tintindex":0}}},{"from":[4,2.6875,4],"to":[6,4.6875,5],"rotation":{"angle":0,"axis":"y","origin":[4,2.6875,4]},"faces":{"north":{"uv":[3.2,12,2.4,12.8],"texture":"#0","tintindex":0},"east":{"uv":[4,8,3.6,8.8],"texture":"#0","tintindex":0},"south":{"uv":[4,12,3.2,12.8],"texture":"#0","tintindex":0},"up":{"uv":[6.8,11.6,7.6,11.2],"texture":"#0","tintindex":0},"down":{"uv":[12.4,9.6,13.2,10],"texture":"#0","tintindex":0}}},{"from":[3.5,6.6875,4.5],"to":[3.5,8.6875,7],"rotation":{"angle":0,"axis":"y","origin":[3,8.6875,6]},"faces":{"east":{"uv":[7.2,5.6,8.2,6.4],"texture":"#0","tintindex":0},"west":{"uv":[8.2,5.6,7.2,6.4],"texture":"#0","tintindex":0}}},{"from":[13.5,3.6875,2],"to":[13.53,7.6875,10],"rotation":{"angle":-22.5,"axis":"x","origin":[13.5,7.6875,10]},"faces":{"east":{"uv":[4.2,14,7.4,15.6],"texture":"#0","tintindex":0},"west":{"uv":[7.4,14,4.2,15.6],"texture":"#0","tintindex":0}}},{"from":[2.47,3.6875,2],"to":[2.5,7.6875,10],"rotation":{"angle":-22.5,"axis":"x","origin":[2.5,7.6875,10]},"faces":{"east":{"uv":[4.2,14,7.4,15.6],"texture":"#0","tintindex":0},"west":{"uv":[7.4,14,4.2,15.6],"texture":"#0","tintindex":0}}},{"from":[1.22,6.87465,9.96821],"to":[1.25,12.87465,16.96821],"rotation":{"angle":-22.5,"axis":"y","origin":[1.235,9.87465,13.46821]},"faces":{"east":{"uv":[13.2,1.6,16,4],"texture":"#0","tintindex":0},"west":{"uv":[16,1.6,13.2,4],"texture":"#0","tintindex":0}}},{"from":[14.75,6.87465,9.96821],"to":[14.78,12.87465,16.96821],"rotation":{"angle":22.5,"axis":"y","origin":[14.765,9.87465,13.46821]},"faces":{"east":{"uv":[13.2,1.6,16,4],"texture":"#0","tintindex":0},"west":{"uv":[16,1.6,13.2,4],"texture":"#0","tintindex":0}}},{"from":[6.75,10.4375,3],"to":[9.25,12.9375,14.5],"rotation":{"angle":-45,"axis":"z","origin":[8,11.6875,0.5]},"faces":{"north":{"uv":[11.2,8,12.2,9],"texture":"#0","tintindex":0},"east":{"uv":[8.4,5.6,13,6.6],"texture":"#0","tintindex":0},"south":{"uv":[10.8,11.2,11.8,12.2],"texture":"#0","tintindex":0},"west":{"uv":[8.4,6.8,13,7.8],"texture":"#0","tintindex":0},"up":{"uv":[1,12.6,0,8],"texture":"#0","tintindex":0},"down":{"uv":[2.2,8,1.2,12.6],"texture":"#0","tintindex":0}}},{"from":[7,10.6875,2.5],"to":[9,12.6875,3],"rotation":{"angle":-45,"axis":"z","origin":[8,11.6875,0.5]},"faces":{"north":{"uv":[6.8,12.4,7.6,13.2],"texture":"#0","tintindex":0},"east":{"uv":[12.4,12.4,12.6,13.2],"texture":"#0","tintindex":0},"west":{"uv":[0,12.8,0.2,13.6],"texture":"#0","tintindex":0},"up":{"uv":[1.2,13,0.4,12.8],"texture":"#0","tintindex":0},"down":{"uv":[2,12.8,1.2,13],"texture":"#0","tintindex":0}}},{"from":[9.45,10.6875,3.475],"to":[14.45,12.6875,3.505],"rotation":{"angle":22.5,"axis":"z","origin":[11.2,10.9375,3.75]},"faces":{"north":{"uv":[0,13.8,2,14.6],"texture":"#0","tintindex":0},"south":{"uv":[2,13.8,0,14.6],"texture":"#0","tintindex":0}}},{"from":[1.55,10.6875,3.475],"to":[6.55,12.6875,3.505],"rotation":{"angle":-22.5,"axis":"z","origin":[4.8,10.9375,3.75]},"faces":{"north":{"uv":[2,13.8,0,14.6],"texture":"#0","tintindex":0},"south":{"uv":[0,13.8,2,14.6],"texture":"#0","tintindex":0}}}],"gui_light":"front","display":{"thirdperson_righthand":{"rotation":[44.75,0,0],"translation":[0,3.25,0],"scale":[0.58594,0.58594,0.58594]},"thirdperson_lefthand":{"rotation":[44.75,0,0],"translation":[0,3.25,0],"scale":[0.58594,0.58594,0.58594]},"firstperson_righthand":{"rotation":[156.25,0,180],"translation":[-0.5,4.75,0]},"firstperson_lefthand":{"rotation":[156.25,0,180],"translation":[-0.5,4.75,0]},"ground":{"rotation":[25,0,0],"translation":[0,7.25,0]},"gui":{"rotation":[0,147,0],"translation":[-0.75,0,0],"scale":[1.06055,1.06055,1.06055]},"head":{"translation":[0,1.75,-1.5],"scale":[1.57617,1.57617,1.57617]},"fixed":{"rotation":[-90,0,0],"translation":[0,-2.25,-14],"scale":[2.22852,2.22852,2.22852]}}}