{"credit":"Made with Blockbench","texture_size":[28,28],"textures":{"4":"lunaria_pack:wlunaria_hoe/wlunaria_hoe_1","particle":"lunaria_pack:wlunaria_hoe/wlunaria_hoe_1"},"elements":[{"from":[7.3,12.7503,7.30142],"to":[8.7,14.1503,8.70142],"rotation":{"angle":-45,"axis":"x","origin":[8,13.4503,8.00142]},"faces":{"north":{"uv":[10.28571,10.85714,11.14286,11.71429],"texture":"#4"},"east":{"uv":[11.42857,10.85714,12.28571,11.71429],"texture":"#4"},"south":{"uv":[9.14286,12,10,12.85714],"texture":"#4"},"west":{"uv":[9.14286,10.85714,10,11.71429],"texture":"#4"},"up":{"uv":[11.14286,12.85714,10.28571,12],"rotation":270,"texture":"#4"},"down":{"uv":[12.28571,12,11.42857,12.85714],"rotation":90,"texture":"#4"}}},{"from":[7.5,8.0497,7.49858],"to":[8.5,11.0497,8.49858],"rotation":{"angle":0,"axis":"y","origin":[8,8,8]},"faces":{"north":{"uv":[2.85714,10.85714,3.42857,12.57143],"texture":"#4"},"east":{"uv":[3.42857,10.85714,4,12.57143],"texture":"#4"},"south":{"uv":[4,10.85714,4.57143,12.57143],"texture":"#4"},"west":{"uv":[2.28571,10.85714,2.85714,12.57143],"texture":"#4"},"up":{"uv":[13.14286,11.42857,12.57143,10.85714],"rotation":270,"texture":"#4"},"down":{"uv":[13.14286,11.42857,12.57143,12],"rotation":90,"texture":"#4"}}},{"from":[7.5,1.0497,7.49858],"to":[8.5,4.0497,8.49858],"rotation":{"angle":0,"axis":"y","origin":[8,8,8]},"faces":{"north":{"uv":[7.42857,10.85714,8,12.57143],"texture":"#4"},"east":{"uv":[8,10.85714,8.57143,12.57143],"texture":"#4"},"south":{"uv":[8.57143,10.85714,9.14286,12.57143],"texture":"#4"},"west":{"uv":[6.85714,10.85714,7.42857,12.57143],"texture":"#4"},"up":{"uv":[13.14286,12.57143,12.57143,12],"rotation":270,"texture":"#4"},"down":{"uv":[13.14286,12.57143,12.57143,13.14286],"rotation":90,"texture":"#4"}}},{"from":[7.5,10.8497,7.49858],"to":[8.5,13.8497,8.49858],"rotation":{"angle":0,"axis":"y","origin":[8,8,8]},"faces":{"north":{"uv":[5.14286,10.85714,5.71429,12.57143],"texture":"#4"},"east":{"uv":[5.71429,10.85714,6.28571,12.57143],"texture":"#4"},"south":{"uv":[6.28571,10.85714,6.85714,12.57143],"texture":"#4"},"west":{"uv":[4.57143,10.85714,5.14286,12.57143],"texture":"#4"}}},{"from":[7.6,1.0497,7.59858],"to":[8.4,8.0497,8.39858],"rotation":{"angle":0,"axis":"y","origin":[8,8,8]},"faces":{"north":{"uv":[0.57143,10.85714,1,14.85714],"texture":"#4"},"east":{"uv":[1.14286,10.85714,1.57143,14.85714],"texture":"#4"},"south":{"uv":[1.71429,10.85714,2.14286,14.85714],"texture":"#4"},"west":{"uv":[0,10.85714,0.42857,14.85714],"texture":"#4"}}},{"from":[7.4,10.43609,7.40142],"to":[8.6,11.63609,8.60142],"rotation":{"angle":-45,"axis":"x","origin":[8,11.03609,8.00142]},"faces":{"north":{"uv":[8.71429,12.57143,8,13.28571],"rotation":270,"texture":"#4"},"east":{"uv":[4.57143,12.57143,5.28571,13.28571],"rotation":270,"texture":"#4"},"south":{"uv":[7.57143,13.28571,6.85714,12.57143],"rotation":270,"texture":"#4"},"west":{"uv":[2.28571,12.57143,3,13.28571],"rotation":90,"texture":"#4"},"up":{"uv":[3.42857,12.57143,4.14286,13.28571],"rotation":180,"texture":"#4"},"down":{"uv":[5.71429,12.57143,6.42857,13.28571],"texture":"#4"}}},{"from":[7.985,-1.5,2],"to":[8.015,17.5,14],"rotation":{"angle":0,"axis":"y","origin":[8,8,8]},"faces":{"east":{"uv":[6.85714,0,13.71429,10.85714],"texture":"#4"},"west":{"uv":[0,0,6.85714,10.85714],"texture":"#4"}}}],"gui_light":"front","display":{"thirdperson_righthand":{"translation":[0,1,0.75],"scale":[1.5,1.5,1.5]},"thirdperson_lefthand":{"translation":[0,1,0.75],"scale":[1.5,1.5,1.5]},"firstperson_righthand":{"rotation":[0,10,0],"translation":[3,4,0]},"firstperson_lefthand":{"rotation":[0,10,0],"translation":[3,4,0]},"ground":{"rotation":[0,0,-45],"translation":[0,6.25,0]},"gui":{"rotation":[90,45,-90],"translation":[0.25,0.5,0]},"head":{"translation":[0,8.75,0],"scale":[0,0,0]},"fixed":{"rotation":[0,-89.75,0],"translation":[0,1.75,-1],"scale":[2,2,2]}}}