{"credit":"Made by PolygonMC","texture_size":[24,24],"textures":{"0":"littledragonset:wings","1":"littledragonset:animations/animations_wings","particle":"littledragonset:wings"},"elements":[{"from":[6.5,6.5,7],"to":[9.5,9.5,9],"rotation":{"angle":-45,"axis":"z","origin":[8,8,8]},"faces":{"north":{"uv":[0,0,3,3],"texture":"#0","tintindex":0},"east":{"uv":[3,0,5,3],"texture":"#0","tintindex":0},"south":{"uv":[0,3,3,6],"texture":"#0","tintindex":0},"west":{"uv":[3,3,5,6],"texture":"#0","tintindex":0},"up":{"uv":[8,2,5,0],"texture":"#0","tintindex":0},"down":{"uv":[8,2,5,4],"texture":"#0","tintindex":0}}},{"from":[7,7,6.5],"to":[9,9,9.5],"rotation":{"angle":-45,"axis":"z","origin":[8,8,8]},"faces":{"north":{"uv":[8,4,10,6],"texture":"#0","tintindex":0},"east":{"uv":[5,4,8,6],"texture":"#0","tintindex":0},"south":{"uv":[7,8,9,10],"texture":"#0","tintindex":0},"west":{"uv":[0,6,3,8],"texture":"#0","tintindex":0},"up":{"uv":[5,9,3,6],"texture":"#0","tintindex":0},"down":{"uv":[7,6,5,9],"texture":"#0","tintindex":0}}},{"from":[9.5,7.5,7.25],"to":[12.5,9,8.75],"rotation":{"angle":22.5,"axis":"z","origin":[9.5,7.25,7]},"faces":{"north":{"uv":[7,6,10,7.5],"texture":"#0","tintindex":0},"east":{"uv":[3,10,4.5,11.5],"texture":"#0","tintindex":0},"south":{"uv":[0,8,3,9.5],"texture":"#0","tintindex":0},"up":{"uv":[11,1.5,8,0],"texture":"#0","tintindex":0},"down":{"uv":[11,2,8,3.5],"texture":"#0","tintindex":0}}},{"from":[11.2013,9.55501,7.385],"to":[13.6613,10.78501,8.615],"rotation":{"angle":45,"axis":"z","origin":[12.7063,10.22001,8]},"faces":{"north":{"uv":[3,9,5.5,10],"texture":"#0","tintindex":0},"east":{"uv":[0,11,1,12],"texture":"#0","tintindex":0},"south":{"uv":[9,8,11.5,9],"texture":"#0","tintindex":0},"up":{"uv":[11.5,10,9,9],"texture":"#0","tintindex":0},"down":{"uv":[2.5,10,0,11],"texture":"#0","tintindex":0}}},{"from":[13.31233,10.58779,7.508],"to":[14.29633,12.55579,8.492],"rotation":{"angle":-22.5,"axis":"z","origin":[13.75433,11.79679,8]},"faces":{"north":{"uv":[6,9,7,11],"texture":"#0","tintindex":0},"east":{"uv":[10,4,11,6],"texture":"#0","tintindex":0},"south":{"uv":[5,10,6,12],"texture":"#0","tintindex":0},"west":{"uv":[10,6,11,8],"texture":"#0","tintindex":0},"up":{"uv":[12,1,11,0],"texture":"#0","tintindex":0}}},{"from":[13.71457,12.30066,7.60148],"to":[14.51161,13.89474,8.39852],"rotation":{"angle":0,"axis":"z","origin":[14.06309,13.2977,8]},"faces":{"north":{"uv":[7,10,8,11.5],"texture":"#0","tintindex":0},"east":{"uv":[8,10,9,11.5],"texture":"#0","tintindex":0},"south":{"uv":[9,10,10,11.5],"texture":"#0","tintindex":0},"west":{"uv":[10,10,11,11.5],"texture":"#0","tintindex":0},"up":{"uv":[2,12,1,11],"texture":"#0","tintindex":0}}},{"from":[13.54858,13.67394,7.68517],"to":[14.17824,14.93326,8.31483],"rotation":{"angle":22.5,"axis":"z","origin":[13.83841,14.4786,8]},"faces":{"north":{"uv":[11,1,11.5,2.5],"texture":"#0","tintindex":0},"east":{"uv":[2,11,2.5,12.5],"texture":"#0","tintindex":0},"south":{"uv":[11,3,11.5,4.5],"texture":"#0","tintindex":0},"west":{"uv":[11,5,11.5,6.5],"texture":"#0","tintindex":0},"up":{"uv":[0.5,12.5,0,12],"texture":"#0","tintindex":0}}},{"from":[12.95771,14.7715,7.75758],"to":[13.44255,15.74118,8.24242],"rotation":{"angle":45,"axis":"z","origin":[13.45013,15.48134,8]},"faces":{"north":{"uv":[6,11,6.5,12],"texture":"#0","tintindex":0},"east":{"uv":[11,7,11.5,8],"texture":"#0","tintindex":0},"south":{"uv":[11,10,11.5,11],"texture":"#0","tintindex":0},"west":{"uv":[11,11,11.5,12],"texture":"#0","tintindex":0},"up":{"uv":[12.5,0.5,12,0],"texture":"#0","tintindex":0}}},{"from":[3.5,7.5,7.25],"to":[6.5,9,8.75],"rotation":{"angle":-22.5,"axis":"z","origin":[6.5,7.25,7]},"faces":{"north":{"uv":[10,6,7,7.5],"texture":"#0","tintindex":0},"south":{"uv":[3,8,0,9.5],"texture":"#0","tintindex":0},"west":{"uv":[4.5,10,3,11.5],"texture":"#0","tintindex":0},"up":{"uv":[8,1.5,11,0],"texture":"#0","tintindex":0},"down":{"uv":[8,2,11,3.5],"texture":"#0","tintindex":0}}},{"from":[2.3387,9.55501,7.385],"to":[4.7987,10.78501,8.615],"rotation":{"angle":-45,"axis":"z","origin":[3.2937,10.22001,8]},"faces":{"north":{"uv":[5.5,9,3,10],"texture":"#0","tintindex":0},"south":{"uv":[11.5,8,9,9],"texture":"#0","tintindex":0},"west":{"uv":[1,11,0,12],"texture":"#0","tintindex":0},"up":{"uv":[9,10,11.5,9],"texture":"#0","tintindex":0},"down":{"uv":[0,10,2.5,11],"texture":"#0","tintindex":0}}},{"from":[1.70367,10.58779,7.508],"to":[2.68767,12.55579,8.492],"rotation":{"angle":22.5,"axis":"z","origin":[2.24567,11.79679,8]},"faces":{"north":{"uv":[7,9,6,11],"texture":"#0","tintindex":0},"east":{"uv":[11,6,10,8],"texture":"#0","tintindex":0},"south":{"uv":[6,10,5,12],"texture":"#0","tintindex":0},"west":{"uv":[11,4,10,6],"texture":"#0","tintindex":0},"up":{"uv":[11,1,12,0],"texture":"#0","tintindex":0}}},{"from":[1.48839,12.30066,7.60148],"to":[2.28543,13.89474,8.39852],"rotation":{"angle":0,"axis":"z","origin":[1.93691,13.2977,8]},"faces":{"north":{"uv":[8,10,7,11.5],"texture":"#0","tintindex":0},"east":{"uv":[11,10,10,11.5],"texture":"#0","tintindex":0},"south":{"uv":[10,10,9,11.5],"texture":"#0","tintindex":0},"west":{"uv":[9,10,8,11.5],"texture":"#0","tintindex":0},"up":{"uv":[1,12,2,11],"texture":"#0","tintindex":0}}},{"from":[1.82176,13.67394,7.68517],"to":[2.45142,14.93326,8.31483],"rotation":{"angle":-22.5,"axis":"z","origin":[2.16159,14.4786,8]},"faces":{"north":{"uv":[11.5,1,11,2.5],"texture":"#0","tintindex":0},"east":{"uv":[11.5,5,11,6.5],"texture":"#0","tintindex":0},"south":{"uv":[11.5,3,11,4.5],"texture":"#0","tintindex":0},"west":{"uv":[2.5,11,2,12.5],"texture":"#0","tintindex":0},"up":{"uv":[0,12.5,0.5,12],"texture":"#0","tintindex":0}}},{"from":[2.55745,14.7715,7.75758],"to":[3.04229,15.74118,8.24242],"rotation":{"angle":-45,"axis":"z","origin":[2.54987,15.48134,8]},"faces":{"north":{"uv":[6.5,11,6,12],"texture":"#0","tintindex":0},"east":{"uv":[11.5,11,11,12],"texture":"#0","tintindex":0},"south":{"uv":[11.5,10,11,11],"texture":"#0","tintindex":0},"west":{"uv":[11.5,7,11,8],"texture":"#0","tintindex":0},"up":{"uv":[12,0.5,12.5,0],"texture":"#0","tintindex":0}}},{"from":[9,3,7.985],"to":[31,18,8.015],"rotation":{"angle":0,"axis":"y","origin":[0,0,7.985]},"faces":{"north":{"uv":[0,0,14.66667,10],"texture":"#1","tintindex":0},"south":{"uv":[14.66667,0,0,10],"texture":"#1","tintindex":0}}},{"from":[-15,3,7.985],"to":[7,18,8.015],"rotation":{"angle":0,"axis":"y","origin":[16,0,7.985]},"faces":{"north":{"uv":[14.66667,0,0,10],"texture":"#1","tintindex":0},"south":{"uv":[0,0,14.66667,10],"texture":"#1","tintindex":0}}}],"gui_light":"front","display":{"thirdperson_righthand":{"rotation":[40.5,0,0],"scale":[0.63281,0.63281,0.63281]},"thirdperson_lefthand":{"rotation":[67,0,0],"translation":[-5.5,-8,9.75],"scale":[1.23438,1.23438,1.23438]},"firstperson_righthand":{"rotation":[-26,0,0],"scale":[0.57422,0.57422,0.57422]},"firstperson_lefthand":{"scale":[0,0,0]},"ground":{"rotation":[-45,0,0],"translation":[0,3.25,0]},"gui":{"translation":[0,-1,0],"scale":[0.41992,0.41992,0.41992]},"head":{"translation":[0,-62.25,8.5],"scale":[1.87305,1.87305,1.87305]},"fixed":{"translation":[0,-0.75,-2.5],"scale":[2.10352,2.10352,2.10352]}}}