{"textures":{"0":"block/dark_oak_planks","1":"block/black_concrete","2":"iavehicles:broomstick_dark_dead_bush","particle":"block/black_concrete"},"elements":[{"from":[1,8.25,7.5],"to":[15.5,9,8.25],"rotation":{"angle":0,"axis":"y","origin":[7.29841,8.81145,7.90264]},"faces":{"north":{"uv":[0,0,16,4],"texture":"#0"},"east":{"uv":[0,0,16,3],"texture":"#0"},"south":{"uv":[0,0,16,4],"texture":"#0"},"west":{"uv":[0,0,16,3],"texture":"#0"},"up":{"uv":[0,0,16,4],"texture":"#0"},"down":{"uv":[0,0,16,4],"texture":"#0"}}},{"from":[-5.4,7.8,7.6],"to":[3.4,8.55,8.15],"rotation":{"angle":0,"axis":"y","origin":[7.29841,8.81145,7.90264]},"faces":{"north":{"uv":[0,0,16,4],"texture":"#0"},"east":{"uv":[0,0,16,3],"texture":"#0"},"south":{"uv":[0,0,16,4],"texture":"#0"},"west":{"uv":[0,0,16,3],"texture":"#0"},"up":{"uv":[0,0,16,4],"texture":"#0"},"down":{"uv":[0,0,16,4],"texture":"#0"}}},{"from":[6.95,8.9,7.65],"to":[9.75,9.1,8.2],"rotation":{"angle":0,"axis":"y","origin":[7.29841,8.81145,7.90264]},"faces":{"north":{"uv":[0,0,16,16],"texture":"#1"},"east":{"uv":[0,0,16,16],"texture":"#1"},"south":{"uv":[0,0,16,16],"texture":"#1"},"west":{"uv":[0,0,16,16],"texture":"#1"},"up":{"uv":[0,0,16,16],"texture":"#1"},"down":{"uv":[0,0,16,16],"texture":"#1"}}},{"from":[15.8729,5.80784,7.9],"to":[25.4729,11.10784,8],"rotation":{"angle":0,"axis":"z","origin":[17.49037,13.01747,7.49219]},"faces":{"north":{"uv":[0,0,16,16],"rotation":270,"texture":"#2"},"east":{"uv":[0,0,1,16],"rotation":270,"texture":"#2"},"south":{"uv":[2,0,16,16],"rotation":90,"texture":"#2"},"west":{"uv":[0,0,1,16],"rotation":270,"texture":"#2"},"up":{"uv":[0,0,1,16],"rotation":270,"texture":"#2"},"down":{"uv":[0,0,1,16],"rotation":270,"texture":"#2"}}},{"from":[15.8729,5.80784,7.9],"to":[25.4729,11.10784,8],"rotation":{"angle":-22.5,"axis":"x","origin":[18.1719,8.4758,7.88308]},"faces":{"north":{"uv":[0,0,16,16],"rotation":270,"texture":"#2"},"east":{"uv":[0,0,1,16],"rotation":270,"texture":"#2"},"south":{"uv":[2,0,16,16],"rotation":90,"texture":"#2"},"west":{"uv":[0,0,1,16],"rotation":270,"texture":"#2"},"up":{"uv":[0,0,1,16],"rotation":270,"texture":"#2"},"down":{"uv":[0,0,1,16],"rotation":270,"texture":"#2"}}},{"from":[14.8729,5.80784,7.9],"to":[24.4729,11.10784,8],"rotation":{"angle":-45,"axis":"x","origin":[18.1719,8.4758,7.88308]},"faces":{"north":{"uv":[0,0,16,16],"rotation":270,"texture":"#2"},"east":{"uv":[0,0,1,16],"rotation":270,"texture":"#2"},"south":{"uv":[2,0,16,16],"rotation":90,"texture":"#2"},"west":{"uv":[0,0,1,16],"rotation":270,"texture":"#2"},"up":{"uv":[0,0,1,16],"rotation":270,"texture":"#2"},"down":{"uv":[0,0,1,16],"rotation":270,"texture":"#2"}}},{"from":[14.8729,8.49272,5.25104],"to":[24.4729,8.59272,10.55104],"rotation":{"angle":22.5,"axis":"x","origin":[18.1719,8.4758,7.88308]},"faces":{"north":{"uv":[0,0,1,16],"rotation":90,"texture":"#2"},"east":{"uv":[0,0,1,16],"texture":"#2"},"south":{"uv":[0,0,1,16],"rotation":270,"texture":"#2"},"west":{"uv":[0,0,1,16],"rotation":180,"texture":"#2"},"up":{"uv":[2,0,16,16],"rotation":90,"texture":"#2"},"down":{"uv":[0,0,16,16],"rotation":90,"texture":"#2"}}},{"from":[13.8729,8.49272,5.25104],"to":[23.4729,8.59272,10.55104],"rotation":{"angle":0,"axis":"x","origin":[18.1719,8.4758,7.88308]},"faces":{"north":{"uv":[0,0,1,16],"rotation":90,"texture":"#2"},"east":{"uv":[0,0,1,16],"texture":"#2"},"south":{"uv":[0,0,1,16],"rotation":270,"texture":"#2"},"west":{"uv":[0,0,1,16],"rotation":180,"texture":"#2"},"up":{"uv":[2,0,16,16],"rotation":90,"texture":"#2"},"down":{"uv":[0,0,16,16],"rotation":90,"texture":"#2"}}},{"from":[14.8729,8.49272,5.25104],"to":[24.4729,8.59272,10.55104],"rotation":{"angle":-22.5,"axis":"x","origin":[18.1719,8.4758,7.88308]},"faces":{"north":{"uv":[0,0,1,16],"rotation":90,"texture":"#2"},"east":{"uv":[0,0,1,16],"texture":"#2"},"south":{"uv":[0,0,1,16],"rotation":270,"texture":"#2"},"west":{"uv":[0,0,1,16],"rotation":180,"texture":"#2"},"up":{"uv":[2,0,16,16],"rotation":90,"texture":"#2"},"down":{"uv":[0,0,16,16],"rotation":90,"texture":"#2"}}},{"from":[14.8729,8.49272,5.25104],"to":[24.4729,8.59272,10.55104],"rotation":{"angle":-45,"axis":"x","origin":[18.1719,8.4758,7.88308]},"faces":{"north":{"uv":[0,0,1,16],"rotation":90,"texture":"#2"},"east":{"uv":[0,0,1,16],"texture":"#2"},"south":{"uv":[0,0,1,16],"rotation":270,"texture":"#2"},"west":{"uv":[0,0,1,16],"rotation":180,"texture":"#2"},"up":{"uv":[2,0,16,16],"rotation":90,"texture":"#2"},"down":{"uv":[0,0,16,16],"rotation":90,"texture":"#2"}}}],"display":{"thirdperson_righthand":{"rotation":[98,-90,0],"translation":[-0.25,0,-0.5]},"thirdperson_lefthand":{"rotation":[57,125,0],"translation":[-2.25,3.25,-2.75],"scale":[0.3,0.3,0.3]},"firstperson_righthand":{"rotation":[-75,93,-22],"translation":[-0.25,6,4],"scale":[0.5,0.5,0.5]},"firstperson_lefthand":{"rotation":[0,102,0],"translation":[7,2,-4.5],"scale":[0.3,0.3,0.3]},"ground":{"translation":[0,1.5,0],"scale":[0.2,0.2,0.2]},"gui":{"rotation":[48,-134.5,0],"translation":[1,1,0],"scale":[0.69,0.69,0.69]},"head":{"rotation":[0,-90,0],"translation":[0,-13.5,0.25],"scale":[4,4,4]},"fixed":{"rotation":[-90,47,0],"translation":[-0.25,0.25,-0.75],"scale":[0.6,0.6,0.6]}}}