{"credit":"MadewithBlockbench","textures":{"0":"block/jungle_planks","1":"block/white_wool","2":"block/black_wool","particle":"block/spruce_planks"},"elements":[{"from":[0.55884,6.1,-13.27221],"to":[8.55884,6.9,-8.27221],"rotation":{"angle":-22.5,"axis":"y","origin":[8.04144,6.52466,-1.0808]},"faces":{"north":{"uv":[0,0,16,3],"texture":"#0"},"east":{"uv":[0,0,16,3],"texture":"#0"},"south":{"uv":[0,0,16,16],"texture":"#0"},"west":{"uv":[0,0,16,3],"texture":"#0"},"up":{"uv":[0,1,16,12],"texture":"#0"},"down":{"uv":[0,0,16,16],"texture":"#0"}}},{"from":[0.55884,6.1,-8.27221],"to":[8.55884,6.9,-0.27221],"rotation":{"angle":-22.5,"axis":"y","origin":[8.04144,6.52466,-1.0808]},"faces":{"north":{"uv":[0,0,16,16],"texture":"#0"},"east":{"uv":[0,0,16,3],"texture":"#0"},"south":{"uv":[0,0,16,16],"texture":"#0"},"west":{"uv":[0,0,16,3],"texture":"#0"},"up":{"uv":[0,0,16,16],"texture":"#0"},"down":{"uv":[0,0,16,16],"texture":"#0"}}},{"from":[0.55884,6.1,-0.27221],"to":[8.55884,6.9,7.72779],"rotation":{"angle":-22.5,"axis":"y","origin":[8.04144,6.52466,-1.0808]},"faces":{"north":{"uv":[0,0,16,16],"texture":"#0"},"east":{"uv":[0,0,16,3],"texture":"#0"},"south":{"uv":[0,0,16,16],"texture":"#0"},"west":{"uv":[0,0,16,3],"texture":"#0"},"up":{"uv":[0,0,16,16],"texture":"#0"},"down":{"uv":[0,0,16,16],"texture":"#0"}}},{"from":[0.75884,6.9,-13.07221],"to":[8.25884,7.7,-8.27221],"rotation":{"angle":-22.5,"axis":"y","origin":[8.04144,6.52466,-1.0808]},"faces":{"north":{"uv":[0,0,16,3],"texture":"#1"},"east":{"uv":[0,0,16,3],"texture":"#1"},"south":{"uv":[0,0,16,16],"texture":"#0"},"west":{"uv":[0,0,16,3],"texture":"#1"},"up":{"uv":[0,0,16,16],"texture":"#1"},"down":{"uv":[0,0,16,16],"texture":"#0"}}},{"from":[0.75884,6.9,-8.27221],"to":[8.25884,7.7,-0.27221],"rotation":{"angle":-22.5,"axis":"y","origin":[8.04144,6.52466,-1.0808]},"faces":{"north":{"uv":[0,0,16,16],"texture":"#0"},"east":{"uv":[0,0,16,3],"texture":"#1"},"south":{"uv":[0,0,16,16],"texture":"#0"},"west":{"uv":[0,0,16,3],"texture":"#1"},"up":{"uv":[0,0,16,16],"texture":"#1"},"down":{"uv":[0,0,16,16],"texture":"#0"}}},{"from":[0.75884,6.9,-0.27221],"to":[8.25884,7.7,7.72779],"rotation":{"angle":-22.5,"axis":"y","origin":[8.04144,6.52466,-1.0808]},"faces":{"north":{"uv":[0,0,16,16],"texture":"#1"},"east":{"uv":[0,0,16,3],"texture":"#1"},"south":{"uv":[0,0,16,16],"texture":"#1"},"west":{"uv":[0,0,16,3],"texture":"#1"},"up":{"uv":[0,0,16,16],"texture":"#1"},"down":{"uv":[0,0,16,16],"texture":"#1"}}},{"from":[-6.44116,6.1,6.72779],"to":[1.55884,6.9,11.72779],"rotation":{"angle":22.5,"axis":"y","origin":[8.04144,6.52466,-1.0808]},"faces":{"north":{"uv":[0,0,16,3],"texture":"#0"},"east":{"uv":[0,0,16,3],"texture":"#0"},"south":{"uv":[0,0,16,16],"texture":"#0"},"west":{"uv":[0,0,16,3],"texture":"#0"},"up":{"uv":[0,1,16,12],"texture":"#0"},"down":{"uv":[0,0,16,16],"texture":"#0"}}},{"from":[-6.44116,6.1,11.72779],"to":[1.55884,6.9,19.72779],"rotation":{"angle":22.5,"axis":"y","origin":[8.04144,6.52466,-1.0808]},"faces":{"north":{"uv":[0,0,16,16],"texture":"#0"},"east":{"uv":[0,0,16,3],"texture":"#0"},"south":{"uv":[0,0,16,16],"texture":"#0"},"west":{"uv":[0,0,16,3],"texture":"#0"},"up":{"uv":[0,0,16,16],"texture":"#0"},"down":{"uv":[0,0,16,16],"texture":"#0"}}},{"from":[-6.44116,6.1,19.72779],"to":[1.55884,6.9,27.72779],"rotation":{"angle":22.5,"axis":"y","origin":[8.04144,6.52466,-1.0808]},"faces":{"north":{"uv":[0,0,16,16],"texture":"#0"},"east":{"uv":[0,0,16,3],"texture":"#0"},"south":{"uv":[0,0,16,16],"texture":"#0"},"west":{"uv":[0,0,16,3],"texture":"#0"},"up":{"uv":[0,0,16,16],"texture":"#0"},"down":{"uv":[0,0,16,16],"texture":"#0"}}},{"from":[-6.24116,6.9,6.92779],"to":[1.25884,7.7,11.72779],"rotation":{"angle":22.5,"axis":"y","origin":[8.04144,6.52466,-1.0808]},"faces":{"north":{"uv":[0,0,16,3],"texture":"#1"},"east":{"uv":[0,0,16,3],"texture":"#1"},"south":{"uv":[0,0,16,16],"texture":"#0"},"west":{"uv":[0,0,16,3],"texture":"#1"},"up":{"uv":[0,0,16,16],"texture":"#1"},"down":{"uv":[0,0,16,16],"texture":"#0"}}},{"from":[-6.24116,6.9,11.72779],"to":[1.25884,7.7,19.72779],"rotation":{"angle":22.5,"axis":"y","origin":[8.04144,6.52466,-1.0808]},"faces":{"north":{"uv":[0,0,16,16],"texture":"#0"},"east":{"uv":[0,0,16,3],"texture":"#1"},"south":{"uv":[0,0,16,16],"texture":"#0"},"west":{"uv":[0,0,16,3],"texture":"#1"},"up":{"uv":[0,0,16,16],"texture":"#1"},"down":{"uv":[0,0,16,16],"texture":"#0"}}},{"from":[-6.24116,6.9,19.72779],"to":[1.25884,7.7,27.72779],"rotation":{"angle":22.5,"axis":"y","origin":[8.04144,6.52466,-1.0808]},"faces":{"north":{"uv":[0,0,16,16],"texture":"#1"},"east":{"uv":[0,0,16,3],"texture":"#1"},"south":{"uv":[0,0,16,16],"texture":"#1"},"west":{"uv":[0,0,16,3],"texture":"#1"},"up":{"uv":[0,0,16,16],"texture":"#1"},"down":{"uv":[0,0,16,16],"texture":"#1"}}},{"from":[-5,4,4],"to":[3,9,12],"rotation":{"angle":0,"axis":"y","origin":[2.97993,19.50696,4.01312]},"faces":{"north":{"uv":[0,0,16,16],"texture":"#0"},"east":{"uv":[0,0,16,3],"texture":"#0"},"south":{"uv":[0,0,16,16],"texture":"#0"},"west":{"uv":[0,0,16,16],"texture":"#0"},"up":{"uv":[0,0,16,16],"texture":"#0"},"down":{"uv":[0,0,16,16],"texture":"#0"}}},{"from":[-13,4,4],"to":[-5,9,12],"rotation":{"angle":0,"axis":"y","origin":[2.97993,19.50696,4.01312]},"faces":{"north":{"uv":[0,0,16,16],"texture":"#0"},"east":{"uv":[0,0,16,3],"texture":"#0"},"south":{"uv":[0,0,16,16],"texture":"#0"},"west":{"uv":[0,0,16,16],"texture":"#0"},"up":{"uv":[0,0,16,16],"texture":"#0"},"down":{"uv":[0,0,16,16],"texture":"#0"}}},{"from":[-11.5,2,7.75],"to":[-10.75,4,8.25],"rotation":{"angle":0,"axis":"z","origin":[-7.02007,19.50696,4.01312]},"faces":{"north":{"uv":[0,0,16,16],"texture":"#0"},"east":{"uv":[0,0,16,3],"texture":"#0"},"south":{"uv":[0,0,16,16],"texture":"#0"},"west":{"uv":[0,0,16,16],"texture":"#0"},"up":{"uv":[0,0,16,16],"texture":"#0"},"down":{"uv":[0,0,16,16],"texture":"#0"}}},{"from":[-13.6,0,7.5],"to":[-13.4,13.5,8.5],"rotation":{"angle":0,"axis":"x","origin":[-13.14867,11.23575,8.01289]},"faces":{"north":{"uv":[0,0,16,16],"texture":"#2"},"east":{"uv":[0,0,16,16],"texture":"#2"},"south":{"uv":[0,0,16,16],"texture":"#2"},"west":{"uv":[0,0,16,16],"texture":"#2"},"up":{"uv":[0,0,16,16],"texture":"#2"},"down":{"uv":[0,0,16,16],"texture":"#2"}}},{"from":[-13.5,5.94864,0.77714],"to":[-13.3,6.94864,14.27714],"rotation":{"angle":0,"axis":"x","origin":[-13.14867,11.23575,8.01289]},"faces":{"north":{"uv":[0,0,16,16],"rotation":180,"texture":"#2"},"east":{"uv":[0,0,16,16],"rotation":270,"texture":"#2"},"south":{"uv":[0,0,16,16],"texture":"#2"},"west":{"uv":[0,0,16,16],"rotation":90,"texture":"#2"},"up":{"uv":[0,0,16,16],"rotation":180,"texture":"#2"},"down":{"uv":[0,0,16,16],"texture":"#2"}}},{"from":[-13.3,5,6.4],"to":[-13,8,9.6],"rotation":{"angle":0,"axis":"y","origin":[-5.02007,19.50696,4.01312]},"faces":{"north":{"uv":[0,0,16,16],"texture":"#2"},"east":{"uv":[0,0,16,16],"texture":"#2"},"south":{"uv":[0,0,16,16],"texture":"#2"},"west":{"uv":[0,0,16,16],"texture":"#2"},"up":{"uv":[0,0,16,16],"texture":"#2"},"down":{"uv":[0,0,16,16],"texture":"#2"}}},{"from":[3,4,4],"to":[11,9,12],"rotation":{"angle":0,"axis":"y","origin":[2.97993,19.50696,4.01312]},"faces":{"north":{"uv":[0,0,16,16],"texture":"#0"},"east":{"uv":[0,0,16,3],"texture":"#0"},"south":{"uv":[0,0,16,16],"texture":"#0"},"west":{"uv":[0,0,16,3],"texture":"#0"},"up":{"uv":[0,0,16,16],"texture":"#0"},"down":{"uv":[0,0,16,16],"texture":"#0"}}},{"from":[12,3.3,1.8],"to":[13,4,8],"rotation":{"angle":-45,"axis":"x","origin":[12.51306,1.52188,4.9651]},"faces":{"north":{"uv":[0,0,16,16],"texture":"#0"},"east":{"uv":[0,0,16,16],"rotation":90,"texture":"#0"},"south":{"uv":[0,0,16,16],"texture":"#0"},"west":{"uv":[0,0,16,16],"rotation":90,"texture":"#0"},"up":{"uv":[0,0,3,16],"texture":"#0"},"down":{"uv":[0,0,3,16],"texture":"#0"}}},{"from":[12,-6.1,11],"to":[13,-1,11.7],"rotation":{"angle":-45,"axis":"x","origin":[12.51306,1.52188,4.9651]},"faces":{"north":{"uv":[0,0,3,16],"texture":"#0"},"east":{"uv":[0,0,16,16],"texture":"#0"},"south":{"uv":[0,0,3,16],"texture":"#0"},"west":{"uv":[0,0,16,16],"texture":"#0"},"up":{"uv":[0,0,16,16],"texture":"#0"},"down":{"uv":[0,0,16,16],"texture":"#0"}}},{"from":[2,8.9,5.25],"to":[10,9.2,10.5],"rotation":{"angle":0,"axis":"y","origin":[2.97993,19.50696,4.01312]},"faces":{"north":{"uv":[0,0,16,1],"texture":"#2"},"east":{"uv":[0,0,16,1],"texture":"#2"},"south":{"uv":[0,0,16,1],"texture":"#2"},"west":{"uv":[0,0,16,1],"texture":"#2"},"up":{"uv":[0,0,16,16],"texture":"#2"},"down":{"uv":[0,0,16,16],"texture":"#2"}}},{"from":[11,4,4],"to":[19,9,12],"rotation":{"angle":0,"axis":"y","origin":[2.97993,19.50696,4.01312]},"faces":{"north":{"uv":[0,0,16,16],"texture":"#0"},"east":{"uv":[0,0,16,3],"texture":"#0"},"south":{"uv":[0,0,16,16],"texture":"#0"},"west":{"uv":[0,0,16,3],"texture":"#0"},"up":{"uv":[0,0,16,16],"texture":"#0"},"down":{"uv":[0,0,16,16],"texture":"#0"}}},{"from":[18.4,7.6,4.1],"to":[27,11.1,11.9],"rotation":{"angle":45,"axis":"z","origin":[23.00954,6.53498,7.95554]},"faces":{"north":{"uv":[0,0,16,16],"texture":"#0"},"east":{"uv":[0,0,16,3],"texture":"#0"},"south":{"uv":[0,0,16,16],"texture":"#0"},"west":{"uv":[0,0,16,3],"texture":"#0"},"up":{"uv":[0,0,16,16],"texture":"#0"},"down":{"uv":[0,0,16,16],"texture":"#0"}}},{"from":[22.4,10.1,4],"to":[25.1,15,12],"rotation":{"angle":0,"axis":"y","origin":[2.97993,19.50696,4.01312]},"faces":{"north":{"uv":[0,0,7,16],"texture":"#0"},"east":{"uv":[0,0,16,12],"texture":"#0"},"south":{"uv":[0,0,7,16],"texture":"#0"},"west":{"uv":[0,0,16,12],"texture":"#0"},"up":{"uv":[0,0,7,16],"texture":"#0"},"down":{"uv":[0,0,16,16],"texture":"#0"}}},{"from":[-12.06982,0.21195,7.47541],"to":[-10.16982,2.01195,8.47541],"rotation":{"angle":0,"axis":"y","origin":[1.05952,7.73229,13.2377]},"faces":{"north":{"uv":[0,0,16,1],"rotation":270,"texture":"#2"},"east":{"uv":[0,0,16,1],"rotation":270,"texture":"#2"},"south":{"uv":[0,0,16,1],"rotation":270,"texture":"#2"},"west":{"uv":[0,0,16,1],"rotation":270,"texture":"#2"},"up":{"uv":[0,0,16,1],"rotation":270,"texture":"#2"},"down":{"uv":[0,0,16,1],"rotation":270,"texture":"#2"}}},{"from":[-11.66982,0.61195,7.37541],"to":[-10.56982,1.61195,8.57541],"rotation":{"angle":0,"axis":"y","origin":[1.05952,7.73229,13.2377]},"faces":{"north":{"uv":[0,0,16,1],"rotation":270,"texture":"#1"},"east":{"uv":[0,0,16,1],"rotation":270,"texture":"#1"},"south":{"uv":[0,0,16,1],"rotation":270,"texture":"#1"},"west":{"uv":[0,0,16,1],"rotation":270,"texture":"#1"},"up":{"uv":[0,0,16,1],"rotation":270,"texture":"#1"},"down":{"uv":[0,0,16,1],"rotation":270,"texture":"#1"}}},{"from":[11.93018,0.21195,14.47541],"to":[13.83018,2.01195,15.47541],"rotation":{"angle":0,"axis":"y","origin":[25.05952,7.73229,20.2377]},"faces":{"north":{"uv":[0,0,16,1],"rotation":270,"texture":"#2"},"east":{"uv":[0,0,16,1],"rotation":270,"texture":"#2"},"south":{"uv":[0,0,16,1],"rotation":270,"texture":"#2"},"west":{"uv":[0,0,16,1],"rotation":270,"texture":"#2"},"up":{"uv":[0,0,16,1],"rotation":270,"texture":"#2"},"down":{"uv":[0,0,16,1],"rotation":270,"texture":"#2"}}},{"from":[12.33018,0.61195,14.37541],"to":[13.43018,1.61195,15.57541],"rotation":{"angle":0,"axis":"y","origin":[25.05952,7.73229,20.2377]},"faces":{"north":{"uv":[0,0,16,1],"rotation":270,"texture":"#1"},"east":{"uv":[0,0,16,1],"rotation":270,"texture":"#1"},"south":{"uv":[0,0,16,1],"rotation":270,"texture":"#1"},"west":{"uv":[0,0,16,1],"rotation":270,"texture":"#1"},"up":{"uv":[0,0,16,1],"rotation":270,"texture":"#1"},"down":{"uv":[0,0,16,1],"rotation":270,"texture":"#1"}}},{"from":[11.93018,0.21195,0.47541],"to":[13.83018,2.01195,1.47541],"rotation":{"angle":0,"axis":"y","origin":[25.05952,7.73229,6.2377]},"faces":{"north":{"uv":[0,0,16,1],"rotation":270,"texture":"#2"},"east":{"uv":[0,0,16,1],"rotation":270,"texture":"#2"},"south":{"uv":[0,0,16,1],"rotation":270,"texture":"#2"},"west":{"uv":[0,0,16,1],"rotation":270,"texture":"#2"},"up":{"uv":[0,0,16,1],"rotation":270,"texture":"#2"},"down":{"uv":[0,0,16,1],"rotation":270,"texture":"#2"}}},{"from":[12.33018,0.61195,0.37541],"to":[13.43018,1.61195,1.57541],"rotation":{"angle":0,"axis":"y","origin":[25.05952,7.73229,6.2377]},"faces":{"north":{"uv":[0,0,16,1],"rotation":270,"texture":"#1"},"east":{"uv":[0,0,16,1],"rotation":270,"texture":"#1"},"south":{"uv":[0,0,16,1],"rotation":270,"texture":"#1"},"west":{"uv":[0,0,16,1],"rotation":270,"texture":"#1"},"up":{"uv":[0,0,16,1],"rotation":270,"texture":"#1"},"down":{"uv":[0,0,16,1],"rotation":270,"texture":"#1"}}}],"display":{"thirdperson_righthand":{"rotation":[57,-58,0],"translation":[-1.5,3.25,-2.75],"scale":[0.3,0.3,0.3]},"thirdperson_lefthand":{"rotation":[57,125,0],"translation":[-2.25,3.25,-2.75],"scale":[0.3,0.3,0.3]},"firstperson_righthand":{"rotation":[0,-79,0],"translation":[7,2,-4.75],"scale":[0.3,0.3,0.3]},"firstperson_lefthand":{"rotation":[0,102,0],"translation":[7,2,-4.5],"scale":[0.3,0.3,0.3]},"ground":{"translation":[0,1.5,0],"scale":[0.2,0.2,0.2]},"gui":{"rotation":[15,-135,0],"translation":[-0.5,0.25,0],"scale":[0.42,0.42,0.42]},"head":{"rotation":[0,-90,0],"translation":[0,-3.5,0.25],"scale":[4,4,4]},"fixed":{"rotation":[-90,90,0],"translation":[-0.25,0,-3],"scale":[0.4,0.4,0.4]}}}