{"credit":"MadewithBlockbench","textures":{"0":"block/spruce_planks","1":"block/orange_wool","particle":"block/spruce_planks"},"elements":[{"from":[1.2,6,0.9],"to":[14.8,19,4.9],"faces":{"north":{"uv":[0,0,13.6,13],"texture":"#1"},"east":{"uv":[0,0,4,13],"texture":"#1"},"south":{"uv":[0,0,13.6,13],"texture":"#1"},"west":{"uv":[0,0,4,13],"texture":"#1"},"up":{"uv":[0,0,13.6,4],"rotation":180,"texture":"#1"},"down":{"uv":[0,0,13.6,4],"rotation":180,"texture":"#1"}}},{"from":[13,0,13],"to":[15,9,15],"faces":{"north":{"uv":[0,0,2,8],"texture":"#0"},"east":{"uv":[0,0,2,8],"texture":"#0"},"south":{"uv":[0,0,2,8],"texture":"#0"},"west":{"uv":[0,0,2,8],"texture":"#0"},"up":{"uv":[0,0,2,8],"rotation":180,"texture":"#0"},"down":{"uv":[0,0,2,8],"rotation":180,"texture":"#0"}}},{"from":[1,0,13],"to":[3,9,15],"faces":{"north":{"uv":[0,0,2,8],"texture":"#0"},"east":{"uv":[0,0,2,8],"texture":"#0"},"south":{"uv":[0,0,2,8],"texture":"#0"},"west":{"uv":[0,0,2,8],"texture":"#0"},"up":{"uv":[0,0,2,8],"rotation":180,"texture":"#0"},"down":{"uv":[0,0,2,8],"rotation":180,"texture":"#0"}}},{"from":[13,0,1],"to":[15,9,3],"faces":{"north":{"uv":[0,0,2,8],"texture":"#0"},"east":{"uv":[0,0,2,8],"texture":"#0"},"south":{"uv":[0,0,2,8],"texture":"#0"},"west":{"uv":[0,0,2,8],"texture":"#0"},"up":{"uv":[0,0,2,8],"rotation":180,"texture":"#0"},"down":{"uv":[0,0,2,8],"rotation":180,"texture":"#0"}}},{"from":[1,0,1],"to":[3,9,3],"faces":{"north":{"uv":[0,0,2,8],"texture":"#0"},"east":{"uv":[0,0,2,8],"texture":"#0"},"south":{"uv":[0,0,2,8],"texture":"#0"},"west":{"uv":[0,0,2,8],"texture":"#0"},"up":{"uv":[0,0,2,8],"rotation":180,"texture":"#0"},"down":{"uv":[0,0,2,8],"rotation":180,"texture":"#0"}}},{"from":[3,5,1],"to":[13,6,15],"faces":{"north":{"uv":[0,0,10,1],"texture":"#0"},"east":{"uv":[0,0,14,1],"texture":"#0"},"south":{"uv":[0,0,10,1],"texture":"#0"},"west":{"uv":[0,0,14,1],"texture":"#0"},"up":{"uv":[0,0,10,14],"rotation":180,"texture":"#0"},"down":{"uv":[0,0,10,14],"rotation":180,"texture":"#0"}}},{"from":[1.1,6,1.1],"to":[2.9,13,14.9],"faces":{"north":{"uv":[0,0,1.8,7],"texture":"#1"},"east":{"uv":[0,0,13.8,7],"texture":"#1"},"south":{"uv":[0,0,1.8,7],"texture":"#1"},"west":{"uv":[0,0,13.8,7],"texture":"#1"},"up":{"uv":[0,0,1.8,13.8],"rotation":180,"texture":"#1"},"down":{"uv":[0,0,1.8,13.8],"rotation":180,"texture":"#1"}}},{"from":[13.1,6,1.1],"to":[14.9,13,14.9],"faces":{"north":{"uv":[0,0,1.8,7],"texture":"#1"},"east":{"uv":[0,0,13.8,7],"texture":"#1"},"south":{"uv":[0,0,1.8,7],"texture":"#1"},"west":{"uv":[0,0,13.8,7],"texture":"#1"},"up":{"uv":[0,0,1.8,13.8],"rotation":180,"texture":"#1"},"down":{"uv":[0,0,1.8,13.8],"rotation":180,"texture":"#1"}}},{"from":[2.1,6,1.1],"to":[13.5,7,14.9],"faces":{"north":{"uv":[0,0,1.8,7],"texture":"#1"},"east":{"uv":[0,0,13.8,7],"texture":"#1"},"south":{"uv":[0,0,11.4,1],"texture":"#1"},"west":{"uv":[0,0,13.8,7],"texture":"#1"},"up":{"uv":[0,0,11.4,13.8],"rotation":180,"texture":"#1"},"down":{"uv":[0,0,1.8,13.8],"rotation":180,"texture":"#1"}}}],"display":{"thirdperson_righthand":{"rotation":[60,45,0],"translation":[0,2,0],"scale":[0.2,0.2,0.2]},"ground":{"translation":[0,2,0],"scale":[0.25,0.25,0.25]},"gui":{"rotation":[25,-45,0],"translation":[0,-0.75,0],"scale":[0.62,0.62,0.62]},"head":{"translation":[0,-19,0],"scale":[2.3,2.3,2.3]},"fixed":{"translation":[0,-2,-3.25],"scale":[0.5,0.5,0.5]}}}