{"credit":"Made with Blockbench","texture_size":[64,64],"textures":{"2":"lunaria_pack:blunaria_scythe/blunaria_scythe_1","particle":"lunaria_pack:blunaria_scythe/blunaria_scythe_1"},"elements":[{"from":[7.99275,-7.35931,-9.99746],"to":[8.02275,24.64069,22.00254],"rotation":{"angle":0,"axis":"y","origin":[8,8,8]},"faces":{"east":{"uv":[0,8,8,16],"texture":"#2"},"west":{"uv":[0,0,8,8],"texture":"#2"}}},{"from":[7.29275,17.38211,10.24754],"to":[8.69275,19.38211,12.24754],"rotation":{"angle":45,"axis":"x","origin":[7.99275,18.38211,11.24754]},"faces":{"north":{"uv":[8.25,6.25,8.625,6.75],"texture":"#2"},"east":{"uv":[8.25,5.75,8.75,6.25],"texture":"#2"},"south":{"uv":[8.25,6.75,8.625,7.25],"texture":"#2"},"west":{"uv":[8.25,5.25,8.75,5.75],"texture":"#2"},"up":{"uv":[8.75,7.625,8.25,7.25],"rotation":270,"texture":"#2"},"down":{"uv":[8.75,7.75,8.25,8.125],"rotation":90,"texture":"#2"}}},{"from":[7.29275,14.1185,9.23038],"to":[8.69275,15.5185,10.63038],"rotation":{"angle":45,"axis":"x","origin":[7.99275,14.8185,9.93038]},"faces":{"north":{"uv":[9.125,1.125,8.75,0.75],"rotation":90,"texture":"#2"},"east":{"uv":[8.5,4.75,8.875,5.125],"rotation":90,"texture":"#2"},"south":{"uv":[9.125,1.25,8.75,1.625],"rotation":90,"texture":"#2"},"west":{"uv":[8.5,3.75,8.875,4.125],"rotation":270,"texture":"#2"},"up":{"uv":[8.25,8.5,8.625,8.875],"texture":"#2"},"down":{"uv":[8.5,4.25,8.875,4.625],"rotation":180,"texture":"#2"}}},{"from":[7.49275,11.83358,7.90404],"to":[8.49275,14.83358,8.90404],"rotation":{"angle":45,"axis":"x","origin":[7.99275,13.33358,8.40404]},"faces":{"north":{"uv":[9.25,0.5,8.5,0.25],"rotation":90,"texture":"#2"},"east":{"uv":[9.25,0,8.5,0.25],"rotation":90,"texture":"#2"},"south":{"uv":[9.25,0.5,8.5,0.75],"rotation":90,"texture":"#2"},"west":{"uv":[8.25,8.25,9,8.5],"rotation":270,"texture":"#2"},"up":{"uv":[8.75,2,9,2.25],"texture":"#2"},"down":{"uv":[8.75,1.75,9,2],"rotation":180,"texture":"#2"}}},{"from":[7.68975,15.14987,8.7647],"to":[8.29475,16.14987,9.3647],"rotation":{"angle":-45,"axis":"x","origin":[7.99225,15.64987,9.0647]},"faces":{"north":{"uv":[8.75,5.5,8.875,5.75],"texture":"#2"},"east":{"uv":[8.75,5.75,8.875,6],"texture":"#2"},"south":{"uv":[8.75,6,8.875,6.25],"texture":"#2"},"west":{"uv":[8.75,5.25,8.875,5.5],"texture":"#2"},"up":{"uv":[9.125,3.125,9,3],"rotation":270,"texture":"#2"},"down":{"uv":[9.125,3.25,9,3.375],"rotation":90,"texture":"#2"}}},{"from":[7.69275,15.79129,8.49901],"to":[8.29275,16.79129,9.09901],"rotation":{"angle":0,"axis":"y","origin":[8,8,8]},"faces":{"north":{"uv":[8.75,6.5,8.875,6.75],"texture":"#2"},"east":{"uv":[8.75,6.75,8.875,7],"texture":"#2"},"south":{"uv":[8.75,7,8.875,7.25],"texture":"#2"},"west":{"uv":[8.75,6.25,8.875,6.5],"texture":"#2"},"up":{"uv":[9.125,3.625,9,3.5],"rotation":270,"texture":"#2"},"down":{"uv":[9.125,3.75,9,3.875],"rotation":90,"texture":"#2"}}},{"from":[7.69575,16.63843,8.66752],"to":[8.29075,17.63843,9.26752],"rotation":{"angle":22.5,"axis":"x","origin":[7.99325,17.13843,8.96752]},"faces":{"north":{"uv":[8.75,7.5,8.875,7.75],"texture":"#2"},"east":{"uv":[8.75,7.75,8.875,8],"texture":"#2"},"south":{"uv":[8,8.75,8.125,9],"texture":"#2"},"west":{"uv":[8.75,7.25,8.875,7.5],"texture":"#2"},"up":{"uv":[9.125,4.125,9,4],"rotation":270,"texture":"#2"},"down":{"uv":[9.125,4.25,9,4.375],"rotation":90,"texture":"#2"}}},{"from":[7.68975,17.49786,9.80557],"to":[8.29475,18.09786,10.80557],"rotation":{"angle":0,"axis":"y","origin":[7.99225,17.79786,10.30557]},"faces":{"north":{"uv":[9,5,9.125,5.125],"texture":"#2"},"east":{"uv":[9,2.25,9.25,2.375],"texture":"#2"},"south":{"uv":[9,5.25,9.125,5.375],"texture":"#2"},"west":{"uv":[9,2,9.25,2.125],"texture":"#2"},"up":{"uv":[9.25,2.625,9,2.5],"rotation":270,"texture":"#2"},"down":{"uv":[9.25,2.75,9,2.875],"rotation":90,"texture":"#2"}}},{"from":[7.69275,17.32935,8.95844],"to":[8.29275,17.92935,9.95844],"rotation":{"angle":-22.5,"axis":"x","origin":[7.99275,17.62935,9.45844]},"faces":{"north":{"uv":[9,4.5,9.125,4.625],"texture":"#2"},"east":{"uv":[8.75,8.5,9,8.625],"texture":"#2"},"south":{"uv":[9,4.75,9.125,4.875],"texture":"#2"},"west":{"uv":[8.75,8,9,8.125],"texture":"#2"},"up":{"uv":[9,8.875,8.75,8.75],"rotation":270,"texture":"#2"},"down":{"uv":[9.25,1.75,9,1.875],"rotation":90,"texture":"#2"}}},{"from":[7.49275,-3.88211,4.25246],"to":[8.49275,-0.88211,5.25246],"rotation":{"angle":0,"axis":"y","origin":[8,8,8]},"faces":{"north":{"uv":[8.5,1.5,8.75,2.25],"texture":"#2"},"east":{"uv":[8.5,3,8.75,2.25],"texture":"#2"},"south":{"uv":[8.5,3.0625,8.75,3.8125],"texture":"#2"},"west":{"uv":[8.5,0.75,8.75,1.5],"texture":"#2"},"up":{"uv":[9,2.5,8.75,2.25],"rotation":270,"texture":"#2"},"down":{"uv":[9,2.5,8.75,2.75],"rotation":90,"texture":"#2"}}},{"from":[7.59075,5.6984,5.6614],"to":[8.39575,12.6984,6.4614],"rotation":{"angle":22.5,"axis":"x","origin":[7.99325,9.1984,6.0614]},"faces":{"north":{"uv":[8,1.75,8.1875,3.5],"texture":"#2"},"east":{"uv":[8,3.5,8.1875,5.25],"texture":"#2"},"south":{"uv":[8,5.25,8.1875,7],"texture":"#2"},"west":{"uv":[8,0,8.1875,1.75],"texture":"#2"},"up":{"uv":[8.9375,2.9375,8.75,2.75],"rotation":270,"texture":"#2"},"down":{"uv":[8.9375,3,8.75,3.1875],"rotation":90,"texture":"#2"}}},{"from":[7.59275,-0.88211,4.35246],"to":[8.39275,6.11789,5.15246],"rotation":{"angle":0,"axis":"y","origin":[8,8,8]},"faces":{"north":{"uv":[8.25,0,8.4375,1.75],"texture":"#2"},"east":{"uv":[8.25,1.75,8.4375,3.5],"texture":"#2"},"south":{"uv":[8.25,3.5,8.4375,5.25],"texture":"#2"},"west":{"uv":[8,7,8.1875,8.75],"texture":"#2"},"up":{"uv":[8.9375,3.4375,8.75,3.25],"rotation":270,"texture":"#2"},"down":{"uv":[8.9375,3.5,8.75,3.6875],"rotation":90,"texture":"#2"}}}],"gui_light":"front","display":{"thirdperson_righthand":{"translation":[0,5.25,5.75],"scale":[1.5,1.5,1.5]},"thirdperson_lefthand":{"translation":[0,5.25,5.75],"scale":[1.5,1.5,1.5]},"firstperson_righthand":{"rotation":[0,4,0],"translation":[5.5,3,-1.5]},"firstperson_lefthand":{"rotation":[0,4,0],"translation":[5.5,3,-1.5]},"ground":{"rotation":[0,0,-45],"translation":[0,6,0]},"gui":{"rotation":[90,45,-90],"translation":[-0.25,-2.5,0],"scale":[0.6,0.6,0.6]},"head":{"translation":[0,8.75,0],"scale":[0,0,0]},"fixed":{"rotation":[0,-90,0],"translation":[0,1.75,-1],"scale":[2,2,2]}}}