{"credit":"Made with Blockbench","texture_size":[64,64],"textures":{"0":"lunaria_pack:blunaria_sword/blunaria_sword_1","particle":"lunaria_pack:blunaria_sword/blunaria_sword_1"},"elements":[{"from":[7.9925,-7.42251,3.40503],"to":[8.0225,25.68749,12.60503],"rotation":{"angle":0,"axis":"y","origin":[8,8,8]},"faces":{"north":{"uv":[0,0,0,8.25],"texture":"#0"},"east":{"uv":[2.5,0,4.8125,8.25],"texture":"#0"},"south":{"uv":[0,0,0,8.25],"texture":"#0"},"west":{"uv":[0,0,2.3125,8.25],"texture":"#0"},"up":{"uv":[2.3125,0,0,0],"rotation":270,"texture":"#0"},"down":{"uv":[2.3125,0,0,0],"rotation":90,"texture":"#0"}}},{"from":[7.2925,2.59749,7.29497],"to":[8.6925,3.99749,8.69497],"rotation":{"angle":-45,"axis":"x","origin":[7.9925,3.29749,7.99497]},"faces":{"north":{"uv":[6.375,1.5,6,1.875],"rotation":270,"texture":"#0"},"east":{"uv":[6,0,6.375,0.375],"rotation":270,"texture":"#0"},"south":{"uv":[6.375,1.375,6,1],"rotation":270,"texture":"#0"},"west":{"uv":[5.75,5,6.125,5.375],"rotation":90,"texture":"#0"},"up":{"uv":[5.75,5.5,6.125,5.875],"rotation":180,"texture":"#0"},"down":{"uv":[6,0.5,6.375,0.875],"texture":"#0"}}},{"from":[7.4925,-2.70251,7.50503],"to":[8.4925,-1.70251,8.50503],"rotation":{"angle":0,"axis":"y","origin":[8,8,8]},"faces":{"north":{"uv":[6,3.25,6.25,3.5],"texture":"#0"},"east":{"uv":[6,3.5,6.25,3.75],"texture":"#0"},"south":{"uv":[6,3.75,6.25,4],"texture":"#0"},"west":{"uv":[6,3,6.25,3.25],"texture":"#0"},"up":{"uv":[6.25,4.25,6,4],"rotation":270,"texture":"#0"},"down":{"uv":[6.25,4.25,6,4.5],"rotation":90,"texture":"#0"}}},{"from":[7.4925,1.89749,7.50503],"to":[8.4925,2.89749,8.50503],"rotation":{"angle":0,"axis":"y","origin":[8,8,8]},"faces":{"north":{"uv":[6,3.25,6.25,3.5],"texture":"#0"},"east":{"uv":[6,3.5,6.25,3.75],"texture":"#0"},"south":{"uv":[6,3.75,6.25,4],"texture":"#0"},"west":{"uv":[6,3,6.25,3.25],"texture":"#0"},"up":{"uv":[6.25,4.25,6,4],"rotation":270,"texture":"#0"},"down":{"uv":[6.25,4.25,6,4.5],"rotation":90,"texture":"#0"}}},{"from":[7.4925,1.39749,7.50503],"to":[8.4925,2.39749,8.50503],"rotation":{"angle":0,"axis":"y","origin":[8,8,8]},"faces":{"north":{"uv":[6,3.25,6.25,3.5],"texture":"#0"},"east":{"uv":[6,3.5,6.25,3.75],"texture":"#0"},"south":{"uv":[6,3.75,6.25,4],"texture":"#0"},"west":{"uv":[6,3,6.25,3.25],"texture":"#0"},"up":{"uv":[6.25,4.25,6,4],"rotation":270,"texture":"#0"},"down":{"uv":[6.25,4.25,6,4.5],"rotation":90,"texture":"#0"}}},{"from":[7.5925,-1.70251,7.60503],"to":[8.3925,3.29749,8.40503],"rotation":{"angle":0,"axis":"y","origin":[8,8,8]},"faces":{"north":{"uv":[5.75,1.25,5.9375,2.5],"texture":"#0"},"east":{"uv":[5.75,2.5,5.9375,3.75],"texture":"#0"},"south":{"uv":[5.75,3.75,5.9375,5],"texture":"#0"},"west":{"uv":[5.75,0,5.9375,1.25],"texture":"#0"},"up":{"uv":[6.4375,3.9375,6.25,3.75],"rotation":270,"texture":"#0"},"down":{"uv":[6.4375,4,6.25,4.1875],"rotation":90,"texture":"#0"}}},{"from":[7.6925,3.59749,7.35503],"to":[8.2925,18.39749,8.65503],"rotation":{"angle":0,"axis":"y","origin":[8,8,8]},"faces":{"north":{"uv":[5.5,0,5.625,3.6875],"texture":"#0"},"east":{"uv":[5,3.75,5.3125,7.4375],"texture":"#0"},"south":{"uv":[5.5,3.75,5.625,7.4375],"texture":"#0"},"west":{"uv":[5,0,5.3125,3.6875],"texture":"#0"},"up":{"uv":[6.5625,3.375,6.25,3.25],"rotation":270,"texture":"#0"},"down":{"uv":[6.5625,3.5,6.25,3.625],"rotation":90,"texture":"#0"}}},{"from":[7.6425,17.55251,7.35503],"to":[8.3425,18.85251,8.65503],"rotation":{"angle":-45,"axis":"x","origin":[7.9925,18.20251,8.00503]},"faces":{"north":{"uv":[6,4.5,6.1875,4.8125],"texture":"#0"},"east":{"uv":[6,2.5,6.3125,2.8125],"texture":"#0"},"south":{"uv":[5.75,6,5.9375,6.3125],"texture":"#0"},"west":{"uv":[6,2,6.3125,2.3125],"texture":"#0"},"up":{"uv":[6.3125,6.1875,6,6],"rotation":270,"texture":"#0"},"down":{"uv":[6.5625,3,6.25,3.1875],"rotation":90,"texture":"#0"}}}],"gui_light":"front","display":{"thirdperson_righthand":{"translation":[0,6.25,1]},"thirdperson_lefthand":{"translation":[0,6.25,1]},"firstperson_righthand":{"rotation":[0,-2.5,0],"translation":[3,4,1],"scale":[0.8,0.8,0.8]},"firstperson_lefthand":{"rotation":[0,-2.5,0],"translation":[3,4,1],"scale":[0.8,0.8,0.8]},"ground":{"rotation":[0,0,-45],"translation":[0,6,0]},"gui":{"rotation":[90,45,-90],"translation":[-0.75,-0.75,0],"scale":[0.7,0.7,0.7]},"head":{"translation":[0,8.75,0],"scale":[0,0,0]},"fixed":{"rotation":[0,-90,0],"translation":[0,1.75,-1],"scale":[2,2,2]}}}