{"parent":"minecraft:item/generated","textures":{"layer0":"minecraft:item/coal"},"overrides":[{"predicate":{"custom_model_data":10000},"model":"medieval_set:ia_auto_gen/medieval_amulet"},{"predicate":{"custom_model_data":10001},"model":"medieval_set:ia_auto_gen/medieval_necklace"},{"predicate":{"custom_model_data":10002},"model":"medieval_set:ia_auto_gen/medieval_ingot"},{"predicate":{"custom_model_data":10003},"model":"medieval_set:ia_auto_gen/medieval_ingot2"},{"predicate":{"custom_model_data":10004},"model":"medieval_set:ia_auto_gen/medieval_ingot3"},{"predicate":{"custom_model_data":10005},"model":"medieval_set:ia_auto_gen/medieval_potion"},{"predicate":{"custom_model_data":10006},"model":"medieval_set:ia_auto_gen/medieval_potion2"},{"predicate":{"custom_model_data":10007},"model":"medieval_set:ia_auto_gen/medieval_potion3"},{"predicate":{"custom_model_data":10008},"model":"medieval_set:ia_auto_gen/medieval_glove"},{"predicate":{"custom_model_data":10009},"model":"medieval_set:ia_auto_gen/medieval_key"},{"predicate":{"custom_model_data":10010},"model":"medieval_set:ia_auto_gen/medieval_key2"},{"predicate":{"custom_model_data":10011},"model":"medieval_set:ia_auto_gen/medieval_food"},{"predicate":{"custom_model_data":10012},"model":"medieval_set:ia_auto_gen/medieval_food2"},{"predicate":{"custom_model_data":10013},"model":"medieval_set:ia_auto_gen/medieval_scroll"},{"predicate":{"custom_model_data":10014},"model":"medieval_set:ia_auto_gen/medieval_scroll2"},{"predicate":{"custom_model_data":10015},"model":"medieval_set:ia_auto_gen/medieval_fragment"},{"predicate":{"custom_model_data":10016},"model":"medieval_set:ia_auto_gen/medieval_fragment2"},{"predicate":{"custom_model_data":10017},"model":"iasurvival:ia_auto_gen/coal_nugget"},{"predicate":{"custom_model_data":10018},"model":"item/coal"}]}