{"parent":"minecraft:item/handheld","textures":{"layer0":"minecraft:item/diamond_pickaxe"},"overrides":[{"predicate":{"custom_model_data":10000},"model":"iasurvival:ia_auto_gen/diamond_hammer"},{"predicate":{"custom_model_data":10001},"model":"iasurvival:ia_auto_gen/dark_amethyst_pickaxe"},{"predicate":{"custom_model_data":10002},"model":"iasurvival:ia_auto_gen/bronze_pickaxe"},{"predicate":{"custom_model_data":10003},"model":"iaalchemy:ia_auto_gen/demoniac_hammer"},{"predicate":{"custom_model_data":10004},"model":"iaalchemy:ia_auto_gen/astral_pickaxe"},{"predicate":{"custom_model_data":10005},"model":"sapphire_knight_set:ia_auto_gen/sapphire_pickaxe"},{"predicate":{"custom_model_data":10006},"model":"iaalchemy:ia_auto_gen/demoniac_pickaxe"},{"predicate":{"custom_model_data":10007},"model":"item/diamond_pickaxe"}]}