{"parent":"minecraft:item/handheld","textures":{"layer0":"minecraft:item/diamond_axe"},"overrides":[{"predicate":{"custom_model_data":10000},"model":"sapphire_knight_set:ia_auto_gen/sapphire_axe"},{"predicate":{"custom_model_data":10001},"model":"iasurvival:ia_auto_gen/dark_amethyst_axe"},{"predicate":{"custom_model_data":10002},"model":"fantasy_weapons:item/azure_greataxe"},{"predicate":{"custom_model_data":10003},"model":"iasurvival:ia_auto_gen/ruby_axe"},{"predicate":{"custom_model_data":10004},"model":"iasurvival:ia_auto_gen/bronze_axe"},{"predicate":{"custom_model_data":10005},"model":"item/diamond_axe"}]}