{"parent":"minecraft:item/handheld","textures":{"layer0":"minecraft:item/iron_shovel"},"overrides":[{"predicate":{"custom_model_data":10000},"model":"lunaria_pack:blunaria_shovel/blunaria_shovel_1"},{"predicate":{"custom_model_data":10001},"model":"lunaria_pack:wlunaria_shovel/wlunaria_shovel_1"},{"predicate":{"custom_model_data":10002},"model":"fairyset:shovel"},{"predicate":{"custom_model_data":10003},"model":"littledragonset:shovel"},{"predicate":{"custom_model_data":10004},"model":"item/iron_shovel"}]}