{"parent":"minecraft:item/handheld","textures":{"layer0":"minecraft:item/iron_pickaxe"},"overrides":[{"predicate":{"custom_model_data":10000},"model":"lunaria_pack:blunaria_pickaxe/blunaria_pickaxe_1"},{"predicate":{"custom_model_data":10001},"model":"lunaria_pack:wlunaria_pickaxe/wlunaria_pickaxe_1"},{"predicate":{"custom_model_data":10002},"model":"fairyset:pickaxe"},{"predicate":{"custom_model_data":10003},"model":"iasurvival:ia_auto_gen/ruby_pickaxe"},{"predicate":{"custom_model_data":10004},"model":"littledragonset:pickaxe"},{"predicate":{"custom_model_data":10005},"model":"item/iron_pickaxe"}]}