{"parent":"item/generated","textures":{"layer0":"item/leather_helmet","layer1":"item/leather_helmet_overlay"},"overrides":[{"predicate":{"custom_model_data":10000},"model":"lunaria_pack:ia_auto_gen/wlunaria_helmet"},{"predicate":{"custom_model_data":10001},"model":"medieval_set:ia_auto_gen/medieval_helmet"},{"predicate":{"custom_model_data":10002},"model":"lunaria_pack:ia_auto_gen/blunaria_helmet"},{"predicate":{"custom_model_data":10003},"model":"littledragonset:ia_auto_gen/littledragonhelmet"},{"predicate":{"custom_model_data":10004},"model":"iasurvival:ia_auto_gen/obsidian_helmet"},{"predicate":{"custom_model_data":10005},"model":"sapphire_knight_set:ia_auto_gen/sapphire_helmet"},{"predicate":{"custom_model_data":10006},"model":"iasurvival:ia_auto_gen/ruby_helmet"},{"predicate":{"custom_model_data":10007},"model":"fairyset:ia_auto_gen/fairyhelmet"},{"predicate":{"custom_model_data":10008},"model":"iasurvival:ia_auto_gen/bronze_helmet"},{"predicate":{"custom_model_data":10009},"model":"iasurvival:ia_auto_gen/dark_amethyst_helmet"},{"predicate":{"custom_model_data":10010},"model":"item/leather_helmet"}]}