{"parent":"item/generated","textures":{"layer0":"item/leather_boots","layer1":"item/leather_boots_overlay"},"overrides":[{"predicate":{"custom_model_data":10000},"model":"iaalchemy:ia_auto_gen/mysterious_boots"},{"predicate":{"custom_model_data":10001},"model":"lunaria_pack:ia_auto_gen/wlunaria_boots"},{"predicate":{"custom_model_data":10002},"model":"medieval_set:ia_auto_gen/medieval_boots"},{"predicate":{"custom_model_data":10003},"model":"lunaria_pack:ia_auto_gen/blunaria_boots"},{"predicate":{"custom_model_data":10004},"model":"littledragonset:ia_auto_gen/littledragonboots"},{"predicate":{"custom_model_data":10005},"model":"iasurvival:ia_auto_gen/obsidian_boots"},{"predicate":{"custom_model_data":10006},"model":"sapphire_knight_set:ia_auto_gen/sapphire_boots"},{"predicate":{"custom_model_data":10007},"model":"iasurvival:ia_auto_gen/ruby_boots"},{"predicate":{"custom_model_data":10008},"model":"fairyset:ia_auto_gen/fairyboots"},{"predicate":{"custom_model_data":10009},"model":"iasurvival:ia_auto_gen/bronze_boots"},{"predicate":{"custom_model_data":10010},"model":"iasurvival:ia_auto_gen/dark_amethyst_boots"},{"predicate":{"custom_model_data":10011},"model":"item/leather_boots"}]}