{"textures":{"0":"fantasy_weapons:item/amethyst_greatblade","particle":"fantasy_weapons:item/amethyst_greatblade"},"elements":[{"name":"amethyst_greatblade_0","from":[7.9375,15.125,7.96875],"to":[8.0625,15.75,8.03125],"rotation":{"angle":0,"axis":"y","origin":[-1.3125,0,7.9375]},"faces":{"north":{"uv":[9.625,0.125,9.5,0.75],"texture":"#0"},"east":{"uv":[9.5,0.125,9.625,0.75],"texture":"#0"},"south":{"uv":[9.5,0.125,9.625,0.75],"texture":"#0"},"west":{"uv":[9.5,0.125,9.625,0.75],"texture":"#0"},"up":{"uv":[9.5,0.125,9.625,0.25],"texture":"#0"},"down":{"uv":[9.5,0.625,9.625,0.75],"texture":"#0"}}},{"name":"amethyst_greatblade_1","from":[7.8125,14.875,7.96875],"to":[7.9375,15.5,8.03125],"rotation":{"angle":0,"axis":"y","origin":[-1.3125,0,7.9375]},"faces":{"north":{"uv":[9.5,0.375,9.375,1],"texture":"#0"},"east":{"uv":[9.375,0.375,9.5,1],"texture":"#0"},"south":{"uv":[9.375,0.375,9.5,1],"texture":"#0"},"west":{"uv":[9.375,0.375,9.5,1],"texture":"#0"},"up":{"uv":[9.375,0.375,9.5,0.5],"texture":"#0"},"down":{"uv":[9.375,0.875,9.5,1],"texture":"#0"}}},{"name":"amethyst_greatblade_2","from":[8.0625,14.875,7.96875],"to":[8.1875,15.5,8.03125],"rotation":{"angle":0,"axis":"y","origin":[-1.3125,0,7.9375]},"faces":{"north":{"uv":[9.75,0.375,9.625,1],"texture":"#0"},"east":{"uv":[9.625,0.375,9.75,1],"texture":"#0"},"south":{"uv":[9.625,0.375,9.75,1],"texture":"#0"},"west":{"uv":[9.625,0.375,9.75,1],"texture":"#0"},"up":{"uv":[9.625,0.375,9.75,0.5],"texture":"#0"},"down":{"uv":[9.625,0.875,9.75,1],"texture":"#0"}}},{"name":"amethyst_greatblade_3","from":[7.6875,14.625,7.96875],"to":[7.8125,15.25,8.03125],"rotation":{"angle":0,"axis":"y","origin":[-1.3125,0,7.9375]},"faces":{"north":{"uv":[9.375,0.625,9.25,1.25],"texture":"#0"},"east":{"uv":[9.25,0.625,9.375,1.25],"texture":"#0"},"south":{"uv":[9.25,0.625,9.375,1.25],"texture":"#0"},"west":{"uv":[9.25,0.625,9.375,1.25],"texture":"#0"},"up":{"uv":[9.25,0.625,9.375,0.75],"texture":"#0"},"down":{"uv":[9.25,1.125,9.375,1.25],"texture":"#0"}}},{"name":"amethyst_greatblade_4","from":[8.1875,14.625,7.96875],"to":[8.3125,15.25,8.03125],"rotation":{"angle":0,"axis":"y","origin":[-1.3125,0,7.9375]},"faces":{"north":{"uv":[9.875,0.625,9.75,1.25],"texture":"#0"},"east":{"uv":[9.75,0.625,9.875,1.25],"texture":"#0"},"south":{"uv":[9.75,0.625,9.875,1.25],"texture":"#0"},"west":{"uv":[9.75,0.625,9.875,1.25],"texture":"#0"},"up":{"uv":[9.75,0.625,9.875,0.75],"texture":"#0"},"down":{"uv":[9.75,1.125,9.875,1.25],"texture":"#0"}}},{"name":"amethyst_greatblade_5","from":[7.9375,14.5,7.9375],"to":[8.0625,15.125,8.0625],"rotation":{"angle":0,"axis":"y","origin":[-1.3125,0,7.9375]},"faces":{"north":{"uv":[6,0.75,5.875,1.375],"texture":"#0"},"east":{"uv":[5.875,0.75,6,1.375],"texture":"#0"},"south":{"uv":[5.875,0.75,6,1.375],"texture":"#0"},"west":{"uv":[5.875,0.75,6,1.375],"texture":"#0"},"up":{"uv":[5.875,0.75,6,0.875],"texture":"#0"},"down":{"uv":[5.875,1.25,6,1.375],"texture":"#0"}}},{"name":"amethyst_greatblade_6","from":[7.5625,14.375,7.96875],"to":[7.6875,15,8.03125],"rotation":{"angle":0,"axis":"y","origin":[-1.3125,0,7.9375]},"faces":{"north":{"uv":[9.25,0.875,9.125,1.5],"texture":"#0"},"east":{"uv":[9.125,0.875,9.25,1.5],"texture":"#0"},"south":{"uv":[9.125,0.875,9.25,1.5],"texture":"#0"},"west":{"uv":[9.125,0.875,9.25,1.5],"texture":"#0"},"up":{"uv":[9.125,0.875,9.25,1],"texture":"#0"},"down":{"uv":[9.125,1.375,9.25,1.5],"texture":"#0"}}},{"name":"amethyst_greatblade_7","from":[8.3125,14.375,7.96875],"to":[8.4375,15,8.03125],"rotation":{"angle":0,"axis":"y","origin":[-1.3125,0,7.9375]},"faces":{"north":{"uv":[10,0.875,9.875,1.5],"texture":"#0"},"east":{"uv":[9.875,0.875,10,1.5],"texture":"#0"},"south":{"uv":[9.875,0.875,10,1.5],"texture":"#0"},"west":{"uv":[9.875,0.875,10,1.5],"texture":"#0"},"up":{"uv":[9.875,0.875,10,1],"texture":"#0"},"down":{"uv":[9.875,1.375,10,1.5],"texture":"#0"}}},{"name":"amethyst_greatblade_8","from":[7.8125,14.25,7.9375],"to":[7.9375,14.875,8.0625],"rotation":{"angle":0,"axis":"y","origin":[-1.3125,0,7.9375]},"faces":{"north":{"uv":[5.875,1,5.75,1.625],"texture":"#0"},"east":{"uv":[5.75,1,5.875,1.625],"texture":"#0"},"south":{"uv":[5.75,1,5.875,1.625],"texture":"#0"},"west":{"uv":[5.75,1,5.875,1.625],"texture":"#0"},"up":{"uv":[5.75,1,5.875,1.125],"texture":"#0"},"down":{"uv":[5.75,1.5,5.875,1.625],"texture":"#0"}}},{"name":"amethyst_greatblade_9","from":[8.0625,14.25,7.9375],"to":[8.1875,14.875,8.0625],"rotation":{"angle":0,"axis":"y","origin":[-1.3125,0,7.9375]},"faces":{"north":{"uv":[6.125,1,6,1.625],"texture":"#0"},"east":{"uv":[6,1,6.125,1.625],"texture":"#0"},"south":{"uv":[6,1,6.125,1.625],"texture":"#0"},"west":{"uv":[6,1,6.125,1.625],"texture":"#0"},"up":{"uv":[6,1,6.125,1.125],"texture":"#0"},"down":{"uv":[6,1.5,6.125,1.625],"texture":"#0"}}},{"name":"amethyst_greatblade_10","from":[7.4375,14.125,7.96875],"to":[7.5625,14.75,8.03125],"rotation":{"angle":0,"axis":"y","origin":[-1.3125,0,7.9375]},"faces":{"north":{"uv":[9.125,1.125,9,1.75],"texture":"#0"},"east":{"uv":[9,1.125,9.125,1.75],"texture":"#0"},"south":{"uv":[9,1.125,9.125,1.75],"texture":"#0"},"west":{"uv":[9,1.125,9.125,1.75],"texture":"#0"},"up":{"uv":[9,1.125,9.125,1.25],"texture":"#0"},"down":{"uv":[9,1.625,9.125,1.75],"texture":"#0"}}},{"name":"amethyst_greatblade_11","from":[8.4375,14.125,7.96875],"to":[8.5625,14.75,8.03125],"rotation":{"angle":0,"axis":"y","origin":[-1.3125,0,7.9375]},"faces":{"north":{"uv":[10.125,1.125,10,1.75],"texture":"#0"},"east":{"uv":[10,1.125,10.125,1.75],"texture":"#0"},"south":{"uv":[10,1.125,10.125,1.75],"texture":"#0"},"west":{"uv":[10,1.125,10.125,1.75],"texture":"#0"},"up":{"uv":[10,1.125,10.125,1.25],"texture":"#0"},"down":{"uv":[10,1.625,10.125,1.75],"texture":"#0"}}},{"name":"amethyst_greatblade_12","from":[7.6875,14,7.9375],"to":[7.8125,14.625,8.0625],"rotation":{"angle":0,"axis":"y","origin":[-1.3125,0,7.9375]},"faces":{"north":{"uv":[5.75,1.25,5.625,1.875],"texture":"#0"},"east":{"uv":[5.625,1.25,5.75,1.875],"texture":"#0"},"south":{"uv":[5.625,1.25,5.75,1.875],"texture":"#0"},"west":{"uv":[5.625,1.25,5.75,1.875],"texture":"#0"},"up":{"uv":[5.625,1.25,5.75,1.375],"texture":"#0"},"down":{"uv":[5.625,1.75,5.75,1.875],"texture":"#0"}}},{"name":"amethyst_greatblade_13","from":[8.1875,14,7.9375],"to":[8.3125,14.625,8.0625],"rotation":{"angle":0,"axis":"y","origin":[-1.3125,0,7.9375]},"faces":{"north":{"uv":[6.25,1.25,6.125,1.875],"texture":"#0"},"east":{"uv":[6.125,1.25,6.25,1.875],"texture":"#0"},"south":{"uv":[6.125,1.25,6.25,1.875],"texture":"#0"},"west":{"uv":[6.125,1.25,6.25,1.875],"texture":"#0"},"up":{"uv":[6.125,1.25,6.25,1.375],"texture":"#0"},"down":{"uv":[6.125,1.75,6.25,1.875],"texture":"#0"}}},{"name":"amethyst_greatblade_14","from":[7.9375,6.75,7.90625],"to":[8.0625,14.5,8.09375],"rotation":{"angle":0,"axis":"y","origin":[-1.3125,0,7.9375]},"faces":{"north":{"uv":[2.875,1.375,2.75,9.125],"texture":"#0"},"east":{"uv":[2.75,1.375,2.875,9.125],"texture":"#0"},"south":{"uv":[2.75,1.375,2.875,9.125],"texture":"#0"},"west":{"uv":[2.75,1.375,2.875,9.125],"texture":"#0"},"up":{"uv":[2.75,1.375,2.875,1.5],"texture":"#0"},"down":{"uv":[2.75,9,2.875,9.125],"texture":"#0"}}},{"name":"amethyst_greatblade_15","from":[7.3125,13.875,7.96875],"to":[7.4375,14.5,8.03125],"rotation":{"angle":0,"axis":"y","origin":[-1.3125,0,7.9375]},"faces":{"north":{"uv":[9,1.375,8.875,2],"texture":"#0"},"east":{"uv":[8.875,1.375,9,2],"texture":"#0"},"south":{"uv":[8.875,1.375,9,2],"texture":"#0"},"west":{"uv":[8.875,1.375,9,2],"texture":"#0"},"up":{"uv":[8.875,1.375,9,1.5],"texture":"#0"},"down":{"uv":[8.875,1.875,9,2],"texture":"#0"}}},{"name":"amethyst_greatblade_16","from":[8.5625,13.875,7.96875],"to":[8.6875,14.5,8.03125],"rotation":{"angle":0,"axis":"y","origin":[-1.3125,0,7.9375]},"faces":{"north":{"uv":[10.25,1.375,10.125,2],"texture":"#0"},"east":{"uv":[10.125,1.375,10.25,2],"texture":"#0"},"south":{"uv":[10.125,1.375,10.25,2],"texture":"#0"},"west":{"uv":[10.125,1.375,10.25,2],"texture":"#0"},"up":{"uv":[10.125,1.375,10.25,1.5],"texture":"#0"},"down":{"uv":[10.125,1.875,10.25,2],"texture":"#0"}}},{"name":"amethyst_greatblade_17","from":[7.5625,13.75,7.9375],"to":[7.6875,14.375,8.0625],"rotation":{"angle":0,"axis":"y","origin":[-1.3125,0,7.9375]},"faces":{"north":{"uv":[5.625,1.5,5.5,2.125],"texture":"#0"},"east":{"uv":[5.5,1.5,5.625,2.125],"texture":"#0"},"south":{"uv":[5.5,1.5,5.625,2.125],"texture":"#0"},"west":{"uv":[5.5,1.5,5.625,2.125],"texture":"#0"},"up":{"uv":[5.5,1.5,5.625,1.625],"texture":"#0"},"down":{"uv":[5.5,2,5.625,2.125],"texture":"#0"}}},{"name":"amethyst_greatblade_18","from":[8.3125,13.75,7.9375],"to":[8.4375,14.375,8.0625],"rotation":{"angle":0,"axis":"y","origin":[-1.3125,0,7.9375]},"faces":{"north":{"uv":[6.375,1.5,6.25,2.125],"texture":"#0"},"east":{"uv":[6.25,1.5,6.375,2.125],"texture":"#0"},"south":{"uv":[6.25,1.5,6.375,2.125],"texture":"#0"},"west":{"uv":[6.25,1.5,6.375,2.125],"texture":"#0"},"up":{"uv":[6.25,1.5,6.375,1.625],"texture":"#0"},"down":{"uv":[6.25,2,6.375,2.125],"texture":"#0"}}},{"name":"amethyst_greatblade_19","from":[7.8125,6.625,7.90625],"to":[7.9375,14.25,8.09375],"rotation":{"angle":0,"axis":"y","origin":[-1.3125,0,7.9375]},"faces":{"north":{"uv":[2.75,1.625,2.625,9.25],"texture":"#0"},"east":{"uv":[2.625,1.625,2.75,9.25],"texture":"#0"},"south":{"uv":[2.625,1.625,2.75,9.25],"texture":"#0"},"west":{"uv":[2.625,1.625,2.75,9.25],"texture":"#0"},"up":{"uv":[2.625,1.625,2.75,1.75],"texture":"#0"},"down":{"uv":[2.625,9.125,2.75,9.25],"texture":"#0"}}},{"name":"amethyst_greatblade_20","from":[8.0625,6.625,7.90625],"to":[8.1875,14.25,8.09375],"rotation":{"angle":0,"axis":"y","origin":[-1.3125,0,7.9375]},"faces":{"north":{"uv":[3,1.625,2.875,9.25],"texture":"#0"},"east":{"uv":[2.875,1.625,3,9.25],"texture":"#0"},"south":{"uv":[2.875,1.625,3,9.25],"texture":"#0"},"west":{"uv":[2.875,1.625,3,9.25],"texture":"#0"},"up":{"uv":[2.875,1.625,3,1.75],"texture":"#0"},"down":{"uv":[2.875,9.125,3,9.25],"texture":"#0"}}},{"name":"amethyst_greatblade_21","from":[7.1875,13.625,7.96875],"to":[7.3125,14.25,8.03125],"rotation":{"angle":0,"axis":"y","origin":[-1.3125,0,7.9375]},"faces":{"north":{"uv":[8.875,1.625,8.75,2.25],"texture":"#0"},"east":{"uv":[8.75,1.625,8.875,2.25],"texture":"#0"},"south":{"uv":[8.75,1.625,8.875,2.25],"texture":"#0"},"west":{"uv":[8.75,1.625,8.875,2.25],"texture":"#0"},"up":{"uv":[8.75,1.625,8.875,1.75],"texture":"#0"},"down":{"uv":[8.75,2.125,8.875,2.25],"texture":"#0"}}},{"name":"amethyst_greatblade_22","from":[8.6875,13.625,7.96875],"to":[8.8125,14.25,8.03125],"rotation":{"angle":0,"axis":"y","origin":[-1.3125,0,7.9375]},"faces":{"north":{"uv":[10.375,1.625,10.25,2.25],"texture":"#0"},"east":{"uv":[10.25,1.625,10.375,2.25],"texture":"#0"},"south":{"uv":[10.25,1.625,10.375,2.25],"texture":"#0"},"west":{"uv":[10.25,1.625,10.375,2.25],"texture":"#0"},"up":{"uv":[10.25,1.625,10.375,1.75],"texture":"#0"},"down":{"uv":[10.25,2.125,10.375,2.25],"texture":"#0"}}},{"name":"amethyst_greatblade_23","from":[7.4375,7.625,7.9375],"to":[7.5625,14.125,8.0625],"rotation":{"angle":0,"axis":"y","origin":[-1.3125,0,7.9375]},"faces":{"north":{"uv":[5.5,1.75,5.375,8.25],"texture":"#0"},"east":{"uv":[5.375,1.75,5.5,8.25],"texture":"#0"},"south":{"uv":[5.375,1.75,5.5,8.25],"texture":"#0"},"west":{"uv":[5.375,1.75,5.5,8.25],"texture":"#0"},"up":{"uv":[5.375,1.75,5.5,1.875],"texture":"#0"},"down":{"uv":[5.375,8.125,5.5,8.25],"texture":"#0"}}},{"name":"amethyst_greatblade_24","from":[8.4375,7.625,7.9375],"to":[8.5625,14.125,8.0625],"rotation":{"angle":0,"axis":"y","origin":[-1.3125,0,7.9375]},"faces":{"north":{"uv":[6.5,1.75,6.375,8.25],"texture":"#0"},"east":{"uv":[6.375,1.75,6.5,8.25],"texture":"#0"},"south":{"uv":[6.375,1.75,6.5,8.25],"texture":"#0"},"west":{"uv":[6.375,1.75,6.5,8.25],"texture":"#0"},"up":{"uv":[6.375,1.75,6.5,1.875],"texture":"#0"},"down":{"uv":[6.375,8.125,6.5,8.25],"texture":"#0"}}},{"name":"amethyst_greatblade_25","from":[7.6875,6.5,7.90625],"to":[7.8125,14,8.09375],"rotation":{"angle":0,"axis":"y","origin":[-1.3125,0,7.9375]},"faces":{"north":{"uv":[2.625,1.875,2.5,9.375],"texture":"#0"},"east":{"uv":[2.5,1.875,2.625,9.375],"texture":"#0"},"south":{"uv":[2.5,1.875,2.625,9.375],"texture":"#0"},"west":{"uv":[2.5,1.875,2.625,9.375],"texture":"#0"},"up":{"uv":[2.5,1.875,2.625,2],"texture":"#0"},"down":{"uv":[2.5,9.25,2.625,9.375],"texture":"#0"}}},{"name":"amethyst_greatblade_26","from":[8.1875,6.5,7.90625],"to":[8.3125,14,8.09375],"rotation":{"angle":0,"axis":"y","origin":[-1.3125,0,7.9375]},"faces":{"north":{"uv":[3.125,1.875,3,9.375],"texture":"#0"},"east":{"uv":[3,1.875,3.125,9.375],"texture":"#0"},"south":{"uv":[3,1.875,3.125,9.375],"texture":"#0"},"west":{"uv":[3,1.875,3.125,9.375],"texture":"#0"},"up":{"uv":[3,1.875,3.125,2],"texture":"#0"},"down":{"uv":[3,9.25,3.125,9.375],"texture":"#0"}}},{"name":"amethyst_greatblade_27","from":[7.0625,12.875,7.96875],"to":[7.1875,14,8.03125],"rotation":{"angle":0,"axis":"y","origin":[-1.3125,0,7.9375]},"faces":{"north":{"uv":[8.75,1.875,8.625,3],"texture":"#0"},"east":{"uv":[8.625,1.875,8.75,3],"texture":"#0"},"south":{"uv":[8.625,1.875,8.75,3],"texture":"#0"},"west":{"uv":[8.625,1.875,8.75,3],"texture":"#0"},"up":{"uv":[8.625,1.875,8.75,2],"texture":"#0"},"down":{"uv":[8.625,2.875,8.75,3],"texture":"#0"}}},{"name":"amethyst_greatblade_28","from":[8.8125,12.875,7.96875],"to":[8.9375,14,8.03125],"rotation":{"angle":0,"axis":"y","origin":[-1.3125,0,7.9375]},"faces":{"north":{"uv":[10.5,1.875,10.375,3],"texture":"#0"},"east":{"uv":[10.375,1.875,10.5,3],"texture":"#0"},"south":{"uv":[10.375,1.875,10.5,3],"texture":"#0"},"west":{"uv":[10.375,1.875,10.5,3],"texture":"#0"},"up":{"uv":[10.375,1.875,10.5,2],"texture":"#0"},"down":{"uv":[10.375,2.875,10.5,3],"texture":"#0"}}},{"name":"amethyst_greatblade_29","from":[7.3125,13,7.9375],"to":[7.4375,13.875,8.0625],"rotation":{"angle":0,"axis":"y","origin":[-1.3125,0,7.9375]},"faces":{"north":{"uv":[5.375,2,5.25,2.875],"texture":"#0"},"east":{"uv":[5.25,2,5.375,2.875],"texture":"#0"},"south":{"uv":[5.25,2,5.375,2.875],"texture":"#0"},"west":{"uv":[5.25,2,5.375,2.875],"texture":"#0"},"up":{"uv":[5.25,2,5.375,2.125],"texture":"#0"},"down":{"uv":[5.25,2.75,5.375,2.875],"texture":"#0"}}},{"name":"amethyst_greatblade_30","from":[8.5625,13,7.9375],"to":[8.6875,13.875,8.0625],"rotation":{"angle":0,"axis":"y","origin":[-1.3125,0,7.9375]},"faces":{"north":{"uv":[6.625,2,6.5,2.875],"texture":"#0"},"east":{"uv":[6.5,2,6.625,2.875],"texture":"#0"},"south":{"uv":[6.5,2,6.625,2.875],"texture":"#0"},"west":{"uv":[6.5,2,6.625,2.875],"texture":"#0"},"up":{"uv":[6.5,2,6.625,2.125],"texture":"#0"},"down":{"uv":[6.5,2.75,6.625,2.875],"texture":"#0"}}},{"name":"amethyst_greatblade_31","from":[7.5625,13.125,7.90625],"to":[7.6875,13.75,8.09375],"rotation":{"angle":0,"axis":"y","origin":[-1.3125,0,7.9375]},"faces":{"north":{"uv":[2.5,2.125,2.375,2.75],"texture":"#0"},"east":{"uv":[2.375,2.125,2.5,2.75],"texture":"#0"},"south":{"uv":[2.375,2.125,2.5,2.75],"texture":"#0"},"west":{"uv":[2.375,2.125,2.5,2.75],"texture":"#0"},"up":{"uv":[2.375,2.125,2.5,2.25],"texture":"#0"},"down":{"uv":[2.375,2.625,2.5,2.75],"texture":"#0"}}},{"name":"amethyst_greatblade_32","from":[8.3125,13.125,7.90625],"to":[8.4375,13.75,8.09375],"rotation":{"angle":0,"axis":"y","origin":[-1.3125,0,7.9375]},"faces":{"north":{"uv":[3.25,2.125,3.125,2.75],"texture":"#0"},"east":{"uv":[3.125,2.125,3.25,2.75],"texture":"#0"},"south":{"uv":[3.125,2.125,3.25,2.75],"texture":"#0"},"west":{"uv":[3.125,2.125,3.25,2.75],"texture":"#0"},"up":{"uv":[3.125,2.125,3.25,2.25],"texture":"#0"},"down":{"uv":[3.125,2.625,3.25,2.75],"texture":"#0"}}},{"name":"amethyst_greatblade_33","from":[6.9375,13.375,7.96875],"to":[7.0625,13.75,8.03125],"rotation":{"angle":0,"axis":"y","origin":[-1.3125,0,7.9375]},"faces":{"north":{"uv":[8.625,2.125,8.5,2.5],"texture":"#0"},"east":{"uv":[8.5,2.125,8.625,2.5],"texture":"#0"},"south":{"uv":[8.5,2.125,8.625,2.5],"texture":"#0"},"west":{"uv":[8.5,2.125,8.625,2.5],"texture":"#0"},"up":{"uv":[8.5,2.125,8.625,2.25],"texture":"#0"},"down":{"uv":[8.5,2.375,8.625,2.5],"texture":"#0"}}},{"name":"amethyst_greatblade_34","from":[8.9375,13.375,7.96875],"to":[9.0625,13.75,8.03125],"rotation":{"angle":0,"axis":"y","origin":[-1.3125,0,7.9375]},"faces":{"north":{"uv":[10.625,2.125,10.5,2.5],"texture":"#0"},"east":{"uv":[10.5,2.125,10.625,2.5],"texture":"#0"},"south":{"uv":[10.5,2.125,10.625,2.5],"texture":"#0"},"west":{"uv":[10.5,2.125,10.625,2.5],"texture":"#0"},"up":{"uv":[10.5,2.125,10.625,2.25],"texture":"#0"},"down":{"uv":[10.5,2.375,10.625,2.5],"texture":"#0"}}},{"name":"amethyst_greatblade_35","from":[7.1875,13.5,7.9375],"to":[7.3125,13.625,8.0625],"rotation":{"angle":0,"axis":"y","origin":[-1.3125,0,7.9375]},"faces":{"north":{"uv":[5.25,2.25,5.125,2.375],"texture":"#0"},"east":{"uv":[5.125,2.25,5.25,2.375],"texture":"#0"},"south":{"uv":[5.125,2.25,5.25,2.375],"texture":"#0"},"west":{"uv":[5.125,2.25,5.25,2.375],"texture":"#0"},"up":{"uv":[5.125,2.25,5.25,2.375],"texture":"#0"},"down":{"uv":[5.125,2.25,5.25,2.375],"texture":"#0"}}},{"name":"amethyst_greatblade_36","from":[8.6875,13.5,7.9375],"to":[8.8125,13.625,8.0625],"rotation":{"angle":0,"axis":"y","origin":[-1.3125,0,7.9375]},"faces":{"north":{"uv":[6.75,2.25,6.625,2.375],"texture":"#0"},"east":{"uv":[6.625,2.25,6.75,2.375],"texture":"#0"},"south":{"uv":[6.625,2.25,6.75,2.375],"texture":"#0"},"west":{"uv":[6.625,2.25,6.75,2.375],"texture":"#0"},"up":{"uv":[6.625,2.25,6.75,2.375],"texture":"#0"},"down":{"uv":[6.625,2.25,6.75,2.375],"texture":"#0"}}},{"name":"amethyst_greatblade_37","from":[6.8125,13.5,7.96875],"to":[6.9375,13.625,8.03125],"rotation":{"angle":0,"axis":"y","origin":[-1.3125,0,7.9375]},"faces":{"north":{"uv":[8.5,2.25,8.375,2.375],"texture":"#0"},"east":{"uv":[8.375,2.25,8.5,2.375],"texture":"#0"},"south":{"uv":[8.375,2.25,8.5,2.375],"texture":"#0"},"west":{"uv":[8.375,2.25,8.5,2.375],"texture":"#0"},"up":{"uv":[8.375,2.25,8.5,2.375],"texture":"#0"},"down":{"uv":[8.375,2.25,8.5,2.375],"texture":"#0"}}},{"name":"amethyst_greatblade_38","from":[9.0625,13.5,7.96875],"to":[9.1875,13.625,8.03125],"rotation":{"angle":0,"axis":"y","origin":[-1.3125,0,7.9375]},"faces":{"north":{"uv":[10.75,2.25,10.625,2.375],"texture":"#0"},"east":{"uv":[10.625,2.25,10.75,2.375],"texture":"#0"},"south":{"uv":[10.625,2.25,10.75,2.375],"texture":"#0"},"west":{"uv":[10.625,2.25,10.75,2.375],"texture":"#0"},"up":{"uv":[10.625,2.25,10.75,2.375],"texture":"#0"},"down":{"uv":[10.625,2.25,10.75,2.375],"texture":"#0"}}},{"name":"amethyst_greatblade_39","from":[7.1875,7.75,7.96875],"to":[7.3125,13.5,8.03125],"rotation":{"angle":0,"axis":"y","origin":[-1.3125,0,7.9375]},"faces":{"north":{"uv":[8.875,2.375,8.75,8.125],"texture":"#0"},"east":{"uv":[8.75,2.375,8.875,8.125],"texture":"#0"},"south":{"uv":[8.75,2.375,8.875,8.125],"texture":"#0"},"west":{"uv":[8.75,2.375,8.875,8.125],"texture":"#0"},"up":{"uv":[8.75,2.375,8.875,2.5],"texture":"#0"},"down":{"uv":[8.75,8,8.875,8.125],"texture":"#0"}}},{"name":"amethyst_greatblade_40","from":[8.6875,7.75,7.96875],"to":[8.8125,13.5,8.03125],"rotation":{"angle":0,"axis":"y","origin":[-1.3125,0,7.9375]},"faces":{"north":{"uv":[10.375,2.375,10.25,8.125],"texture":"#0"},"east":{"uv":[10.25,2.375,10.375,8.125],"texture":"#0"},"south":{"uv":[10.25,2.375,10.375,8.125],"texture":"#0"},"west":{"uv":[10.25,2.375,10.375,8.125],"texture":"#0"},"up":{"uv":[10.25,2.375,10.375,2.5],"texture":"#0"},"down":{"uv":[10.25,8,10.375,8.125],"texture":"#0"}}},{"name":"amethyst_greatblade_41","from":[7.5625,8.25,7.9375],"to":[7.6875,13.125,8.0625],"rotation":{"angle":0,"axis":"y","origin":[-1.3125,0,7.9375]},"faces":{"north":{"uv":[5.625,2.75,5.5,7.625],"texture":"#0"},"east":{"uv":[5.5,2.75,5.625,7.625],"texture":"#0"},"south":{"uv":[5.5,2.75,5.625,7.625],"texture":"#0"},"west":{"uv":[5.5,2.75,5.625,7.625],"texture":"#0"},"up":{"uv":[5.5,2.75,5.625,2.875],"texture":"#0"},"down":{"uv":[5.5,7.5,5.625,7.625],"texture":"#0"}}},{"name":"amethyst_greatblade_42","from":[8.3125,8.25,7.9375],"to":[8.4375,13.125,8.0625],"rotation":{"angle":0,"axis":"y","origin":[-1.3125,0,7.9375]},"faces":{"north":{"uv":[6.375,2.75,6.25,7.625],"texture":"#0"},"east":{"uv":[6.25,2.75,6.375,7.625],"texture":"#0"},"south":{"uv":[6.25,2.75,6.375,7.625],"texture":"#0"},"west":{"uv":[6.25,2.75,6.375,7.625],"texture":"#0"},"up":{"uv":[6.25,2.75,6.375,2.875],"texture":"#0"},"down":{"uv":[6.25,7.5,6.375,7.625],"texture":"#0"}}},{"name":"amethyst_greatblade_43","from":[7.3125,8.375,7.96875],"to":[7.4375,13,8.03125],"rotation":{"angle":0,"axis":"y","origin":[-1.3125,0,7.9375]},"faces":{"north":{"uv":[9,2.875,8.875,7.5],"texture":"#0"},"east":{"uv":[8.875,2.875,9,7.5],"texture":"#0"},"south":{"uv":[8.875,2.875,9,7.5],"texture":"#0"},"west":{"uv":[8.875,2.875,9,7.5],"texture":"#0"},"up":{"uv":[8.875,2.875,9,3],"texture":"#0"},"down":{"uv":[8.875,7.375,9,7.5],"texture":"#0"}}},{"name":"amethyst_greatblade_44","from":[8.5625,8.375,7.96875],"to":[8.6875,13,8.03125],"rotation":{"angle":0,"axis":"y","origin":[-1.3125,0,7.9375]},"faces":{"north":{"uv":[10.25,2.875,10.125,7.5],"texture":"#0"},"east":{"uv":[10.125,2.875,10.25,7.5],"texture":"#0"},"south":{"uv":[10.125,2.875,10.25,7.5],"texture":"#0"},"west":{"uv":[10.125,2.875,10.25,7.5],"texture":"#0"},"up":{"uv":[10.125,2.875,10.25,3],"texture":"#0"},"down":{"uv":[10.125,7.375,10.25,7.5],"texture":"#0"}}},{"name":"amethyst_greatblade_45","from":[7.0625,7.375,7.96875],"to":[7.1875,8.5,8.03125],"rotation":{"angle":0,"axis":"y","origin":[-1.3125,0,7.9375]},"faces":{"north":{"uv":[8.75,7.375,8.625,8.5],"texture":"#0"},"east":{"uv":[8.625,7.375,8.75,8.5],"texture":"#0"},"south":{"uv":[8.625,7.375,8.75,8.5],"texture":"#0"},"west":{"uv":[8.625,7.375,8.75,8.5],"texture":"#0"},"up":{"uv":[8.625,7.375,8.75,7.5],"texture":"#0"},"down":{"uv":[8.625,8.375,8.75,8.5],"texture":"#0"}}},{"name":"amethyst_greatblade_46","from":[8.8125,7.375,7.96875],"to":[8.9375,8.5,8.03125],"rotation":{"angle":0,"axis":"y","origin":[-1.3125,0,7.9375]},"faces":{"north":{"uv":[10.5,7.375,10.375,8.5],"texture":"#0"},"east":{"uv":[10.375,7.375,10.5,8.5],"texture":"#0"},"south":{"uv":[10.375,7.375,10.5,8.5],"texture":"#0"},"west":{"uv":[10.375,7.375,10.5,8.5],"texture":"#0"},"up":{"uv":[10.375,7.375,10.5,7.5],"texture":"#0"},"down":{"uv":[10.375,8.375,10.5,8.5],"texture":"#0"}}},{"name":"amethyst_greatblade_47","from":[7.3125,7.25,7.9375],"to":[7.4375,8.375,8.0625],"rotation":{"angle":0,"axis":"y","origin":[-1.3125,0,7.9375]},"faces":{"north":{"uv":[5.375,7.5,5.25,8.625],"texture":"#0"},"east":{"uv":[5.25,7.5,5.375,8.625],"texture":"#0"},"south":{"uv":[5.25,7.5,5.375,8.625],"texture":"#0"},"west":{"uv":[5.25,7.5,5.375,8.625],"texture":"#0"},"up":{"uv":[5.25,7.5,5.375,7.625],"texture":"#0"},"down":{"uv":[5.25,8.5,5.375,8.625],"texture":"#0"}}},{"name":"amethyst_greatblade_48","from":[8.5625,7.25,7.9375],"to":[8.6875,8.375,8.0625],"rotation":{"angle":0,"axis":"y","origin":[-1.3125,0,7.9375]},"faces":{"north":{"uv":[6.625,7.5,6.5,8.625],"texture":"#0"},"east":{"uv":[6.5,7.5,6.625,8.625],"texture":"#0"},"south":{"uv":[6.5,7.5,6.625,8.625],"texture":"#0"},"west":{"uv":[6.5,7.5,6.625,8.625],"texture":"#0"},"up":{"uv":[6.5,7.5,6.625,7.625],"texture":"#0"},"down":{"uv":[6.5,8.5,6.625,8.625],"texture":"#0"}}},{"name":"amethyst_greatblade_49","from":[7.5625,6.375,7.90625],"to":[7.6875,8.25,8.09375],"rotation":{"angle":0,"axis":"y","origin":[-1.3125,0,7.9375]},"faces":{"north":{"uv":[2.5,7.625,2.375,9.5],"texture":"#0"},"east":{"uv":[2.375,7.625,2.5,9.5],"texture":"#0"},"south":{"uv":[2.375,7.625,2.5,9.5],"texture":"#0"},"west":{"uv":[2.375,7.625,2.5,9.5],"texture":"#0"},"up":{"uv":[2.375,7.625,2.5,7.75],"texture":"#0"},"down":{"uv":[2.375,9.375,2.5,9.5],"texture":"#0"}}},{"name":"amethyst_greatblade_50","from":[8.3125,6.375,7.90625],"to":[8.4375,8.25,8.09375],"rotation":{"angle":0,"axis":"y","origin":[-1.3125,0,7.9375]},"faces":{"north":{"uv":[3.25,7.625,3.125,9.5],"texture":"#0"},"east":{"uv":[3.125,7.625,3.25,9.5],"texture":"#0"},"south":{"uv":[3.125,7.625,3.25,9.5],"texture":"#0"},"west":{"uv":[3.125,7.625,3.25,9.5],"texture":"#0"},"up":{"uv":[3.125,7.625,3.25,7.75],"texture":"#0"},"down":{"uv":[3.125,9.375,3.25,9.5],"texture":"#0"}}},{"name":"amethyst_greatblade_51","from":[6.9375,7.25,7.96875],"to":[7.0625,7.875,8.03125],"rotation":{"angle":0,"axis":"y","origin":[-1.3125,0,7.9375]},"faces":{"north":{"uv":[8.625,8,8.5,8.625],"texture":"#0"},"east":{"uv":[8.5,8,8.625,8.625],"texture":"#0"},"south":{"uv":[8.5,8,8.625,8.625],"texture":"#0"},"west":{"uv":[8.5,8,8.625,8.625],"texture":"#0"},"up":{"uv":[8.5,8,8.625,8.125],"texture":"#0"},"down":{"uv":[8.5,8.5,8.625,8.625],"texture":"#0"}}},{"name":"amethyst_greatblade_52","from":[8.9375,7.25,7.96875],"to":[9.0625,7.875,8.03125],"rotation":{"angle":0,"axis":"y","origin":[-1.3125,0,7.9375]},"faces":{"north":{"uv":[10.625,8,10.5,8.625],"texture":"#0"},"east":{"uv":[10.5,8,10.625,8.625],"texture":"#0"},"south":{"uv":[10.5,8,10.625,8.625],"texture":"#0"},"west":{"uv":[10.5,8,10.625,8.625],"texture":"#0"},"up":{"uv":[10.5,8,10.625,8.125],"texture":"#0"},"down":{"uv":[10.5,8.5,10.625,8.625],"texture":"#0"}}},{"name":"amethyst_greatblade_53","from":[7.1875,7.125,7.9375],"to":[7.3125,7.75,8.0625],"rotation":{"angle":0,"axis":"y","origin":[-1.3125,0,7.9375]},"faces":{"north":{"uv":[5.25,8.125,5.125,8.75],"texture":"#0"},"east":{"uv":[5.125,8.125,5.25,8.75],"texture":"#0"},"south":{"uv":[5.125,8.125,5.25,8.75],"texture":"#0"},"west":{"uv":[5.125,8.125,5.25,8.75],"texture":"#0"},"up":{"uv":[5.125,8.125,5.25,8.25],"texture":"#0"},"down":{"uv":[5.125,8.625,5.25,8.75],"texture":"#0"}}},{"name":"amethyst_greatblade_54","from":[8.6875,7.125,7.9375],"to":[8.8125,7.75,8.0625],"rotation":{"angle":0,"axis":"y","origin":[-1.3125,0,7.9375]},"faces":{"north":{"uv":[6.75,8.125,6.625,8.75],"texture":"#0"},"east":{"uv":[6.625,8.125,6.75,8.75],"texture":"#0"},"south":{"uv":[6.625,8.125,6.75,8.75],"texture":"#0"},"west":{"uv":[6.625,8.125,6.75,8.75],"texture":"#0"},"up":{"uv":[6.625,8.125,6.75,8.25],"texture":"#0"},"down":{"uv":[6.625,8.625,6.75,8.75],"texture":"#0"}}},{"name":"amethyst_greatblade_55","from":[7.4375,6.25,7.90625],"to":[7.5625,7.625,8.09375],"rotation":{"angle":0,"axis":"y","origin":[-1.3125,0,7.9375]},"faces":{"north":{"uv":[2.375,8.25,2.25,9.625],"texture":"#0"},"east":{"uv":[2.25,8.25,2.375,9.625],"texture":"#0"},"south":{"uv":[2.25,8.25,2.375,9.625],"texture":"#0"},"west":{"uv":[2.25,8.25,2.375,9.625],"texture":"#0"},"up":{"uv":[2.25,8.25,2.375,8.375],"texture":"#0"},"down":{"uv":[2.25,9.5,2.375,9.625],"texture":"#0"}}},{"name":"amethyst_greatblade_56","from":[8.4375,6.25,7.90625],"to":[8.5625,7.625,8.09375],"rotation":{"angle":0,"axis":"y","origin":[-1.3125,0,7.9375]},"faces":{"north":{"uv":[3.375,8.25,3.25,9.625],"texture":"#0"},"east":{"uv":[3.25,8.25,3.375,9.625],"texture":"#0"},"south":{"uv":[3.25,8.25,3.375,9.625],"texture":"#0"},"west":{"uv":[3.25,8.25,3.375,9.625],"texture":"#0"},"up":{"uv":[3.25,8.25,3.375,8.375],"texture":"#0"},"down":{"uv":[3.25,9.5,3.375,9.625],"texture":"#0"}}},{"name":"amethyst_greatblade_57","from":[6.8125,7.125,7.96875],"to":[6.9375,7.5,8.03125],"rotation":{"angle":0,"axis":"y","origin":[-1.3125,0,7.9375]},"faces":{"north":{"uv":[8.5,8.375,8.375,8.75],"texture":"#0"},"east":{"uv":[8.375,8.375,8.5,8.75],"texture":"#0"},"south":{"uv":[8.375,8.375,8.5,8.75],"texture":"#0"},"west":{"uv":[8.375,8.375,8.5,8.75],"texture":"#0"},"up":{"uv":[8.375,8.375,8.5,8.5],"texture":"#0"},"down":{"uv":[8.375,8.625,8.5,8.75],"texture":"#0"}}},{"name":"amethyst_greatblade_58","from":[9.0625,7.125,7.96875],"to":[9.1875,7.5,8.03125],"rotation":{"angle":0,"axis":"y","origin":[-1.3125,0,7.9375]},"faces":{"north":{"uv":[10.75,8.375,10.625,8.75],"texture":"#0"},"east":{"uv":[10.625,8.375,10.75,8.75],"texture":"#0"},"south":{"uv":[10.625,8.375,10.75,8.75],"texture":"#0"},"west":{"uv":[10.625,8.375,10.75,8.75],"texture":"#0"},"up":{"uv":[10.625,8.375,10.75,8.5],"texture":"#0"},"down":{"uv":[10.625,8.625,10.75,8.75],"texture":"#0"}}},{"name":"amethyst_greatblade_59","from":[7.0625,7,7.9375],"to":[7.1875,7.375,8.0625],"rotation":{"angle":0,"axis":"y","origin":[-1.3125,0,7.9375]},"faces":{"north":{"uv":[5.125,8.5,5,8.875],"texture":"#0"},"east":{"uv":[5,8.5,5.125,8.875],"texture":"#0"},"south":{"uv":[5,8.5,5.125,8.875],"texture":"#0"},"west":{"uv":[5,8.5,5.125,8.875],"texture":"#0"},"up":{"uv":[5,8.5,5.125,8.625],"texture":"#0"},"down":{"uv":[5,8.75,5.125,8.875],"texture":"#0"}}},{"name":"amethyst_greatblade_60","from":[8.8125,7,7.9375],"to":[8.9375,7.375,8.0625],"rotation":{"angle":0,"axis":"y","origin":[-1.3125,0,7.9375]},"faces":{"north":{"uv":[6.875,8.5,6.75,8.875],"texture":"#0"},"east":{"uv":[6.75,8.5,6.875,8.875],"texture":"#0"},"south":{"uv":[6.75,8.5,6.875,8.875],"texture":"#0"},"west":{"uv":[6.75,8.5,6.875,8.875],"texture":"#0"},"up":{"uv":[6.75,8.5,6.875,8.625],"texture":"#0"},"down":{"uv":[6.75,8.75,6.875,8.875],"texture":"#0"}}},{"name":"amethyst_greatblade_61","from":[6.6875,7,7.96875],"to":[6.8125,7.375,8.03125],"rotation":{"angle":0,"axis":"y","origin":[-1.3125,0,7.9375]},"faces":{"north":{"uv":[8.375,8.5,8.25,8.875],"texture":"#0"},"east":{"uv":[8.25,8.5,8.375,8.875],"texture":"#0"},"south":{"uv":[8.25,8.5,8.375,8.875],"texture":"#0"},"west":{"uv":[8.25,8.5,8.375,8.875],"texture":"#0"},"up":{"uv":[8.25,8.5,8.375,8.625],"texture":"#0"},"down":{"uv":[8.25,8.75,8.375,8.875],"texture":"#0"}}},{"name":"amethyst_greatblade_62","from":[9.1875,7,7.96875],"to":[9.3125,7.375,8.03125],"rotation":{"angle":0,"axis":"y","origin":[-1.3125,0,7.9375]},"faces":{"north":{"uv":[10.875,8.5,10.75,8.875],"texture":"#0"},"east":{"uv":[10.75,8.5,10.875,8.875],"texture":"#0"},"south":{"uv":[10.75,8.5,10.875,8.875],"texture":"#0"},"west":{"uv":[10.75,8.5,10.875,8.875],"texture":"#0"},"up":{"uv":[10.75,8.5,10.875,8.625],"texture":"#0"},"down":{"uv":[10.75,8.75,10.875,8.875],"texture":"#0"}}},{"name":"amethyst_greatblade_63","from":[7.3125,6.375,7.90625],"to":[7.4375,7.25,8.09375],"rotation":{"angle":0,"axis":"y","origin":[-1.3125,0,7.9375]},"faces":{"north":{"uv":[2.25,8.625,2.125,9.5],"texture":"#0"},"east":{"uv":[2.125,8.625,2.25,9.5],"texture":"#0"},"south":{"uv":[2.125,8.625,2.25,9.5],"texture":"#0"},"west":{"uv":[2.125,8.625,2.25,9.5],"texture":"#0"},"up":{"uv":[2.125,8.625,2.25,8.75],"texture":"#0"},"down":{"uv":[2.125,9.375,2.25,9.5],"texture":"#0"}}},{"name":"amethyst_greatblade_64","from":[8.5625,6.375,7.90625],"to":[8.6875,7.25,8.09375],"rotation":{"angle":0,"axis":"y","origin":[-1.3125,0,7.9375]},"faces":{"north":{"uv":[3.5,8.625,3.375,9.5],"texture":"#0"},"east":{"uv":[3.375,8.625,3.5,9.5],"texture":"#0"},"south":{"uv":[3.375,8.625,3.5,9.5],"texture":"#0"},"west":{"uv":[3.375,8.625,3.5,9.5],"texture":"#0"},"up":{"uv":[3.375,8.625,3.5,8.75],"texture":"#0"},"down":{"uv":[3.375,9.375,3.5,9.5],"texture":"#0"}}},{"name":"amethyst_greatblade_65","from":[6.9375,6.875,7.9375],"to":[7.0625,7.25,8.0625],"rotation":{"angle":0,"axis":"y","origin":[-1.3125,0,7.9375]},"faces":{"north":{"uv":[5,8.625,4.875,9],"texture":"#0"},"east":{"uv":[4.875,8.625,5,9],"texture":"#0"},"south":{"uv":[4.875,8.625,5,9],"texture":"#0"},"west":{"uv":[4.875,8.625,5,9],"texture":"#0"},"up":{"uv":[4.875,8.625,5,8.75],"texture":"#0"},"down":{"uv":[4.875,8.875,5,9],"texture":"#0"}}},{"name":"amethyst_greatblade_66","from":[8.9375,6.875,7.9375],"to":[9.0625,7.25,8.0625],"rotation":{"angle":0,"axis":"y","origin":[-1.3125,0,7.9375]},"faces":{"north":{"uv":[7,8.625,6.875,9],"texture":"#0"},"east":{"uv":[6.875,8.625,7,9],"texture":"#0"},"south":{"uv":[6.875,8.625,7,9],"texture":"#0"},"west":{"uv":[6.875,8.625,7,9],"texture":"#0"},"up":{"uv":[6.875,8.625,7,8.75],"texture":"#0"},"down":{"uv":[6.875,8.875,7,9],"texture":"#0"}}},{"name":"amethyst_greatblade_67","from":[6.5625,7.125,7.96875],"to":[6.6875,7.25,8.03125],"rotation":{"angle":0,"axis":"y","origin":[-1.3125,0,7.9375]},"faces":{"north":{"uv":[8.25,8.625,8.125,8.75],"texture":"#0"},"east":{"uv":[8.125,8.625,8.25,8.75],"texture":"#0"},"south":{"uv":[8.125,8.625,8.25,8.75],"texture":"#0"},"west":{"uv":[8.125,8.625,8.25,8.75],"texture":"#0"},"up":{"uv":[8.125,8.625,8.25,8.75],"texture":"#0"},"down":{"uv":[8.125,8.625,8.25,8.75],"texture":"#0"}}},{"name":"amethyst_greatblade_68","from":[9.3125,7.125,7.96875],"to":[9.4375,7.25,8.03125],"rotation":{"angle":0,"axis":"y","origin":[-1.3125,0,7.9375]},"faces":{"north":{"uv":[11,8.625,10.875,8.75],"texture":"#0"},"east":{"uv":[10.875,8.625,11,8.75],"texture":"#0"},"south":{"uv":[10.875,8.625,11,8.75],"texture":"#0"},"west":{"uv":[10.875,8.625,11,8.75],"texture":"#0"},"up":{"uv":[10.875,8.625,11,8.75],"texture":"#0"},"down":{"uv":[10.875,8.625,11,8.75],"texture":"#0"}}},{"name":"amethyst_greatblade_69","from":[7.1875,6.375,7.90625],"to":[7.3125,7.125,8.09375],"rotation":{"angle":0,"axis":"y","origin":[-1.3125,0,7.9375]},"faces":{"north":{"uv":[2.125,8.75,2,9.5],"texture":"#0"},"east":{"uv":[2,8.75,2.125,9.5],"texture":"#0"},"south":{"uv":[2,8.75,2.125,9.5],"texture":"#0"},"west":{"uv":[2,8.75,2.125,9.5],"texture":"#0"},"up":{"uv":[2,8.75,2.125,8.875],"texture":"#0"},"down":{"uv":[2,9.375,2.125,9.5],"texture":"#0"}}},{"name":"amethyst_greatblade_70","from":[8.6875,6.375,7.90625],"to":[8.8125,7.125,8.09375],"rotation":{"angle":0,"axis":"y","origin":[-1.3125,0,7.9375]},"faces":{"north":{"uv":[3.625,8.75,3.5,9.5],"texture":"#0"},"east":{"uv":[3.5,8.75,3.625,9.5],"texture":"#0"},"south":{"uv":[3.5,8.75,3.625,9.5],"texture":"#0"},"west":{"uv":[3.5,8.75,3.625,9.5],"texture":"#0"},"up":{"uv":[3.5,8.75,3.625,8.875],"texture":"#0"},"down":{"uv":[3.5,9.375,3.625,9.5],"texture":"#0"}}},{"name":"amethyst_greatblade_71","from":[6.8125,6.875,7.9375],"to":[6.9375,7.125,8.0625],"rotation":{"angle":0,"axis":"y","origin":[-1.3125,0,7.9375]},"faces":{"north":{"uv":[4.875,8.75,4.75,9],"texture":"#0"},"east":{"uv":[4.75,8.75,4.875,9],"texture":"#0"},"south":{"uv":[4.75,8.75,4.875,9],"texture":"#0"},"west":{"uv":[4.75,8.75,4.875,9],"texture":"#0"},"up":{"uv":[4.75,8.75,4.875,8.875],"texture":"#0"},"down":{"uv":[4.75,8.875,4.875,9],"texture":"#0"}}},{"name":"amethyst_greatblade_72","from":[9.0625,6.875,7.9375],"to":[9.1875,7.125,8.0625],"rotation":{"angle":0,"axis":"y","origin":[-1.3125,0,7.9375]},"faces":{"north":{"uv":[7.125,8.75,7,9],"texture":"#0"},"east":{"uv":[7,8.75,7.125,9],"texture":"#0"},"south":{"uv":[7,8.75,7.125,9],"texture":"#0"},"west":{"uv":[7,8.75,7.125,9],"texture":"#0"},"up":{"uv":[7,8.75,7.125,8.875],"texture":"#0"},"down":{"uv":[7,8.875,7.125,9],"texture":"#0"}}},{"name":"amethyst_greatblade_73","from":[7.0625,6.5,7.90625],"to":[7.1875,7,8.09375],"rotation":{"angle":0,"axis":"y","origin":[-1.3125,0,7.9375]},"faces":{"north":{"uv":[2,8.875,1.875,9.375],"texture":"#0"},"east":{"uv":[1.875,8.875,2,9.375],"texture":"#0"},"south":{"uv":[1.875,8.875,2,9.375],"texture":"#0"},"west":{"uv":[1.875,8.875,2,9.375],"texture":"#0"},"up":{"uv":[1.875,8.875,2,9],"texture":"#0"},"down":{"uv":[1.875,9.25,2,9.375],"texture":"#0"}}},{"name":"amethyst_greatblade_74","from":[8.8125,6.5,7.90625],"to":[8.9375,7,8.09375],"rotation":{"angle":0,"axis":"y","origin":[-1.3125,0,7.9375]},"faces":{"north":{"uv":[3.75,8.875,3.625,9.375],"texture":"#0"},"east":{"uv":[3.625,8.875,3.75,9.375],"texture":"#0"},"south":{"uv":[3.625,8.875,3.75,9.375],"texture":"#0"},"west":{"uv":[3.625,8.875,3.75,9.375],"texture":"#0"},"up":{"uv":[3.625,8.875,3.75,9],"texture":"#0"},"down":{"uv":[3.625,9.25,3.75,9.375],"texture":"#0"}}},{"name":"amethyst_greatblade_75","from":[6.9375,6.625,7.90625],"to":[7.0625,6.875,8.09375],"rotation":{"angle":0,"axis":"y","origin":[-1.3125,0,7.9375]},"faces":{"north":{"uv":[1.875,9,1.75,9.25],"texture":"#0"},"east":{"uv":[1.75,9,1.875,9.25],"texture":"#0"},"south":{"uv":[1.75,9,1.875,9.25],"texture":"#0"},"west":{"uv":[1.75,9,1.875,9.25],"texture":"#0"},"up":{"uv":[1.75,9,1.875,9.125],"texture":"#0"},"down":{"uv":[1.75,9.125,1.875,9.25],"texture":"#0"}}},{"name":"amethyst_greatblade_76","from":[8.9375,6.625,7.90625],"to":[9.0625,6.875,8.09375],"rotation":{"angle":0,"axis":"y","origin":[-1.3125,0,7.9375]},"faces":{"north":{"uv":[3.875,9,3.75,9.25],"texture":"#0"},"east":{"uv":[3.75,9,3.875,9.25],"texture":"#0"},"south":{"uv":[3.75,9,3.875,9.25],"texture":"#0"},"west":{"uv":[3.75,9,3.875,9.25],"texture":"#0"},"up":{"uv":[3.75,9,3.875,9.125],"texture":"#0"},"down":{"uv":[3.75,9.125,3.875,9.25],"texture":"#0"}}},{"name":"amethyst_greatblade_77","from":[6.6875,5.875,7.90625],"to":[6.8125,6.375,8.09375],"rotation":{"angle":0,"axis":"y","origin":[-1.3125,0,7.9375]},"faces":{"north":{"uv":[1.625,9.5,1.5,10],"texture":"#0"},"east":{"uv":[1.5,9.5,1.625,10],"texture":"#0"},"south":{"uv":[1.5,9.5,1.625,10],"texture":"#0"},"west":{"uv":[1.5,9.5,1.625,10],"texture":"#0"},"up":{"uv":[1.5,9.5,1.625,9.625],"texture":"#0"},"down":{"uv":[1.5,9.875,1.625,10],"texture":"#0"}}},{"name":"amethyst_greatblade_78","from":[9.1875,5.875,7.90625],"to":[9.3125,6.375,8.09375],"rotation":{"angle":0,"axis":"y","origin":[-1.3125,0,7.9375]},"faces":{"north":{"uv":[4.125,9.5,4,10],"texture":"#0"},"east":{"uv":[4,9.5,4.125,10],"texture":"#0"},"south":{"uv":[4,9.5,4.125,10],"texture":"#0"},"west":{"uv":[4,9.5,4.125,10],"texture":"#0"},"up":{"uv":[4,9.5,4.125,9.625],"texture":"#0"},"down":{"uv":[4,9.875,4.125,10],"texture":"#0"}}},{"name":"amethyst_greatblade_79","from":[6.5625,6,7.90625],"to":[6.6875,6.25,8.09375],"rotation":{"angle":0,"axis":"y","origin":[-1.3125,0,7.9375]},"faces":{"north":{"uv":[1.5,9.625,1.375,9.875],"texture":"#0"},"east":{"uv":[1.375,9.625,1.5,9.875],"texture":"#0"},"south":{"uv":[1.375,9.625,1.5,9.875],"texture":"#0"},"west":{"uv":[1.375,9.625,1.5,9.875],"texture":"#0"},"up":{"uv":[1.375,9.625,1.5,9.75],"texture":"#0"},"down":{"uv":[1.375,9.75,1.5,9.875],"texture":"#0"}}},{"name":"amethyst_greatblade_80","from":[6.8125,5.5,7.90625],"to":[6.9375,6.25,8.09375],"rotation":{"angle":0,"axis":"y","origin":[-1.3125,0,7.9375]},"faces":{"north":{"uv":[1.75,9.625,1.625,10.375],"texture":"#0"},"east":{"uv":[1.625,9.625,1.75,10.375],"texture":"#0"},"south":{"uv":[1.625,9.625,1.75,10.375],"texture":"#0"},"west":{"uv":[1.625,9.625,1.75,10.375],"texture":"#0"},"up":{"uv":[1.625,9.625,1.75,9.75],"texture":"#0"},"down":{"uv":[1.625,10.25,1.75,10.375],"texture":"#0"}}},{"name":"amethyst_greatblade_81","from":[9.0625,5.5,7.90625],"to":[9.1875,6.25,8.09375],"rotation":{"angle":0,"axis":"y","origin":[-1.3125,0,7.9375]},"faces":{"north":{"uv":[4,9.625,3.875,10.375],"texture":"#0"},"east":{"uv":[3.875,9.625,4,10.375],"texture":"#0"},"south":{"uv":[3.875,9.625,4,10.375],"texture":"#0"},"west":{"uv":[3.875,9.625,4,10.375],"texture":"#0"},"up":{"uv":[3.875,9.625,4,9.75],"texture":"#0"},"down":{"uv":[3.875,10.25,4,10.375],"texture":"#0"}}},{"name":"amethyst_greatblade_82","from":[9.3125,6,7.90625],"to":[9.4375,6.25,8.09375],"rotation":{"angle":0,"axis":"y","origin":[-1.3125,0,7.9375]},"faces":{"north":{"uv":[4.25,9.625,4.125,9.875],"texture":"#0"},"east":{"uv":[4.125,9.625,4.25,9.875],"texture":"#0"},"south":{"uv":[4.125,9.625,4.25,9.875],"texture":"#0"},"west":{"uv":[4.125,9.625,4.25,9.875],"texture":"#0"},"up":{"uv":[4.125,9.625,4.25,9.75],"texture":"#0"},"down":{"uv":[4.125,9.75,4.25,9.875],"texture":"#0"}}},{"name":"amethyst_greatblade_83","from":[6.4375,6,7.90625],"to":[6.5625,6.125,8.09375],"rotation":{"angle":0,"axis":"y","origin":[-1.3125,0,7.9375]},"faces":{"north":{"uv":[1.375,9.75,1.25,9.875],"texture":"#0"},"east":{"uv":[1.25,9.75,1.375,9.875],"texture":"#0"},"south":{"uv":[1.25,9.75,1.375,9.875],"texture":"#0"},"west":{"uv":[1.25,9.75,1.375,9.875],"texture":"#0"},"up":{"uv":[1.25,9.75,1.375,9.875],"texture":"#0"},"down":{"uv":[1.25,9.75,1.375,9.875],"texture":"#0"}}},{"name":"amethyst_greatblade_84","from":[6.9375,5.625,7.90625],"to":[7.0625,6.125,8.09375],"rotation":{"angle":0,"axis":"y","origin":[-1.3125,0,7.9375]},"faces":{"north":{"uv":[1.875,9.75,1.75,10.25],"texture":"#0"},"east":{"uv":[1.75,9.75,1.875,10.25],"texture":"#0"},"south":{"uv":[1.75,9.75,1.875,10.25],"texture":"#0"},"west":{"uv":[1.75,9.75,1.875,10.25],"texture":"#0"},"up":{"uv":[1.75,9.75,1.875,9.875],"texture":"#0"},"down":{"uv":[1.75,10.125,1.875,10.25],"texture":"#0"}}},{"name":"amethyst_greatblade_85","from":[8.9375,5.625,7.90625],"to":[9.0625,6.125,8.09375],"rotation":{"angle":0,"axis":"y","origin":[-1.3125,0,7.9375]},"faces":{"north":{"uv":[3.875,9.75,3.75,10.25],"texture":"#0"},"east":{"uv":[3.75,9.75,3.875,10.25],"texture":"#0"},"south":{"uv":[3.75,9.75,3.875,10.25],"texture":"#0"},"west":{"uv":[3.75,9.75,3.875,10.25],"texture":"#0"},"up":{"uv":[3.75,9.75,3.875,9.875],"texture":"#0"},"down":{"uv":[3.75,10.125,3.875,10.25],"texture":"#0"}}},{"name":"amethyst_greatblade_86","from":[9.4375,6,7.90625],"to":[9.5625,6.125,8.09375],"rotation":{"angle":0,"axis":"y","origin":[-1.3125,0,7.9375]},"faces":{"north":{"uv":[4.375,9.75,4.25,9.875],"texture":"#0"},"east":{"uv":[4.25,9.75,4.375,9.875],"texture":"#0"},"south":{"uv":[4.25,9.75,4.375,9.875],"texture":"#0"},"west":{"uv":[4.25,9.75,4.375,9.875],"texture":"#0"},"up":{"uv":[4.25,9.75,4.375,9.875],"texture":"#0"},"down":{"uv":[4.25,9.75,4.375,9.875],"texture":"#0"}}},{"name":"amethyst_greatblade_87","from":[6.4375,5.125,7.9375],"to":[6.6875,6,8.0625],"rotation":{"angle":0,"axis":"y","origin":[-1.3125,0,7.9375]},"faces":{"north":{"uv":[12.75,9.75,12.5,10.625],"texture":"#0"},"east":{"uv":[12.625,9.75,12.75,10.625],"texture":"#0"},"south":{"uv":[12.5,9.75,12.75,10.625],"texture":"#0"},"west":{"uv":[12.5,9.75,12.625,10.625],"texture":"#0"},"up":{"uv":[12.5,9.75,12.75,9.875],"texture":"#0"},"down":{"uv":[12.5,10.5,12.75,10.625],"texture":"#0"}}},{"name":"amethyst_greatblade_88","from":[9.3125,5.125,7.9375],"to":[9.5625,6,8.0625],"rotation":{"angle":0,"axis":"y","origin":[-1.3125,0,7.9375]},"faces":{"north":{"uv":[15.625,9.75,15.375,10.625],"texture":"#0"},"east":{"uv":[15.5,9.75,15.625,10.625],"texture":"#0"},"south":{"uv":[15.375,9.75,15.625,10.625],"texture":"#0"},"west":{"uv":[15.375,9.75,15.5,10.625],"texture":"#0"},"up":{"uv":[15.375,9.75,15.625,9.875],"texture":"#0"},"down":{"uv":[15.375,10.5,15.625,10.625],"texture":"#0"}}},{"name":"amethyst_greatblade_89","from":[7.0625,5.75,7.90625],"to":[7.1875,6,8.09375],"rotation":{"angle":0,"axis":"y","origin":[-1.3125,0,7.9375]},"faces":{"north":{"uv":[2,9.875,1.875,10.125],"texture":"#0"},"east":{"uv":[1.875,9.875,2,10.125],"texture":"#0"},"south":{"uv":[1.875,9.875,2,10.125],"texture":"#0"},"west":{"uv":[1.875,9.875,2,10.125],"texture":"#0"},"up":{"uv":[1.875,9.875,2,10],"texture":"#0"},"down":{"uv":[1.875,10,2,10.125],"texture":"#0"}}},{"name":"amethyst_greatblade_90","from":[8.8125,5.75,7.90625],"to":[8.9375,6,8.09375],"rotation":{"angle":0,"axis":"y","origin":[-1.3125,0,7.9375]},"faces":{"north":{"uv":[3.75,9.875,3.625,10.125],"texture":"#0"},"east":{"uv":[3.625,9.875,3.75,10.125],"texture":"#0"},"south":{"uv":[3.625,9.875,3.75,10.125],"texture":"#0"},"west":{"uv":[3.625,9.875,3.75,10.125],"texture":"#0"},"up":{"uv":[3.625,9.875,3.75,10],"texture":"#0"},"down":{"uv":[3.625,10,3.75,10.125],"texture":"#0"}}},{"name":"amethyst_greatblade_91","from":[7.9375,5.375,7.6875],"to":[8.0625,6.75,8.3125],"rotation":{"angle":0,"axis":"y","origin":[-1.3125,0,7.9375]},"faces":{"north":{"uv":[9.375,9.875,9.25,11.25],"texture":"#0"},"east":{"uv":[9.25,9.875,9.375,11.25],"texture":"#0"},"south":{"uv":[9.25,9.875,9.375,11.25],"texture":"#0"},"west":{"uv":[9.25,9.875,9.375,11.25],"texture":"#0"},"up":{"uv":[9.25,9.875,9.375,10],"texture":"#0"},"down":{"uv":[9.25,11.125,9.375,11.25],"texture":"#0"}}},{"name":"amethyst_greatblade_92","from":[6.6875,5.375,7.9375],"to":[6.8125,5.875,8.0625],"rotation":{"angle":0,"axis":"y","origin":[-1.3125,0,7.9375]},"faces":{"north":{"uv":[12.875,9.875,12.75,10.375],"texture":"#0"},"east":{"uv":[12.75,9.875,12.875,10.375],"texture":"#0"},"south":{"uv":[12.75,9.875,12.875,10.375],"texture":"#0"},"west":{"uv":[12.75,9.875,12.875,10.375],"texture":"#0"},"up":{"uv":[12.75,9.875,12.875,10],"texture":"#0"},"down":{"uv":[12.75,10.25,12.875,10.375],"texture":"#0"}}},{"name":"amethyst_greatblade_93","from":[9.1875,5.375,7.9375],"to":[9.3125,5.875,8.0625],"rotation":{"angle":0,"axis":"y","origin":[-1.3125,0,7.9375]},"faces":{"north":{"uv":[15.375,9.875,15.25,10.375],"texture":"#0"},"east":{"uv":[15.25,9.875,15.375,10.375],"texture":"#0"},"south":{"uv":[15.25,9.875,15.375,10.375],"texture":"#0"},"west":{"uv":[15.25,9.875,15.375,10.375],"texture":"#0"},"up":{"uv":[15.25,9.875,15.375,10],"texture":"#0"},"down":{"uv":[15.25,10.25,15.375,10.375],"texture":"#0"}}},{"name":"amethyst_greatblade_94","from":[7.1875,5.75,7.90625],"to":[7.5625,5.875,8.09375],"rotation":{"angle":0,"axis":"y","origin":[-1.3125,0,7.9375]},"faces":{"north":{"uv":[2.375,10,2,10.125],"texture":"#0"},"east":{"uv":[2.25,10,2.375,10.125],"texture":"#0"},"south":{"uv":[2,10,2.375,10.125],"texture":"#0"},"west":{"uv":[2,10,2.125,10.125],"texture":"#0"},"up":{"uv":[2,10,2.375,10.125],"texture":"#0"},"down":{"uv":[2,10,2.375,10.125],"texture":"#0"}}},{"name":"amethyst_greatblade_95","from":[8.4375,5.75,7.90625],"to":[8.8125,5.875,8.09375],"rotation":{"angle":0,"axis":"y","origin":[-1.3125,0,7.9375]},"faces":{"north":{"uv":[3.625,10,3.25,10.125],"texture":"#0"},"east":{"uv":[3.5,10,3.625,10.125],"texture":"#0"},"south":{"uv":[3.25,10,3.625,10.125],"texture":"#0"},"west":{"uv":[3.25,10,3.375,10.125],"texture":"#0"},"up":{"uv":[3.25,10,3.625,10.125],"texture":"#0"},"down":{"uv":[3.25,10,3.625,10.125],"texture":"#0"}}},{"name":"amethyst_greatblade_96","from":[7.8125,5.5,7.6875],"to":[7.9375,6.625,8.3125],"rotation":{"angle":0,"axis":"y","origin":[-1.3125,0,7.9375]},"faces":{"north":{"uv":[9.25,10,9.125,11.125],"texture":"#0"},"east":{"uv":[9.125,10,9.25,11.125],"texture":"#0"},"south":{"uv":[9.125,10,9.25,11.125],"texture":"#0"},"west":{"uv":[9.125,10,9.25,11.125],"texture":"#0"},"up":{"uv":[9.125,10,9.25,10.125],"texture":"#0"},"down":{"uv":[9.125,11,9.25,11.125],"texture":"#0"}}},{"name":"amethyst_greatblade_97","from":[8.0625,5.5,7.6875],"to":[8.1875,6.625,8.3125],"rotation":{"angle":0,"axis":"y","origin":[-1.3125,0,7.9375]},"faces":{"north":{"uv":[9.5,10,9.375,11.125],"texture":"#0"},"east":{"uv":[9.375,10,9.5,11.125],"texture":"#0"},"south":{"uv":[9.375,10,9.5,11.125],"texture":"#0"},"west":{"uv":[9.375,10,9.5,11.125],"texture":"#0"},"up":{"uv":[9.375,10,9.5,10.125],"texture":"#0"},"down":{"uv":[9.375,11,9.5,11.125],"texture":"#0"}}},{"name":"amethyst_greatblade_98","from":[7.3125,5,7.75],"to":[7.4375,6,8.25],"rotation":{"angle":0,"axis":"y","origin":[-1.3125,0,7.9375]},"faces":{"north":{"uv":[13.5,10,13.375,11],"texture":"#0"},"east":{"uv":[13.375,10,13.5,11],"texture":"#0"},"south":{"uv":[13.375,10,13.5,11],"texture":"#0"},"west":{"uv":[13.375,10,13.5,11],"texture":"#0"},"up":{"uv":[13.375,10,13.5,10.125],"texture":"#0"},"down":{"uv":[13.375,10.875,13.5,11],"texture":"#0"}}},{"name":"amethyst_greatblade_99","from":[8.5625,5,7.75],"to":[8.6875,6,8.25],"rotation":{"angle":0,"axis":"y","origin":[-1.3125,0,7.9375]},"faces":{"north":{"uv":[14.75,10,14.625,11],"texture":"#0"},"east":{"uv":[14.625,10,14.75,11],"texture":"#0"},"south":{"uv":[14.625,10,14.75,11],"texture":"#0"},"west":{"uv":[14.625,10,14.75,11],"texture":"#0"},"up":{"uv":[14.625,10,14.75,10.125],"texture":"#0"},"down":{"uv":[14.625,10.875,14.75,11],"texture":"#0"}}},{"name":"amethyst_greatblade_100","from":[7.4375,5.625,7.90625],"to":[7.6875,5.75,8.09375],"rotation":{"angle":0,"axis":"y","origin":[-1.3125,0,7.9375]},"faces":{"north":{"uv":[2.5,10.125,2.25,10.25],"texture":"#0"},"east":{"uv":[2.375,10.125,2.5,10.25],"texture":"#0"},"south":{"uv":[2.25,10.125,2.5,10.25],"texture":"#0"},"west":{"uv":[2.25,10.125,2.375,10.25],"texture":"#0"},"up":{"uv":[2.25,10.125,2.5,10.25],"texture":"#0"},"down":{"uv":[2.25,10.125,2.5,10.25],"texture":"#0"}}},{"name":"amethyst_greatblade_101","from":[8.3125,5.625,7.90625],"to":[8.5625,5.75,8.09375],"rotation":{"angle":0,"axis":"y","origin":[-1.3125,0,7.9375]},"faces":{"north":{"uv":[3.375,10.125,3.125,10.25],"texture":"#0"},"east":{"uv":[3.25,10.125,3.375,10.25],"texture":"#0"},"south":{"uv":[3.125,10.125,3.375,10.25],"texture":"#0"},"west":{"uv":[3.125,10.125,3.25,10.25],"texture":"#0"},"up":{"uv":[3.125,10.125,3.375,10.25],"texture":"#0"},"down":{"uv":[3.125,10.125,3.375,10.25],"texture":"#0"}}},{"name":"amethyst_greatblade_102","from":[7.6875,5.625,7.6875],"to":[7.8125,6.5,8.3125],"rotation":{"angle":0,"axis":"y","origin":[-1.3125,0,7.9375]},"faces":{"north":{"uv":[9.125,10.125,9,11],"texture":"#0"},"east":{"uv":[9,10.125,9.125,11],"texture":"#0"},"south":{"uv":[9,10.125,9.125,11],"texture":"#0"},"west":{"uv":[9,10.125,9.125,11],"texture":"#0"},"up":{"uv":[9,10.125,9.125,10.25],"texture":"#0"},"down":{"uv":[9,10.875,9.125,11],"texture":"#0"}}},{"name":"amethyst_greatblade_103","from":[8.1875,5.625,7.6875],"to":[8.3125,6.5,8.3125],"rotation":{"angle":0,"axis":"y","origin":[-1.3125,0,7.9375]},"faces":{"north":{"uv":[9.625,10.125,9.5,11],"texture":"#0"},"east":{"uv":[9.5,10.125,9.625,11],"texture":"#0"},"south":{"uv":[9.5,10.125,9.625,11],"texture":"#0"},"west":{"uv":[9.5,10.125,9.625,11],"texture":"#0"},"up":{"uv":[9.5,10.125,9.625,10.25],"texture":"#0"},"down":{"uv":[9.5,10.875,9.625,11],"texture":"#0"}}},{"name":"amethyst_greatblade_104","from":[7.4375,5,7.75],"to":[7.5625,5.875,8.25],"rotation":{"angle":0,"axis":"y","origin":[-1.3125,0,7.9375]},"faces":{"north":{"uv":[13.625,10.125,13.5,11],"texture":"#0"},"east":{"uv":[13.5,10.125,13.625,11],"texture":"#0"},"south":{"uv":[13.5,10.125,13.625,11],"texture":"#0"},"west":{"uv":[13.5,10.125,13.625,11],"texture":"#0"},"up":{"uv":[13.5,10.125,13.625,10.25],"texture":"#0"},"down":{"uv":[13.5,10.875,13.625,11],"texture":"#0"}}},{"name":"amethyst_greatblade_105","from":[8.4375,5,7.75],"to":[8.5625,5.875,8.25],"rotation":{"angle":0,"axis":"y","origin":[-1.3125,0,7.9375]},"faces":{"north":{"uv":[14.625,10.125,14.5,11],"texture":"#0"},"east":{"uv":[14.5,10.125,14.625,11],"texture":"#0"},"south":{"uv":[14.5,10.125,14.625,11],"texture":"#0"},"west":{"uv":[14.5,10.125,14.625,11],"texture":"#0"},"up":{"uv":[14.5,10.125,14.625,10.25],"texture":"#0"},"down":{"uv":[14.5,10.875,14.625,11],"texture":"#0"}}},{"name":"amethyst_greatblade_106","from":[7.5625,5.5,7.90625],"to":[7.8125,5.625,8.09375],"rotation":{"angle":0,"axis":"y","origin":[-1.3125,0,7.9375]},"faces":{"north":{"uv":[2.625,10.25,2.375,10.375],"texture":"#0"},"east":{"uv":[2.5,10.25,2.625,10.375],"texture":"#0"},"south":{"uv":[2.375,10.25,2.625,10.375],"texture":"#0"},"west":{"uv":[2.375,10.25,2.5,10.375],"texture":"#0"},"up":{"uv":[2.375,10.25,2.625,10.375],"texture":"#0"},"down":{"uv":[2.375,10.25,2.625,10.375],"texture":"#0"}}},{"name":"amethyst_greatblade_107","from":[8.1875,5.5,7.90625],"to":[8.4375,5.625,8.09375],"rotation":{"angle":0,"axis":"y","origin":[-1.3125,0,7.9375]},"faces":{"north":{"uv":[3.25,10.25,3,10.375],"texture":"#0"},"east":{"uv":[3.125,10.25,3.25,10.375],"texture":"#0"},"south":{"uv":[3,10.25,3.25,10.375],"texture":"#0"},"west":{"uv":[3,10.25,3.125,10.375],"texture":"#0"},"up":{"uv":[3,10.25,3.25,10.375],"texture":"#0"},"down":{"uv":[3,10.25,3.25,10.375],"texture":"#0"}}},{"name":"amethyst_greatblade_108","from":[7.5625,5.75,7.6875],"to":[7.6875,6.375,8.3125],"rotation":{"angle":0,"axis":"y","origin":[-1.3125,0,7.9375]},"faces":{"north":{"uv":[9,10.25,8.875,10.875],"texture":"#0"},"east":{"uv":[8.875,10.25,9,10.875],"texture":"#0"},"south":{"uv":[8.875,10.25,9,10.875],"texture":"#0"},"west":{"uv":[8.875,10.25,9,10.875],"texture":"#0"},"up":{"uv":[8.875,10.25,9,10.375],"texture":"#0"},"down":{"uv":[8.875,10.75,9,10.875],"texture":"#0"}}},{"name":"amethyst_greatblade_109","from":[8.3125,5.75,7.6875],"to":[8.4375,6.375,8.3125],"rotation":{"angle":0,"axis":"y","origin":[-1.3125,0,7.9375]},"faces":{"north":{"uv":[9.75,10.25,9.625,10.875],"texture":"#0"},"east":{"uv":[9.625,10.25,9.75,10.875],"texture":"#0"},"south":{"uv":[9.625,10.25,9.75,10.875],"texture":"#0"},"west":{"uv":[9.625,10.25,9.75,10.875],"texture":"#0"},"up":{"uv":[9.625,10.25,9.75,10.375],"texture":"#0"},"down":{"uv":[9.625,10.75,9.75,10.875],"texture":"#0"}}},{"name":"amethyst_greatblade_110","from":[7.5625,5,7.75],"to":[7.6875,5.75,8.25],"rotation":{"angle":0,"axis":"y","origin":[-1.3125,0,7.9375]},"faces":{"north":{"uv":[13.75,10.25,13.625,11],"texture":"#0"},"east":{"uv":[13.625,10.25,13.75,11],"texture":"#0"},"south":{"uv":[13.625,10.25,13.75,11],"texture":"#0"},"west":{"uv":[13.625,10.25,13.75,11],"texture":"#0"},"up":{"uv":[13.625,10.25,13.75,10.375],"texture":"#0"},"down":{"uv":[13.625,10.875,13.75,11],"texture":"#0"}}},{"name":"amethyst_greatblade_111","from":[8.3125,5,7.75],"to":[8.4375,5.75,8.25],"rotation":{"angle":0,"axis":"y","origin":[-1.3125,0,7.9375]},"faces":{"north":{"uv":[14.5,10.25,14.375,11],"texture":"#0"},"east":{"uv":[14.375,10.25,14.5,11],"texture":"#0"},"south":{"uv":[14.375,10.25,14.5,11],"texture":"#0"},"west":{"uv":[14.375,10.25,14.5,11],"texture":"#0"},"up":{"uv":[14.375,10.25,14.5,10.375],"texture":"#0"},"down":{"uv":[14.375,10.875,14.5,11],"texture":"#0"}}},{"name":"amethyst_greatblade_112","from":[7.6875,5.375,7.90625],"to":[7.9375,5.5,8.09375],"rotation":{"angle":0,"axis":"y","origin":[-1.3125,0,7.9375]},"faces":{"north":{"uv":[2.75,10.375,2.5,10.5],"texture":"#0"},"east":{"uv":[2.625,10.375,2.75,10.5],"texture":"#0"},"south":{"uv":[2.5,10.375,2.75,10.5],"texture":"#0"},"west":{"uv":[2.5,10.375,2.625,10.5],"texture":"#0"},"up":{"uv":[2.5,10.375,2.75,10.5],"texture":"#0"},"down":{"uv":[2.5,10.375,2.75,10.5],"texture":"#0"}}},{"name":"amethyst_greatblade_113","from":[8.0625,5.375,7.90625],"to":[8.3125,5.5,8.09375],"rotation":{"angle":0,"axis":"y","origin":[-1.3125,0,7.9375]},"faces":{"north":{"uv":[3.125,10.375,2.875,10.5],"texture":"#0"},"east":{"uv":[3,10.375,3.125,10.5],"texture":"#0"},"south":{"uv":[2.875,10.375,3.125,10.5],"texture":"#0"},"west":{"uv":[2.875,10.375,3,10.5],"texture":"#0"},"up":{"uv":[2.875,10.375,3.125,10.5],"texture":"#0"},"down":{"uv":[2.875,10.375,3.125,10.5],"texture":"#0"}}},{"name":"amethyst_greatblade_114","from":[7.4375,5.875,7.6875],"to":[7.5625,6.25,8.3125],"rotation":{"angle":0,"axis":"y","origin":[-1.3125,0,7.9375]},"faces":{"north":{"uv":[8.875,10.375,8.75,10.75],"texture":"#0"},"east":{"uv":[8.75,10.375,8.875,10.75],"texture":"#0"},"south":{"uv":[8.75,10.375,8.875,10.75],"texture":"#0"},"west":{"uv":[8.75,10.375,8.875,10.75],"texture":"#0"},"up":{"uv":[8.75,10.375,8.875,10.5],"texture":"#0"},"down":{"uv":[8.75,10.625,8.875,10.75],"texture":"#0"}}},{"name":"amethyst_greatblade_115","from":[8.4375,5.875,7.6875],"to":[8.5625,6.25,8.3125],"rotation":{"angle":0,"axis":"y","origin":[-1.3125,0,7.9375]},"faces":{"north":{"uv":[9.875,10.375,9.75,10.75],"texture":"#0"},"east":{"uv":[9.75,10.375,9.875,10.75],"texture":"#0"},"south":{"uv":[9.75,10.375,9.875,10.75],"texture":"#0"},"west":{"uv":[9.75,10.375,9.875,10.75],"texture":"#0"},"up":{"uv":[9.75,10.375,9.875,10.5],"texture":"#0"},"down":{"uv":[9.75,10.625,9.875,10.75],"texture":"#0"}}},{"name":"amethyst_greatblade_116","from":[6.3125,5.25,7.9375],"to":[6.4375,5.375,8.0625],"rotation":{"angle":0,"axis":"y","origin":[-1.3125,0,7.9375]},"faces":{"north":{"uv":[12.5,10.375,12.375,10.5],"texture":"#0"},"east":{"uv":[12.375,10.375,12.5,10.5],"texture":"#0"},"south":{"uv":[12.375,10.375,12.5,10.5],"texture":"#0"},"west":{"uv":[12.375,10.375,12.5,10.5],"texture":"#0"},"up":{"uv":[12.375,10.375,12.5,10.5],"texture":"#0"},"down":{"uv":[12.375,10.375,12.5,10.5],"texture":"#0"}}},{"name":"amethyst_greatblade_117","from":[7.6875,5,7.75],"to":[7.8125,5.625,8.25],"rotation":{"angle":0,"axis":"y","origin":[-1.3125,0,7.9375]},"faces":{"north":{"uv":[13.875,10.375,13.75,11],"texture":"#0"},"east":{"uv":[13.75,10.375,13.875,11],"texture":"#0"},"south":{"uv":[13.75,10.375,13.875,11],"texture":"#0"},"west":{"uv":[13.75,10.375,13.875,11],"texture":"#0"},"up":{"uv":[13.75,10.375,13.875,10.5],"texture":"#0"},"down":{"uv":[13.75,10.875,13.875,11],"texture":"#0"}}},{"name":"amethyst_greatblade_118","from":[8.1875,5,7.75],"to":[8.3125,5.625,8.25],"rotation":{"angle":0,"axis":"y","origin":[-1.3125,0,7.9375]},"faces":{"north":{"uv":[14.375,10.375,14.25,11],"texture":"#0"},"east":{"uv":[14.25,10.375,14.375,11],"texture":"#0"},"south":{"uv":[14.25,10.375,14.375,11],"texture":"#0"},"west":{"uv":[14.25,10.375,14.375,11],"texture":"#0"},"up":{"uv":[14.25,10.375,14.375,10.5],"texture":"#0"},"down":{"uv":[14.25,10.875,14.375,11],"texture":"#0"}}},{"name":"amethyst_greatblade_119","from":[9.5625,5.25,7.9375],"to":[9.6875,5.375,8.0625],"rotation":{"angle":0,"axis":"y","origin":[-1.3125,0,7.9375]},"faces":{"north":{"uv":[15.75,10.375,15.625,10.5],"texture":"#0"},"east":{"uv":[15.625,10.375,15.75,10.5],"texture":"#0"},"south":{"uv":[15.625,10.375,15.75,10.5],"texture":"#0"},"west":{"uv":[15.625,10.375,15.75,10.5],"texture":"#0"},"up":{"uv":[15.625,10.375,15.75,10.5],"texture":"#0"},"down":{"uv":[15.625,10.375,15.75,10.5],"texture":"#0"}}},{"name":"amethyst_greatblade_120","from":[6.0625,4.625,7.9375],"to":[6.3125,5.375,8.0625],"rotation":{"angle":0,"axis":"y","origin":[-1.3125,0,7.9375]},"faces":{"north":{"uv":[1.125,10.5,0.875,11.25],"texture":"#0"},"east":{"uv":[1,10.5,1.125,11.25],"texture":"#0"},"south":{"uv":[0.875,10.5,1.125,11.25],"texture":"#0"},"west":{"uv":[0.875,10.5,1,11.25],"texture":"#0"},"up":{"uv":[0.875,10.5,1.125,10.625],"texture":"#0"},"down":{"uv":[0.875,11.125,1.125,11.25],"texture":"#0"}}},{"name":"amethyst_greatblade_121","from":[7.8125,5.25,7.90625],"to":[8.1875,5.375,8.09375],"rotation":{"angle":0,"axis":"y","origin":[-1.3125,0,7.9375]},"faces":{"north":{"uv":[3,10.5,2.625,10.625],"texture":"#0"},"east":{"uv":[2.875,10.5,3,10.625],"texture":"#0"},"south":{"uv":[2.625,10.5,3,10.625],"texture":"#0"},"west":{"uv":[2.625,10.5,2.75,10.625],"texture":"#0"},"up":{"uv":[2.625,10.5,3,10.625],"texture":"#0"},"down":{"uv":[2.625,10.5,3,10.625],"texture":"#0"}}},{"name":"amethyst_greatblade_122","from":[9.6875,4.625,7.9375],"to":[9.9375,5.375,8.0625],"rotation":{"angle":0,"axis":"y","origin":[-1.3125,0,7.9375]},"faces":{"north":{"uv":[4.75,10.5,4.5,11.25],"texture":"#0"},"east":{"uv":[4.625,10.5,4.75,11.25],"texture":"#0"},"south":{"uv":[4.5,10.5,4.75,11.25],"texture":"#0"},"west":{"uv":[4.5,10.5,4.625,11.25],"texture":"#0"},"up":{"uv":[4.5,10.5,4.75,10.625],"texture":"#0"},"down":{"uv":[4.5,11.125,4.75,11.25],"texture":"#0"}}},{"name":"amethyst_greatblade_123","from":[7.3125,6,7.6875],"to":[7.4375,6.125,8.3125],"rotation":{"angle":0,"axis":"y","origin":[-1.3125,0,7.9375]},"faces":{"north":{"uv":[8.75,10.5,8.625,10.625],"texture":"#0"},"east":{"uv":[8.625,10.5,8.75,10.625],"texture":"#0"},"south":{"uv":[8.625,10.5,8.75,10.625],"texture":"#0"},"west":{"uv":[8.625,10.5,8.75,10.625],"texture":"#0"},"up":{"uv":[8.625,10.5,8.75,10.625],"texture":"#0"},"down":{"uv":[8.625,10.5,8.75,10.625],"texture":"#0"}}},{"name":"amethyst_greatblade_124","from":[8.5625,6,7.6875],"to":[8.6875,6.125,8.3125],"rotation":{"angle":0,"axis":"y","origin":[-1.3125,0,7.9375]},"faces":{"north":{"uv":[10,10.5,9.875,10.625],"texture":"#0"},"east":{"uv":[9.875,10.5,10,10.625],"texture":"#0"},"south":{"uv":[9.875,10.5,10,10.625],"texture":"#0"},"west":{"uv":[9.875,10.5,10,10.625],"texture":"#0"},"up":{"uv":[9.875,10.5,10,10.625],"texture":"#0"},"down":{"uv":[9.875,10.5,10,10.625],"texture":"#0"}}},{"name":"amethyst_greatblade_125","from":[7.8125,4.75,7.75],"to":[7.9375,5.5,8.25],"rotation":{"angle":0,"axis":"y","origin":[-1.3125,0,7.9375]},"faces":{"north":{"uv":[14,10.5,13.875,11.25],"texture":"#0"},"east":{"uv":[13.875,10.5,14,11.25],"texture":"#0"},"south":{"uv":[13.875,10.5,14,11.25],"texture":"#0"},"west":{"uv":[13.875,10.5,14,11.25],"texture":"#0"},"up":{"uv":[13.875,10.5,14,10.625],"texture":"#0"},"down":{"uv":[13.875,11.125,14,11.25],"texture":"#0"}}},{"name":"amethyst_greatblade_126","from":[8.0625,4.75,7.75],"to":[8.1875,5.5,8.25],"rotation":{"angle":0,"axis":"y","origin":[-1.3125,0,7.9375]},"faces":{"north":{"uv":[14.25,10.5,14.125,11.25],"texture":"#0"},"east":{"uv":[14.125,10.5,14.25,11.25],"texture":"#0"},"south":{"uv":[14.125,10.5,14.25,11.25],"texture":"#0"},"west":{"uv":[14.125,10.5,14.25,11.25],"texture":"#0"},"up":{"uv":[14.125,10.5,14.25,10.625],"texture":"#0"},"down":{"uv":[14.125,11.125,14.25,11.25],"texture":"#0"}}},{"name":"amethyst_greatblade_127","from":[6.3125,4.625,7.9375],"to":[6.4375,5.25,8.0625],"rotation":{"angle":0,"axis":"y","origin":[-1.3125,0,7.9375]},"faces":{"north":{"uv":[1.25,10.625,1.125,11.25],"texture":"#0"},"east":{"uv":[1.125,10.625,1.25,11.25],"texture":"#0"},"south":{"uv":[1.125,10.625,1.25,11.25],"texture":"#0"},"west":{"uv":[1.125,10.625,1.25,11.25],"texture":"#0"},"up":{"uv":[1.125,10.625,1.25,10.75],"texture":"#0"},"down":{"uv":[1.125,11.125,1.25,11.25],"texture":"#0"}}},{"name":"amethyst_greatblade_128","from":[7.9375,5.125,7.90625],"to":[8.0625,5.25,8.09375],"rotation":{"angle":0,"axis":"y","origin":[-1.3125,0,7.9375]},"faces":{"north":{"uv":[2.875,10.625,2.75,10.75],"texture":"#0"},"east":{"uv":[2.75,10.625,2.875,10.75],"texture":"#0"},"south":{"uv":[2.75,10.625,2.875,10.75],"texture":"#0"},"west":{"uv":[2.75,10.625,2.875,10.75],"texture":"#0"},"up":{"uv":[2.75,10.625,2.875,10.75],"texture":"#0"},"down":{"uv":[2.75,10.625,2.875,10.75],"texture":"#0"}}},{"name":"amethyst_greatblade_129","from":[9.5625,4.625,7.9375],"to":[9.6875,5.25,8.0625],"rotation":{"angle":0,"axis":"y","origin":[-1.3125,0,7.9375]},"faces":{"north":{"uv":[4.5,10.625,4.375,11.25],"texture":"#0"},"east":{"uv":[4.375,10.625,4.5,11.25],"texture":"#0"},"south":{"uv":[4.375,10.625,4.5,11.25],"texture":"#0"},"west":{"uv":[4.375,10.625,4.5,11.25],"texture":"#0"},"up":{"uv":[4.375,10.625,4.5,10.75],"texture":"#0"},"down":{"uv":[4.375,11.125,4.5,11.25],"texture":"#0"}}},{"name":"amethyst_greatblade_130","from":[6.5625,5,7.9375],"to":[6.6875,5.125,8.0625],"rotation":{"angle":0,"axis":"y","origin":[-1.3125,0,7.9375]},"faces":{"north":{"uv":[12.75,10.625,12.625,10.75],"texture":"#0"},"east":{"uv":[12.625,10.625,12.75,10.75],"texture":"#0"},"south":{"uv":[12.625,10.625,12.75,10.75],"texture":"#0"},"west":{"uv":[12.625,10.625,12.75,10.75],"texture":"#0"},"up":{"uv":[12.625,10.625,12.75,10.75],"texture":"#0"},"down":{"uv":[12.625,10.625,12.75,10.75],"texture":"#0"}}},{"name":"amethyst_greatblade_131","from":[7.9375,4.75,7.75],"to":[8.0625,5.375,8.25],"rotation":{"angle":0,"axis":"y","origin":[-1.3125,0,7.9375]},"faces":{"north":{"uv":[14.125,10.625,14,11.25],"texture":"#0"},"east":{"uv":[14,10.625,14.125,11.25],"texture":"#0"},"south":{"uv":[14,10.625,14.125,11.25],"texture":"#0"},"west":{"uv":[14,10.625,14.125,11.25],"texture":"#0"},"up":{"uv":[14,10.625,14.125,10.75],"texture":"#0"},"down":{"uv":[14,11.125,14.125,11.25],"texture":"#0"}}},{"name":"amethyst_greatblade_132","from":[9.3125,5,7.9375],"to":[9.4375,5.125,8.0625],"rotation":{"angle":0,"axis":"y","origin":[-1.3125,0,7.9375]},"faces":{"north":{"uv":[15.5,10.625,15.375,10.75],"texture":"#0"},"east":{"uv":[15.375,10.625,15.5,10.75],"texture":"#0"},"south":{"uv":[15.375,10.625,15.5,10.75],"texture":"#0"},"west":{"uv":[15.375,10.625,15.5,10.75],"texture":"#0"},"up":{"uv":[15.375,10.625,15.5,10.75],"texture":"#0"},"down":{"uv":[15.375,10.625,15.5,10.75],"texture":"#0"}}},{"name":"amethyst_greatblade_133","from":[5.9375,4.5,7.9375],"to":[6.0625,5.125,8.0625],"rotation":{"angle":0,"axis":"y","origin":[-1.3125,0,7.9375]},"faces":{"north":{"uv":[0.875,10.75,0.75,11.375],"texture":"#0"},"east":{"uv":[0.75,10.75,0.875,11.375],"texture":"#0"},"south":{"uv":[0.75,10.75,0.875,11.375],"texture":"#0"},"west":{"uv":[0.75,10.75,0.875,11.375],"texture":"#0"},"up":{"uv":[0.75,10.75,0.875,10.875],"texture":"#0"},"down":{"uv":[0.75,11.25,0.875,11.375],"texture":"#0"}}},{"name":"amethyst_greatblade_134","from":[6.4375,4.75,7.9375],"to":[6.5625,5.125,8.0625],"rotation":{"angle":0,"axis":"y","origin":[-1.3125,0,7.9375]},"faces":{"north":{"uv":[1.375,10.75,1.25,11.125],"texture":"#0"},"east":{"uv":[1.25,10.75,1.375,11.125],"texture":"#0"},"south":{"uv":[1.25,10.75,1.375,11.125],"texture":"#0"},"west":{"uv":[1.25,10.75,1.375,11.125],"texture":"#0"},"up":{"uv":[1.25,10.75,1.375,10.875],"texture":"#0"},"down":{"uv":[1.25,11,1.375,11.125],"texture":"#0"}}},{"name":"amethyst_greatblade_135","from":[9.4375,4.75,7.9375],"to":[9.5625,5.125,8.0625],"rotation":{"angle":0,"axis":"y","origin":[-1.3125,0,7.9375]},"faces":{"north":{"uv":[4.375,10.75,4.25,11.125],"texture":"#0"},"east":{"uv":[4.25,10.75,4.375,11.125],"texture":"#0"},"south":{"uv":[4.25,10.75,4.375,11.125],"texture":"#0"},"west":{"uv":[4.25,10.75,4.375,11.125],"texture":"#0"},"up":{"uv":[4.25,10.75,4.375,10.875],"texture":"#0"},"down":{"uv":[4.25,11,4.375,11.125],"texture":"#0"}}},{"name":"amethyst_greatblade_136","from":[9.9375,4.5,7.9375],"to":[10.0625,5.125,8.0625],"rotation":{"angle":0,"axis":"y","origin":[-1.3125,0,7.9375]},"faces":{"north":{"uv":[4.875,10.75,4.75,11.375],"texture":"#0"},"east":{"uv":[4.75,10.75,4.875,11.375],"texture":"#0"},"south":{"uv":[4.75,10.75,4.875,11.375],"texture":"#0"},"west":{"uv":[4.75,10.75,4.875,11.375],"texture":"#0"},"up":{"uv":[4.75,10.75,4.875,10.875],"texture":"#0"},"down":{"uv":[4.75,11.25,4.875,11.375],"texture":"#0"}}},{"name":"amethyst_greatblade_137","from":[6.5625,4.75,7.9375],"to":[6.6875,5,8.0625],"rotation":{"angle":0,"axis":"y","origin":[-1.3125,0,7.9375]},"faces":{"north":{"uv":[1.5,10.875,1.375,11.125],"texture":"#0"},"east":{"uv":[1.375,10.875,1.5,11.125],"texture":"#0"},"south":{"uv":[1.375,10.875,1.5,11.125],"texture":"#0"},"west":{"uv":[1.375,10.875,1.5,11.125],"texture":"#0"},"up":{"uv":[1.375,10.875,1.5,11],"texture":"#0"},"down":{"uv":[1.375,11,1.5,11.125],"texture":"#0"}}},{"name":"amethyst_greatblade_138","from":[9.3125,4.75,7.9375],"to":[9.4375,5,8.0625],"rotation":{"angle":0,"axis":"y","origin":[-1.3125,0,7.9375]},"faces":{"north":{"uv":[4.25,10.875,4.125,11.125],"texture":"#0"},"east":{"uv":[4.125,10.875,4.25,11.125],"texture":"#0"},"south":{"uv":[4.125,10.875,4.25,11.125],"texture":"#0"},"west":{"uv":[4.125,10.875,4.25,11.125],"texture":"#0"},"up":{"uv":[4.125,10.875,4.25,11],"texture":"#0"},"down":{"uv":[4.125,11,4.25,11.125],"texture":"#0"}}},{"name":"amethyst_greatblade_139","from":[5.8125,4.375,7.9375],"to":[5.9375,4.875,8.0625],"rotation":{"angle":0,"axis":"y","origin":[-1.3125,0,7.9375]},"faces":{"north":{"uv":[0.75,11,0.625,11.5],"texture":"#0"},"east":{"uv":[0.625,11,0.75,11.5],"texture":"#0"},"south":{"uv":[0.625,11,0.75,11.5],"texture":"#0"},"west":{"uv":[0.625,11,0.75,11.5],"texture":"#0"},"up":{"uv":[0.625,11,0.75,11.125],"texture":"#0"},"down":{"uv":[0.625,11.375,0.75,11.5],"texture":"#0"}}},{"name":"amethyst_greatblade_140","from":[10.0625,4.375,7.9375],"to":[10.1875,4.875,8.0625],"rotation":{"angle":0,"axis":"y","origin":[-1.3125,0,7.9375]},"faces":{"north":{"uv":[5,11,4.875,11.5],"texture":"#0"},"east":{"uv":[4.875,11,5,11.5],"texture":"#0"},"south":{"uv":[4.875,11,5,11.5],"texture":"#0"},"west":{"uv":[4.875,11,5,11.5],"texture":"#0"},"up":{"uv":[4.875,11,5,11.125],"texture":"#0"},"down":{"uv":[4.875,11.375,5,11.5],"texture":"#0"}}},{"name":"amethyst_greatblade_141","from":[6.8125,6.25,7.875],"to":[7.0625,6.625,8.125],"rotation":{"angle":0,"axis":"y","origin":[-1.3125,0,7.9375]},"faces":{"north":{"uv":[8.375,11,8.125,11.375],"texture":"#0"},"east":{"uv":[8.25,11,8.375,11.375],"texture":"#0"},"south":{"uv":[8.125,11,8.375,11.375],"texture":"#0"},"west":{"uv":[8.125,11,8.25,11.375],"texture":"#0"},"up":{"uv":[8.125,11,8.375,11.125],"texture":"#0"},"down":{"uv":[8.125,11.25,8.375,11.375],"texture":"#0"}}},{"name":"amethyst_greatblade_142","from":[8.9375,6.25,7.875],"to":[9.1875,6.625,8.125],"rotation":{"angle":0,"axis":"y","origin":[-1.3125,0,7.9375]},"faces":{"north":{"uv":[10.5,11,10.25,11.375],"texture":"#0"},"east":{"uv":[10.375,11,10.5,11.375],"texture":"#0"},"south":{"uv":[10.25,11,10.5,11.375],"texture":"#0"},"west":{"uv":[10.25,11,10.375,11.375],"texture":"#0"},"up":{"uv":[10.25,11,10.5,11.125],"texture":"#0"},"down":{"uv":[10.25,11.25,10.5,11.375],"texture":"#0"}}},{"name":"amethyst_greatblade_143","from":[7.0625,6,7.875],"to":[7.1875,6.5,8.125],"rotation":{"angle":0,"axis":"y","origin":[-1.3125,0,7.9375]},"faces":{"north":{"uv":[8.5,11.125,8.375,11.625],"texture":"#0"},"east":{"uv":[8.375,11.125,8.5,11.625],"texture":"#0"},"south":{"uv":[8.375,11.125,8.5,11.625],"texture":"#0"},"west":{"uv":[8.375,11.125,8.5,11.625],"texture":"#0"},"up":{"uv":[8.375,11.125,8.5,11.25],"texture":"#0"},"down":{"uv":[8.375,11.5,8.5,11.625],"texture":"#0"}}},{"name":"amethyst_greatblade_144","from":[8.8125,6,7.875],"to":[8.9375,6.5,8.125],"rotation":{"angle":0,"axis":"y","origin":[-1.3125,0,7.9375]},"faces":{"north":{"uv":[10.25,11.125,10.125,11.625],"texture":"#0"},"east":{"uv":[10.125,11.125,10.25,11.625],"texture":"#0"},"south":{"uv":[10.125,11.125,10.25,11.625],"texture":"#0"},"west":{"uv":[10.125,11.125,10.25,11.625],"texture":"#0"},"up":{"uv":[10.125,11.125,10.25,11.25],"texture":"#0"},"down":{"uv":[10.125,11.5,10.25,11.625],"texture":"#0"}}},{"name":"amethyst_greatblade_145","from":[5.6875,4.375,7.9375],"to":[5.8125,4.625,8.0625],"rotation":{"angle":0,"axis":"y","origin":[-1.3125,0,7.9375]},"faces":{"north":{"uv":[0.625,11.25,0.5,11.5],"texture":"#0"},"east":{"uv":[0.5,11.25,0.625,11.5],"texture":"#0"},"south":{"uv":[0.5,11.25,0.625,11.5],"texture":"#0"},"west":{"uv":[0.5,11.25,0.625,11.5],"texture":"#0"},"up":{"uv":[0.5,11.25,0.625,11.375],"texture":"#0"},"down":{"uv":[0.5,11.375,0.625,11.5],"texture":"#0"}}},{"name":"amethyst_greatblade_146","from":[6.0625,4.5,7.9375],"to":[6.1875,4.625,8.0625],"rotation":{"angle":0,"axis":"y","origin":[-1.3125,0,7.9375]},"faces":{"north":{"uv":[1,11.25,0.875,11.375],"texture":"#0"},"east":{"uv":[0.875,11.25,1,11.375],"texture":"#0"},"south":{"uv":[0.875,11.25,1,11.375],"texture":"#0"},"west":{"uv":[0.875,11.25,1,11.375],"texture":"#0"},"up":{"uv":[0.875,11.25,1,11.375],"texture":"#0"},"down":{"uv":[0.875,11.25,1,11.375],"texture":"#0"}}},{"name":"amethyst_greatblade_147","from":[9.8125,4.5,7.9375],"to":[9.9375,4.625,8.0625],"rotation":{"angle":0,"axis":"y","origin":[-1.3125,0,7.9375]},"faces":{"north":{"uv":[4.75,11.25,4.625,11.375],"texture":"#0"},"east":{"uv":[4.625,11.25,4.75,11.375],"texture":"#0"},"south":{"uv":[4.625,11.25,4.75,11.375],"texture":"#0"},"west":{"uv":[4.625,11.25,4.75,11.375],"texture":"#0"},"up":{"uv":[4.625,11.25,4.75,11.375],"texture":"#0"},"down":{"uv":[4.625,11.25,4.75,11.375],"texture":"#0"}}},{"name":"amethyst_greatblade_148","from":[10.1875,4.375,7.9375],"to":[10.3125,4.625,8.0625],"rotation":{"angle":0,"axis":"y","origin":[-1.3125,0,7.9375]},"faces":{"north":{"uv":[5.125,11.25,5,11.5],"texture":"#0"},"east":{"uv":[5,11.25,5.125,11.5],"texture":"#0"},"south":{"uv":[5,11.25,5.125,11.5],"texture":"#0"},"west":{"uv":[5,11.25,5.125,11.5],"texture":"#0"},"up":{"uv":[5,11.25,5.125,11.375],"texture":"#0"},"down":{"uv":[5,11.375,5.125,11.5],"texture":"#0"}}},{"name":"amethyst_greatblade_149","from":[7.1875,6.125,7.875],"to":[7.4375,6.375,8.125],"rotation":{"angle":0,"axis":"y","origin":[-1.3125,0,7.9375]},"faces":{"north":{"uv":[8.75,11.25,8.5,11.5],"texture":"#0"},"east":{"uv":[8.625,11.25,8.75,11.5],"texture":"#0"},"south":{"uv":[8.5,11.25,8.75,11.5],"texture":"#0"},"west":{"uv":[8.5,11.25,8.625,11.5],"texture":"#0"},"up":{"uv":[8.5,11.25,8.75,11.375],"texture":"#0"},"down":{"uv":[8.5,11.375,8.75,11.5],"texture":"#0"}}},{"name":"amethyst_greatblade_150","from":[8.5625,6.125,7.875],"to":[8.8125,6.375,8.125],"rotation":{"angle":0,"axis":"y","origin":[-1.3125,0,7.9375]},"faces":{"north":{"uv":[10.125,11.25,9.875,11.5],"texture":"#0"},"east":{"uv":[10,11.25,10.125,11.5],"texture":"#0"},"south":{"uv":[9.875,11.25,10.125,11.5],"texture":"#0"},"west":{"uv":[9.875,11.25,10,11.5],"texture":"#0"},"up":{"uv":[9.875,11.25,10.125,11.375],"texture":"#0"},"down":{"uv":[9.875,11.375,10.125,11.5],"texture":"#0"}}},{"name":"amethyst_greatblade_151","from":[7.5625,4.625,7.75],"to":[8.4375,4.75,8.25],"rotation":{"angle":0,"axis":"y","origin":[-1.3125,0,7.9375]},"faces":{"north":{"uv":[13,11.25,12.125,11.375],"texture":"#0"},"east":{"uv":[12.875,11.25,13,11.375],"texture":"#0"},"south":{"uv":[12.125,11.25,13,11.375],"texture":"#0"},"west":{"uv":[12.125,11.25,12.25,11.375],"texture":"#0"},"up":{"uv":[12.125,11.25,13,11.375],"texture":"#0"},"down":{"uv":[12.125,11.25,13,11.375],"texture":"#0"}}},{"name":"amethyst_greatblade_152","from":[6.1875,5.375,7.8125],"to":[6.4375,6.25,8.1875],"rotation":{"angle":0,"axis":"y","origin":[-1.3125,0,7.9375]},"faces":{"north":{"uv":[7.75,11.375,7.5,12.25],"texture":"#0"},"east":{"uv":[7.625,11.375,7.75,12.25],"texture":"#0"},"south":{"uv":[7.5,11.375,7.75,12.25],"texture":"#0"},"west":{"uv":[7.5,11.375,7.625,12.25],"texture":"#0"},"up":{"uv":[7.5,11.375,7.75,11.5],"texture":"#0"},"down":{"uv":[7.5,12.125,7.75,12.25],"texture":"#0"}}},{"name":"amethyst_greatblade_153","from":[6.9375,6.125,7.875],"to":[7.0625,6.25,8.125],"rotation":{"angle":0,"axis":"y","origin":[-1.3125,0,7.9375]},"faces":{"north":{"uv":[8.375,11.375,8.25,11.5],"texture":"#0"},"east":{"uv":[8.25,11.375,8.375,11.5],"texture":"#0"},"south":{"uv":[8.25,11.375,8.375,11.5],"texture":"#0"},"west":{"uv":[8.25,11.375,8.375,11.5],"texture":"#0"},"up":{"uv":[8.25,11.375,8.375,11.5],"texture":"#0"},"down":{"uv":[8.25,11.375,8.375,11.5],"texture":"#0"}}},{"name":"amethyst_greatblade_154","from":[8.9375,6.125,7.875],"to":[9.0625,6.25,8.125],"rotation":{"angle":0,"axis":"y","origin":[-1.3125,0,7.9375]},"faces":{"north":{"uv":[10.375,11.375,10.25,11.5],"texture":"#0"},"east":{"uv":[10.25,11.375,10.375,11.5],"texture":"#0"},"south":{"uv":[10.25,11.375,10.375,11.5],"texture":"#0"},"west":{"uv":[10.25,11.375,10.375,11.5],"texture":"#0"},"up":{"uv":[10.25,11.375,10.375,11.5],"texture":"#0"},"down":{"uv":[10.25,11.375,10.375,11.5],"texture":"#0"}}},{"name":"amethyst_greatblade_155","from":[9.5625,5.375,7.8125],"to":[9.8125,6.25,8.1875],"rotation":{"angle":0,"axis":"y","origin":[-1.3125,0,7.9375]},"faces":{"north":{"uv":[11.125,11.375,10.875,12.25],"texture":"#0"},"east":{"uv":[11,11.375,11.125,12.25],"texture":"#0"},"south":{"uv":[10.875,11.375,11.125,12.25],"texture":"#0"},"west":{"uv":[10.875,11.375,11,12.25],"texture":"#0"},"up":{"uv":[10.875,11.375,11.125,11.5],"texture":"#0"},"down":{"uv":[10.875,12.125,11.125,12.25],"texture":"#0"}}},{"name":"amethyst_greatblade_156","from":[7.6875,4.5,7.75],"to":[8.3125,4.625,8.25],"rotation":{"angle":0,"axis":"y","origin":[-1.3125,0,7.9375]},"faces":{"north":{"uv":[12.875,11.375,12.25,11.5],"texture":"#0"},"east":{"uv":[12.75,11.375,12.875,11.5],"texture":"#0"},"south":{"uv":[12.25,11.375,12.875,11.5],"texture":"#0"},"west":{"uv":[12.25,11.375,12.375,11.5],"texture":"#0"},"up":{"uv":[12.25,11.375,12.875,11.5],"texture":"#0"},"down":{"uv":[12.25,11.375,12.875,11.5],"texture":"#0"}}},{"name":"amethyst_greatblade_157","from":[6.0625,5.375,7.8125],"to":[6.1875,6.125,8.1875],"rotation":{"angle":0,"axis":"y","origin":[-1.3125,0,7.9375]},"faces":{"north":{"uv":[7.5,11.5,7.375,12.25],"texture":"#0"},"east":{"uv":[7.375,11.5,7.5,12.25],"texture":"#0"},"south":{"uv":[7.375,11.5,7.5,12.25],"texture":"#0"},"west":{"uv":[7.375,11.5,7.5,12.25],"texture":"#0"},"up":{"uv":[7.375,11.5,7.5,11.625],"texture":"#0"},"down":{"uv":[7.375,12.125,7.5,12.25],"texture":"#0"}}},{"name":"amethyst_greatblade_158","from":[7.1875,5.875,7.875],"to":[7.3125,6.125,8.125],"rotation":{"angle":0,"axis":"y","origin":[-1.3125,0,7.9375]},"faces":{"north":{"uv":[8.625,11.5,8.5,11.75],"texture":"#0"},"east":{"uv":[8.5,11.5,8.625,11.75],"texture":"#0"},"south":{"uv":[8.5,11.5,8.625,11.75],"texture":"#0"},"west":{"uv":[8.5,11.5,8.625,11.75],"texture":"#0"},"up":{"uv":[8.5,11.5,8.625,11.625],"texture":"#0"},"down":{"uv":[8.5,11.625,8.625,11.75],"texture":"#0"}}},{"name":"amethyst_greatblade_159","from":[7.8125,1.25,7.875],"to":[8.1875,4.5,8.125],"rotation":{"angle":0,"axis":"y","origin":[-1.3125,0,7.9375]},"faces":{"north":{"uv":[9.5,11.5,9.125,14.75],"texture":"#0"},"east":{"uv":[9.375,11.5,9.5,14.75],"texture":"#0"},"south":{"uv":[9.125,11.5,9.5,14.75],"texture":"#0"},"west":{"uv":[9.125,11.5,9.25,14.75],"texture":"#0"},"up":{"uv":[9.125,11.5,9.5,11.625],"texture":"#0"},"down":{"uv":[9.125,14.625,9.5,14.75],"texture":"#0"}}},{"name":"amethyst_greatblade_160","from":[8.6875,5.875,7.875],"to":[8.8125,6.125,8.125],"rotation":{"angle":0,"axis":"y","origin":[-1.3125,0,7.9375]},"faces":{"north":{"uv":[10.125,11.5,10,11.75],"texture":"#0"},"east":{"uv":[10,11.5,10.125,11.75],"texture":"#0"},"south":{"uv":[10,11.5,10.125,11.75],"texture":"#0"},"west":{"uv":[10,11.5,10.125,11.75],"texture":"#0"},"up":{"uv":[10,11.5,10.125,11.625],"texture":"#0"},"down":{"uv":[10,11.625,10.125,11.75],"texture":"#0"}}},{"name":"amethyst_greatblade_161","from":[9.8125,5.375,7.8125],"to":[9.9375,6.125,8.1875],"rotation":{"angle":0,"axis":"y","origin":[-1.3125,0,7.9375]},"faces":{"north":{"uv":[11.25,11.5,11.125,12.25],"texture":"#0"},"east":{"uv":[11.125,11.5,11.25,12.25],"texture":"#0"},"south":{"uv":[11.125,11.5,11.25,12.25],"texture":"#0"},"west":{"uv":[11.125,11.5,11.25,12.25],"texture":"#0"},"up":{"uv":[11.125,11.5,11.25,11.625],"texture":"#0"},"down":{"uv":[11.125,12.125,11.25,12.25],"texture":"#0"}}},{"name":"amethyst_greatblade_162","from":[5.9375,5.375,7.8125],"to":[6.0625,6,8.1875],"rotation":{"angle":0,"axis":"y","origin":[-1.3125,0,7.9375]},"faces":{"north":{"uv":[7.375,11.625,7.25,12.25],"texture":"#0"},"east":{"uv":[7.25,11.625,7.375,12.25],"texture":"#0"},"south":{"uv":[7.25,11.625,7.375,12.25],"texture":"#0"},"west":{"uv":[7.25,11.625,7.375,12.25],"texture":"#0"},"up":{"uv":[7.25,11.625,7.375,11.75],"texture":"#0"},"down":{"uv":[7.25,12.125,7.375,12.25],"texture":"#0"}}},{"name":"amethyst_greatblade_163","from":[7.3125,5.875,7.875],"to":[7.4375,6,8.125],"rotation":{"angle":0,"axis":"y","origin":[-1.3125,0,7.9375]},"faces":{"north":{"uv":[8.75,11.625,8.625,11.75],"texture":"#0"},"east":{"uv":[8.625,11.625,8.75,11.75],"texture":"#0"},"south":{"uv":[8.625,11.625,8.75,11.75],"texture":"#0"},"west":{"uv":[8.625,11.625,8.75,11.75],"texture":"#0"},"up":{"uv":[8.625,11.625,8.75,11.75],"texture":"#0"},"down":{"uv":[8.625,11.625,8.75,11.75],"texture":"#0"}}},{"name":"amethyst_greatblade_164","from":[8.5625,5.875,7.875],"to":[8.6875,6,8.125],"rotation":{"angle":0,"axis":"y","origin":[-1.3125,0,7.9375]},"faces":{"north":{"uv":[10,11.625,9.875,11.75],"texture":"#0"},"east":{"uv":[9.875,11.625,10,11.75],"texture":"#0"},"south":{"uv":[9.875,11.625,10,11.75],"texture":"#0"},"west":{"uv":[9.875,11.625,10,11.75],"texture":"#0"},"up":{"uv":[9.875,11.625,10,11.75],"texture":"#0"},"down":{"uv":[9.875,11.625,10,11.75],"texture":"#0"}}},{"name":"amethyst_greatblade_165","from":[9.9375,5.375,7.8125],"to":[10.0625,6,8.1875],"rotation":{"angle":0,"axis":"y","origin":[-1.3125,0,7.9375]},"faces":{"north":{"uv":[11.375,11.625,11.25,12.25],"texture":"#0"},"east":{"uv":[11.25,11.625,11.375,12.25],"texture":"#0"},"south":{"uv":[11.25,11.625,11.375,12.25],"texture":"#0"},"west":{"uv":[11.25,11.625,11.375,12.25],"texture":"#0"},"up":{"uv":[11.25,11.625,11.375,11.75],"texture":"#0"},"down":{"uv":[11.25,12.125,11.375,12.25],"texture":"#0"}}},{"name":"amethyst_greatblade_166","from":[5.8125,5.375,7.8125],"to":[5.9375,5.875,8.1875],"rotation":{"angle":0,"axis":"y","origin":[-1.3125,0,7.9375]},"faces":{"north":{"uv":[7.25,11.75,7.125,12.25],"texture":"#0"},"east":{"uv":[7.125,11.75,7.25,12.25],"texture":"#0"},"south":{"uv":[7.125,11.75,7.25,12.25],"texture":"#0"},"west":{"uv":[7.125,11.75,7.25,12.25],"texture":"#0"},"up":{"uv":[7.125,11.75,7.25,11.875],"texture":"#0"},"down":{"uv":[7.125,12.125,7.25,12.25],"texture":"#0"}}},{"name":"amethyst_greatblade_167","from":[10.0625,5.375,7.8125],"to":[10.1875,5.875,8.1875],"rotation":{"angle":0,"axis":"y","origin":[-1.3125,0,7.9375]},"faces":{"north":{"uv":[11.5,11.75,11.375,12.25],"texture":"#0"},"east":{"uv":[11.375,11.75,11.5,12.25],"texture":"#0"},"south":{"uv":[11.375,11.75,11.5,12.25],"texture":"#0"},"west":{"uv":[11.375,11.75,11.5,12.25],"texture":"#0"},"up":{"uv":[11.375,11.75,11.5,11.875],"texture":"#0"},"down":{"uv":[11.375,12.125,11.5,12.25],"texture":"#0"}}},{"name":"amethyst_greatblade_168","from":[5.6875,5.375,7.8125],"to":[5.8125,5.75,8.1875],"rotation":{"angle":0,"axis":"y","origin":[-1.3125,0,7.9375]},"faces":{"north":{"uv":[7.125,11.875,7,12.25],"texture":"#0"},"east":{"uv":[7,11.875,7.125,12.25],"texture":"#0"},"south":{"uv":[7,11.875,7.125,12.25],"texture":"#0"},"west":{"uv":[7,11.875,7.125,12.25],"texture":"#0"},"up":{"uv":[7,11.875,7.125,12],"texture":"#0"},"down":{"uv":[7,12.125,7.125,12.25],"texture":"#0"}}},{"name":"amethyst_greatblade_169","from":[7.0625,4.75,7.8125],"to":[7.3125,5.75,8.1875],"rotation":{"angle":0,"axis":"y","origin":[-1.3125,0,7.9375]},"faces":{"north":{"uv":[8.625,11.875,8.375,12.875],"texture":"#0"},"east":{"uv":[8.5,11.875,8.625,12.875],"texture":"#0"},"south":{"uv":[8.375,11.875,8.625,12.875],"texture":"#0"},"west":{"uv":[8.375,11.875,8.5,12.875],"texture":"#0"},"up":{"uv":[8.375,11.875,8.625,12],"texture":"#0"},"down":{"uv":[8.375,12.75,8.625,12.875],"texture":"#0"}}},{"name":"amethyst_greatblade_170","from":[8.6875,4.75,7.8125],"to":[8.9375,5.75,8.1875],"rotation":{"angle":0,"axis":"y","origin":[-1.3125,0,7.9375]},"faces":{"north":{"uv":[10.25,11.875,10,12.875],"texture":"#0"},"east":{"uv":[10.125,11.875,10.25,12.875],"texture":"#0"},"south":{"uv":[10,11.875,10.25,12.875],"texture":"#0"},"west":{"uv":[10,11.875,10.125,12.875],"texture":"#0"},"up":{"uv":[10,11.875,10.25,12],"texture":"#0"},"down":{"uv":[10,12.75,10.25,12.875],"texture":"#0"}}},{"name":"amethyst_greatblade_171","from":[10.1875,5.375,7.8125],"to":[10.3125,5.75,8.1875],"rotation":{"angle":0,"axis":"y","origin":[-1.3125,0,7.9375]},"faces":{"north":{"uv":[11.625,11.875,11.5,12.25],"texture":"#0"},"east":{"uv":[11.5,11.875,11.625,12.25],"texture":"#0"},"south":{"uv":[11.5,11.875,11.625,12.25],"texture":"#0"},"west":{"uv":[11.5,11.875,11.625,12.25],"texture":"#0"},"up":{"uv":[11.5,11.875,11.625,12],"texture":"#0"},"down":{"uv":[11.5,12.125,11.625,12.25],"texture":"#0"}}},{"name":"amethyst_greatblade_172","from":[5.5625,5.375,7.8125],"to":[5.6875,5.625,8.1875],"rotation":{"angle":0,"axis":"y","origin":[-1.3125,0,7.9375]},"faces":{"north":{"uv":[7,12,6.875,12.25],"texture":"#0"},"east":{"uv":[6.875,12,7,12.25],"texture":"#0"},"south":{"uv":[6.875,12,7,12.25],"texture":"#0"},"west":{"uv":[6.875,12,7,12.25],"texture":"#0"},"up":{"uv":[6.875,12,7,12.125],"texture":"#0"},"down":{"uv":[6.875,12.125,7,12.25],"texture":"#0"}}},{"name":"amethyst_greatblade_173","from":[6.9375,4.625,7.8125],"to":[7.0625,5.625,8.1875],"rotation":{"angle":0,"axis":"y","origin":[-1.3125,0,7.9375]},"faces":{"north":{"uv":[8.375,12,8.25,13],"texture":"#0"},"east":{"uv":[8.25,12,8.375,13],"texture":"#0"},"south":{"uv":[8.25,12,8.375,13],"texture":"#0"},"west":{"uv":[8.25,12,8.375,13],"texture":"#0"},"up":{"uv":[8.25,12,8.375,12.125],"texture":"#0"},"down":{"uv":[8.25,12.875,8.375,13],"texture":"#0"}}},{"name":"amethyst_greatblade_174","from":[8.9375,4.625,7.8125],"to":[9.0625,5.625,8.1875],"rotation":{"angle":0,"axis":"y","origin":[-1.3125,0,7.9375]},"faces":{"north":{"uv":[10.375,12,10.25,13],"texture":"#0"},"east":{"uv":[10.25,12,10.375,13],"texture":"#0"},"south":{"uv":[10.25,12,10.375,13],"texture":"#0"},"west":{"uv":[10.25,12,10.375,13],"texture":"#0"},"up":{"uv":[10.25,12,10.375,12.125],"texture":"#0"},"down":{"uv":[10.25,12.875,10.375,13],"texture":"#0"}}},{"name":"amethyst_greatblade_175","from":[10.3125,5.375,7.8125],"to":[10.4375,5.625,8.1875],"rotation":{"angle":0,"axis":"y","origin":[-1.3125,0,7.9375]},"faces":{"north":{"uv":[11.75,12,11.625,12.25],"texture":"#0"},"east":{"uv":[11.625,12,11.75,12.25],"texture":"#0"},"south":{"uv":[11.625,12,11.75,12.25],"texture":"#0"},"west":{"uv":[11.625,12,11.75,12.25],"texture":"#0"},"up":{"uv":[11.625,12,11.75,12.125],"texture":"#0"},"down":{"uv":[11.625,12.125,11.75,12.25],"texture":"#0"}}},{"name":"amethyst_greatblade_176","from":[5.4375,5.375,7.8125],"to":[5.5625,5.5,8.1875],"rotation":{"angle":0,"axis":"y","origin":[-1.3125,0,7.9375]},"faces":{"north":{"uv":[6.875,12.125,6.75,12.25],"texture":"#0"},"east":{"uv":[6.75,12.125,6.875,12.25],"texture":"#0"},"south":{"uv":[6.75,12.125,6.875,12.25],"texture":"#0"},"west":{"uv":[6.75,12.125,6.875,12.25],"texture":"#0"},"up":{"uv":[6.75,12.125,6.875,12.25],"texture":"#0"},"down":{"uv":[6.75,12.125,6.875,12.25],"texture":"#0"}}},{"name":"amethyst_greatblade_177","from":[6.8125,4.5,7.8125],"to":[6.9375,5.5,8.1875],"rotation":{"angle":0,"axis":"y","origin":[-1.3125,0,7.9375]},"faces":{"north":{"uv":[8.25,12.125,8.125,13.125],"texture":"#0"},"east":{"uv":[8.125,12.125,8.25,13.125],"texture":"#0"},"south":{"uv":[8.125,12.125,8.25,13.125],"texture":"#0"},"west":{"uv":[8.125,12.125,8.25,13.125],"texture":"#0"},"up":{"uv":[8.125,12.125,8.25,12.25],"texture":"#0"},"down":{"uv":[8.125,13,8.25,13.125],"texture":"#0"}}},{"name":"amethyst_greatblade_178","from":[9.0625,4.5,7.8125],"to":[9.1875,5.5,8.1875],"rotation":{"angle":0,"axis":"y","origin":[-1.3125,0,7.9375]},"faces":{"north":{"uv":[10.5,12.125,10.375,13.125],"texture":"#0"},"east":{"uv":[10.375,12.125,10.5,13.125],"texture":"#0"},"south":{"uv":[10.375,12.125,10.5,13.125],"texture":"#0"},"west":{"uv":[10.375,12.125,10.5,13.125],"texture":"#0"},"up":{"uv":[10.375,12.125,10.5,12.25],"texture":"#0"},"down":{"uv":[10.375,13,10.5,13.125],"texture":"#0"}}},{"name":"amethyst_greatblade_179","from":[10.4375,5.375,7.8125],"to":[10.5625,5.5,8.1875],"rotation":{"angle":0,"axis":"y","origin":[-1.3125,0,7.9375]},"faces":{"north":{"uv":[11.875,12.125,11.75,12.25],"texture":"#0"},"east":{"uv":[11.75,12.125,11.875,12.25],"texture":"#0"},"south":{"uv":[11.75,12.125,11.875,12.25],"texture":"#0"},"west":{"uv":[11.75,12.125,11.875,12.25],"texture":"#0"},"up":{"uv":[11.75,12.125,11.875,12.25],"texture":"#0"},"down":{"uv":[11.75,12.125,11.875,12.25],"texture":"#0"}}},{"name":"amethyst_greatblade_180","from":[6.6875,4.375,7.8125],"to":[6.8125,5.375,8.1875],"rotation":{"angle":0,"axis":"y","origin":[-1.3125,0,7.9375]},"faces":{"north":{"uv":[8.125,12.25,8,13.25],"texture":"#0"},"east":{"uv":[8,12.25,8.125,13.25],"texture":"#0"},"south":{"uv":[8,12.25,8.125,13.25],"texture":"#0"},"west":{"uv":[8,12.25,8.125,13.25],"texture":"#0"},"up":{"uv":[8,12.25,8.125,12.375],"texture":"#0"},"down":{"uv":[8,13.125,8.125,13.25],"texture":"#0"}}},{"name":"amethyst_greatblade_181","from":[9.1875,4.375,7.8125],"to":[9.3125,5.375,8.1875],"rotation":{"angle":0,"axis":"y","origin":[-1.3125,0,7.9375]},"faces":{"north":{"uv":[10.625,12.25,10.5,13.25],"texture":"#0"},"east":{"uv":[10.5,12.25,10.625,13.25],"texture":"#0"},"south":{"uv":[10.5,12.25,10.625,13.25],"texture":"#0"},"west":{"uv":[10.5,12.25,10.625,13.25],"texture":"#0"},"up":{"uv":[10.5,12.25,10.625,12.375],"texture":"#0"},"down":{"uv":[10.5,13.125,10.625,13.25],"texture":"#0"}}},{"name":"amethyst_greatblade_182","from":[7.1875,1.125,7.75],"to":[8.8125,1.25,8.25],"rotation":{"angle":0,"axis":"y","origin":[-1.3125,0,7.9375]},"faces":{"north":{"uv":[13.375,14.75,11.75,14.875],"texture":"#0"},"east":{"uv":[13.25,14.75,13.375,14.875],"texture":"#0"},"south":{"uv":[11.75,14.75,13.375,14.875],"texture":"#0"},"west":{"uv":[11.75,14.75,11.875,14.875],"texture":"#0"},"up":{"uv":[11.75,14.75,13.375,14.875],"texture":"#0"},"down":{"uv":[11.75,14.75,13.375,14.875],"texture":"#0"}}},{"name":"amethyst_greatblade_183","from":[7.3125,1,7.75],"to":[8.6875,1.125,8.25],"rotation":{"angle":0,"axis":"y","origin":[-1.3125,0,7.9375]},"faces":{"north":{"uv":[13.25,14.875,11.875,15],"texture":"#0"},"east":{"uv":[13.125,14.875,13.25,15],"texture":"#0"},"south":{"uv":[11.875,14.875,13.25,15],"texture":"#0"},"west":{"uv":[11.875,14.875,12,15],"texture":"#0"},"up":{"uv":[11.875,14.875,13.25,15],"texture":"#0"},"down":{"uv":[11.875,14.875,13.25,15],"texture":"#0"}}},{"name":"amethyst_greatblade_184","from":[7.4375,0.875,7.75],"to":[7.9375,1,8.25],"rotation":{"angle":0,"axis":"y","origin":[-1.3125,0,7.9375]},"faces":{"north":{"uv":[12.5,15,12,15.125],"texture":"#0"},"east":{"uv":[12.375,15,12.5,15.125],"texture":"#0"},"south":{"uv":[12,15,12.5,15.125],"texture":"#0"},"west":{"uv":[12,15,12.125,15.125],"texture":"#0"},"up":{"uv":[12,15,12.5,15.125],"texture":"#0"},"down":{"uv":[12,15,12.5,15.125],"texture":"#0"}}},{"name":"amethyst_greatblade_185","from":[8.0625,0.875,7.75],"to":[8.5625,1,8.25],"rotation":{"angle":0,"axis":"y","origin":[-1.3125,0,7.9375]},"faces":{"north":{"uv":[13.125,15,12.625,15.125],"texture":"#0"},"east":{"uv":[13,15,13.125,15.125],"texture":"#0"},"south":{"uv":[12.625,15,13.125,15.125],"texture":"#0"},"west":{"uv":[12.625,15,12.75,15.125],"texture":"#0"},"up":{"uv":[12.625,15,13.125,15.125],"texture":"#0"},"down":{"uv":[12.625,15,13.125,15.125],"texture":"#0"}}},{"name":"amethyst_greatblade_186","from":[7.5625,0.75,7.75],"to":[7.8125,0.875,8.25],"rotation":{"angle":0,"axis":"y","origin":[-1.3125,0,7.9375]},"faces":{"north":{"uv":[12.375,15.125,12.125,15.25],"texture":"#0"},"east":{"uv":[12.25,15.125,12.375,15.25],"texture":"#0"},"south":{"uv":[12.125,15.125,12.375,15.25],"texture":"#0"},"west":{"uv":[12.125,15.125,12.25,15.25],"texture":"#0"},"up":{"uv":[12.125,15.125,12.375,15.25],"texture":"#0"},"down":{"uv":[12.125,15.125,12.375,15.25],"texture":"#0"}}},{"name":"amethyst_greatblade_187","from":[8.1875,0.75,7.75],"to":[8.4375,0.875,8.25],"rotation":{"angle":0,"axis":"y","origin":[-1.3125,0,7.9375]},"faces":{"north":{"uv":[13,15.125,12.75,15.25],"texture":"#0"},"east":{"uv":[12.875,15.125,13,15.25],"texture":"#0"},"south":{"uv":[12.75,15.125,13,15.25],"texture":"#0"},"west":{"uv":[12.75,15.125,12.875,15.25],"texture":"#0"},"up":{"uv":[12.75,15.125,13,15.25],"texture":"#0"},"down":{"uv":[12.75,15.125,13,15.25],"texture":"#0"}}},{"name":"amethyst_greatblade_188","from":[7.3125,0.375,7.9375],"to":[7.6875,0.75,8.0625],"rotation":{"angle":0,"axis":"y","origin":[-1.3125,0,7.9375]},"faces":{"north":{"uv":[9,15.25,8.625,15.625],"texture":"#0"},"east":{"uv":[8.875,15.25,9,15.625],"texture":"#0"},"south":{"uv":[8.625,15.25,9,15.625],"texture":"#0"},"west":{"uv":[8.625,15.25,8.75,15.625],"texture":"#0"},"up":{"uv":[8.625,15.25,9,15.375],"texture":"#0"},"down":{"uv":[8.625,15.5,9,15.625],"texture":"#0"}}},{"name":"amethyst_greatblade_189","from":[8.3125,0.375,7.9375],"to":[8.6875,0.75,8.0625],"rotation":{"angle":0,"axis":"y","origin":[-1.3125,0,7.9375]},"faces":{"north":{"uv":[10,15.25,9.625,15.625],"texture":"#0"},"east":{"uv":[9.875,15.25,10,15.625],"texture":"#0"},"south":{"uv":[9.625,15.25,10,15.625],"texture":"#0"},"west":{"uv":[9.625,15.25,9.75,15.625],"texture":"#0"},"up":{"uv":[9.625,15.25,10,15.375],"texture":"#0"},"down":{"uv":[9.625,15.5,10,15.625],"texture":"#0"}}},{"name":"amethyst_greatblade_190","from":[7.6875,0.375,7.8125],"to":[7.9375,0.75,8.1875],"rotation":{"angle":0,"axis":"y","origin":[-1.3125,0,7.9375]},"faces":{"north":{"uv":[11,15.25,10.75,15.625],"texture":"#0"},"east":{"uv":[10.875,15.25,11,15.625],"texture":"#0"},"south":{"uv":[10.75,15.25,11,15.625],"texture":"#0"},"west":{"uv":[10.75,15.25,10.875,15.625],"texture":"#0"},"up":{"uv":[10.75,15.25,11,15.375],"texture":"#0"},"down":{"uv":[10.75,15.5,11,15.625],"texture":"#0"}}},{"name":"amethyst_greatblade_191","from":[8.0625,0.375,7.8125],"to":[8.3125,0.75,8.1875],"rotation":{"angle":0,"axis":"y","origin":[-1.3125,0,7.9375]},"faces":{"north":{"uv":[11.375,15.25,11.125,15.625],"texture":"#0"},"east":{"uv":[11.25,15.25,11.375,15.625],"texture":"#0"},"south":{"uv":[11.125,15.25,11.375,15.625],"texture":"#0"},"west":{"uv":[11.125,15.25,11.25,15.625],"texture":"#0"},"up":{"uv":[11.125,15.25,11.375,15.375],"texture":"#0"},"down":{"uv":[11.125,15.5,11.375,15.625],"texture":"#0"}}},{"name":"amethyst_greatblade_192","from":[7.1875,0.125,7.9375],"to":[7.3125,0.625,8.0625],"rotation":{"angle":0,"axis":"y","origin":[-1.3125,0,7.9375]},"faces":{"north":{"uv":[8.625,15.375,8.5,15.875],"texture":"#0"},"east":{"uv":[8.5,15.375,8.625,15.875],"texture":"#0"},"south":{"uv":[8.5,15.375,8.625,15.875],"texture":"#0"},"west":{"uv":[8.5,15.375,8.625,15.875],"texture":"#0"},"up":{"uv":[8.5,15.375,8.625,15.5],"texture":"#0"},"down":{"uv":[8.5,15.75,8.625,15.875],"texture":"#0"}}},{"name":"amethyst_greatblade_193","from":[8.6875,0.125,7.9375],"to":[8.8125,0.625,8.0625],"rotation":{"angle":0,"axis":"y","origin":[-1.3125,0,7.9375]},"faces":{"north":{"uv":[10.125,15.375,10,15.875],"texture":"#0"},"east":{"uv":[10,15.375,10.125,15.875],"texture":"#0"},"south":{"uv":[10,15.375,10.125,15.875],"texture":"#0"},"west":{"uv":[10,15.375,10.125,15.875],"texture":"#0"},"up":{"uv":[10,15.375,10.125,15.5],"texture":"#0"},"down":{"uv":[10,15.75,10.125,15.875],"texture":"#0"}}},{"name":"amethyst_greatblade_194","from":[7.9375,0.375,7.8125],"to":[8.0625,0.625,8.1875],"rotation":{"angle":0,"axis":"y","origin":[-1.3125,0,7.9375]},"faces":{"north":{"uv":[11.125,15.375,11,15.625],"texture":"#0"},"east":{"uv":[11,15.375,11.125,15.625],"texture":"#0"},"south":{"uv":[11,15.375,11.125,15.625],"texture":"#0"},"west":{"uv":[11,15.375,11.125,15.625],"texture":"#0"},"up":{"uv":[11,15.375,11.125,15.5],"texture":"#0"},"down":{"uv":[11,15.5,11.125,15.625],"texture":"#0"}}},{"name":"amethyst_greatblade_195","from":[7.0625,0,7.9375],"to":[7.1875,0.5,8.0625],"rotation":{"angle":0,"axis":"y","origin":[-1.3125,0,7.9375]},"faces":{"north":{"uv":[8.5,15.5,8.375,16],"texture":"#0"},"east":{"uv":[8.375,15.5,8.5,16],"texture":"#0"},"south":{"uv":[8.375,15.5,8.5,16],"texture":"#0"},"west":{"uv":[8.375,15.5,8.5,16],"texture":"#0"},"up":{"uv":[8.375,15.5,8.5,15.625],"texture":"#0"},"down":{"uv":[8.375,15.875,8.5,16],"texture":"#0"}}},{"name":"amethyst_greatblade_196","from":[8.8125,0,7.9375],"to":[8.9375,0.5,8.0625],"rotation":{"angle":0,"axis":"y","origin":[-1.3125,0,7.9375]},"faces":{"north":{"uv":[10.25,15.5,10.125,16],"texture":"#0"},"east":{"uv":[10.125,15.5,10.25,16],"texture":"#0"},"south":{"uv":[10.125,15.5,10.25,16],"texture":"#0"},"west":{"uv":[10.125,15.5,10.25,16],"texture":"#0"},"up":{"uv":[10.125,15.5,10.25,15.625],"texture":"#0"},"down":{"uv":[10.125,15.875,10.25,16],"texture":"#0"}}},{"name":"amethyst_greatblade_197","from":[7.3125,0.25,7.9375],"to":[7.4375,0.375,8.0625],"rotation":{"angle":0,"axis":"y","origin":[-1.3125,0,7.9375]},"faces":{"north":{"uv":[8.75,15.625,8.625,15.75],"texture":"#0"},"east":{"uv":[8.625,15.625,8.75,15.75],"texture":"#0"},"south":{"uv":[8.625,15.625,8.75,15.75],"texture":"#0"},"west":{"uv":[8.625,15.625,8.75,15.75],"texture":"#0"},"up":{"uv":[8.625,15.625,8.75,15.75],"texture":"#0"},"down":{"uv":[8.625,15.625,8.75,15.75],"texture":"#0"}}},{"name":"amethyst_greatblade_198","from":[8.5625,0.25,7.9375],"to":[8.6875,0.375,8.0625],"rotation":{"angle":0,"axis":"y","origin":[-1.3125,0,7.9375]},"faces":{"north":{"uv":[10,15.625,9.875,15.75],"texture":"#0"},"east":{"uv":[9.875,15.625,10,15.75],"texture":"#0"},"south":{"uv":[9.875,15.625,10,15.75],"texture":"#0"},"west":{"uv":[9.875,15.625,10,15.75],"texture":"#0"},"up":{"uv":[9.875,15.625,10,15.75],"texture":"#0"},"down":{"uv":[9.875,15.625,10,15.75],"texture":"#0"}}}],"gui_light":"front","display":{"thirdperson_righthand":{"rotation":[0,-90,0],"translation":[0,10,1.5],"scale":[2.4,2.4,2.4]},"thirdperson_lefthand":{"rotation":[0,-90,0],"translation":[0,10,1.5],"scale":[2.4,2.4,2.4]},"firstperson_righthand":{"rotation":[10,-90,15],"translation":[-1.5,9.75,4.75],"scale":[1.4,1.4,1.4]},"firstperson_lefthand":{"rotation":[10,90,-15],"translation":[-1.5,9.75,4.75],"scale":[1.4,1.4,1.4]},"ground":{"rotation":[0,0,45],"translation":[0,1.5,0.25]},"gui":{"rotation":[0,0,-45],"translation":[0.25,0.25,0],"scale":[1.4,1.4,1]},"head":{"rotation":[0,0,45],"translation":[1.25,17.75,0],"scale":[2,2,2]},"fixed":{"rotation":[0,0,90],"translation":[3.75,-0.25,-0.5],"scale":[4,4,4]}}}