{"textures":{"1":"fantasy_weapons:item/ancient_greatslab"},"elements":[{"name":"ancient_greatslab_0","from":[6.625,13.625,8],"to":[6.75,16.25,8.125],"faces":{"north":{"uv":[1.5,2.875,1.625,0.25],"rotation":180,"texture":"#1"},"east":{"uv":[1.5,0.25,1.625,2.875],"texture":"#1"},"south":{"uv":[1.5,0.25,1.625,2.875],"texture":"#1"},"west":{"uv":[1.5,0.25,1.625,2.875],"texture":"#1"},"up":{"uv":[1.625,0.25,1.5,0.375],"rotation":180,"texture":"#1"},"down":{"uv":[1.5,2.75,1.625,2.875],"texture":"#1"}}},{"name":"ancient_greatslab_1","from":[6.75,7,7.9375],"to":[7,16.25,8.1875],"faces":{"north":{"uv":[1.875,9.5,2.125,0.25],"rotation":180,"texture":"#1"},"east":{"uv":[2,0.25,2.125,9.5],"texture":"#1"},"south":{"uv":[1.875,0.25,2.125,9.5],"texture":"#1"},"west":{"uv":[1.875,0.25,2,9.5],"texture":"#1"},"up":{"uv":[2.125,0.25,1.875,0.375],"rotation":180,"texture":"#1"},"down":{"uv":[1.875,9.375,2.125,9.5],"texture":"#1"}}},{"name":"ancient_greatslab_2","from":[7,8.875,7.875],"to":[8.75,16.25,8.25],"faces":{"north":{"uv":[2.25,7.625,4,0.25],"rotation":180,"texture":"#1"},"east":{"uv":[3.875,0.25,4,7.625],"texture":"#1"},"south":{"uv":[2.25,0.25,4,7.625],"texture":"#1"},"west":{"uv":[2.25,0.25,2.375,7.625],"texture":"#1"},"up":{"uv":[4,0.25,2.25,0.375],"rotation":180,"texture":"#1"},"down":{"uv":[2.25,7.5,4,7.625],"texture":"#1"}}},{"name":"ancient_greatslab_3","from":[8.75,7,7.9375],"to":[9,16.25,8.1875],"faces":{"north":{"uv":[4.125,9.5,4.375,0.25],"rotation":180,"texture":"#1"},"east":{"uv":[4.25,0.25,4.375,9.5],"texture":"#1"},"south":{"uv":[4.125,0.25,4.375,9.5],"texture":"#1"},"west":{"uv":[4.125,0.25,4.25,9.5],"texture":"#1"},"up":{"uv":[4.375,0.25,4.125,0.375],"rotation":180,"texture":"#1"},"down":{"uv":[4.125,9.375,4.375,9.5],"texture":"#1"}}},{"name":"ancient_greatslab_4","from":[9,14.125,8],"to":[9.125,16.25,8.125],"faces":{"north":{"uv":[4.625,2.375,4.75,0.25],"rotation":180,"texture":"#1"},"east":{"uv":[4.625,0.25,4.75,2.375],"texture":"#1"},"south":{"uv":[4.625,0.25,4.75,2.375],"texture":"#1"},"west":{"uv":[4.625,0.25,4.75,2.375],"texture":"#1"},"up":{"uv":[4.75,0.25,4.625,0.375],"rotation":180,"texture":"#1"},"down":{"uv":[4.625,2.25,4.75,2.375],"texture":"#1"}}},{"name":"ancient_greatslab_5","from":[6.625,10.375,8],"to":[6.75,13.375,8.125],"faces":{"north":{"uv":[1.5,6.125,1.625,3.125],"rotation":180,"texture":"#1"},"east":{"uv":[1.5,3.125,1.625,6.125],"texture":"#1"},"south":{"uv":[1.5,3.125,1.625,6.125],"texture":"#1"},"west":{"uv":[1.5,3.125,1.625,6.125],"texture":"#1"},"up":{"uv":[1.625,3.125,1.5,3.25],"rotation":180,"texture":"#1"},"down":{"uv":[1.5,6,1.625,6.125],"texture":"#1"}}},{"name":"ancient_greatslab_6","from":[9,10.25,8],"to":[9.125,13,8.125],"faces":{"north":{"uv":[4.625,6.25,4.75,3.5],"rotation":180,"texture":"#1"},"east":{"uv":[4.625,3.5,4.75,6.25],"texture":"#1"},"south":{"uv":[4.625,3.5,4.75,6.25],"texture":"#1"},"west":{"uv":[4.625,3.5,4.75,6.25],"texture":"#1"},"up":{"uv":[4.75,3.5,4.625,3.625],"rotation":180,"texture":"#1"},"down":{"uv":[4.625,6.125,4.75,6.25],"texture":"#1"}}},{"name":"ancient_greatslab_7","from":[6.5,6,7.8125],"to":[6.75,7.25,8.3125],"faces":{"north":{"uv":[6.5,5.25,6.75,4],"rotation":180,"texture":"#1"},"east":{"uv":[6.625,4,6.75,5.25],"texture":"#1"},"south":{"uv":[6.5,4,6.75,5.25],"texture":"#1"},"west":{"uv":[6.5,4,6.625,5.25],"texture":"#1"},"up":{"uv":[6.75,4,6.5,4.125],"rotation":180,"texture":"#1"},"down":{"uv":[6.5,5.125,6.75,5.25],"texture":"#1"}}},{"name":"ancient_greatslab_8","from":[9,6,7.8125],"to":[9.25,7.25,8.3125],"faces":{"north":{"uv":[9,5.25,9.25,4],"rotation":180,"texture":"#1"},"east":{"uv":[9.125,4,9.25,5.25],"texture":"#1"},"south":{"uv":[9,4,9.25,5.25],"texture":"#1"},"west":{"uv":[9,4,9.125,5.25],"texture":"#1"},"up":{"uv":[9.25,4,9,4.125],"rotation":180,"texture":"#1"},"down":{"uv":[9,5.125,9.25,5.25],"texture":"#1"}}},{"name":"ancient_greatslab_9","from":[6.75,6,7.8125],"to":[6.875,7,8.3125],"faces":{"north":{"uv":[6.75,5.25,6.875,4.25],"rotation":180,"texture":"#1"},"east":{"uv":[6.75,4.25,6.875,5.25],"texture":"#1"},"south":{"uv":[6.75,4.25,6.875,5.25],"texture":"#1"},"west":{"uv":[6.75,4.25,6.875,5.25],"texture":"#1"},"up":{"uv":[6.875,4.25,6.75,4.375],"rotation":180,"texture":"#1"},"down":{"uv":[6.75,5.125,6.875,5.25],"texture":"#1"}}},{"name":"ancient_greatslab_10","from":[8.875,6,7.8125],"to":[9,7,8.3125],"faces":{"north":{"uv":[8.875,5.25,9,4.25],"rotation":180,"texture":"#1"},"east":{"uv":[8.875,4.25,9,5.25],"texture":"#1"},"south":{"uv":[8.875,4.25,9,5.25],"texture":"#1"},"west":{"uv":[8.875,4.25,9,5.25],"texture":"#1"},"up":{"uv":[9,4.25,8.875,4.375],"rotation":180,"texture":"#1"},"down":{"uv":[8.875,5.125,9,5.25],"texture":"#1"}}},{"name":"ancient_greatslab_11","from":[6.375,6,7.8125],"to":[6.5,6.875,8.3125],"faces":{"north":{"uv":[6.375,5.25,6.5,4.375],"rotation":180,"texture":"#1"},"east":{"uv":[6.375,4.375,6.5,5.25],"texture":"#1"},"south":{"uv":[6.375,4.375,6.5,5.25],"texture":"#1"},"west":{"uv":[6.375,4.375,6.5,5.25],"texture":"#1"},"up":{"uv":[6.5,4.375,6.375,4.5],"rotation":180,"texture":"#1"},"down":{"uv":[6.375,5.125,6.5,5.25],"texture":"#1"}}},{"name":"ancient_greatslab_12","from":[9.25,6,7.8125],"to":[9.375,6.875,8.3125],"faces":{"north":{"uv":[9.25,5.25,9.375,4.375],"rotation":180,"texture":"#1"},"east":{"uv":[9.25,4.375,9.375,5.25],"texture":"#1"},"south":{"uv":[9.25,4.375,9.375,5.25],"texture":"#1"},"west":{"uv":[9.25,4.375,9.375,5.25],"texture":"#1"},"up":{"uv":[9.375,4.375,9.25,4.5],"rotation":180,"texture":"#1"},"down":{"uv":[9.25,5.125,9.375,5.25],"texture":"#1"}}},{"name":"ancient_greatslab_13","from":[6.875,5.875,7.8125],"to":[7,6.75,8.3125],"faces":{"north":{"uv":[6.875,5.375,7,4.5],"rotation":180,"texture":"#1"},"east":{"uv":[6.875,4.5,7,5.375],"texture":"#1"},"south":{"uv":[6.875,4.5,7,5.375],"texture":"#1"},"west":{"uv":[6.875,4.5,7,5.375],"texture":"#1"},"up":{"uv":[7,4.5,6.875,4.625],"rotation":180,"texture":"#1"},"down":{"uv":[6.875,5.25,7,5.375],"texture":"#1"}}},{"name":"ancient_greatslab_14","from":[8.75,5.875,7.8125],"to":[8.875,6.75,8.3125],"faces":{"north":{"uv":[8.75,5.375,8.875,4.5],"rotation":180,"texture":"#1"},"east":{"uv":[8.75,4.5,8.875,5.375],"texture":"#1"},"south":{"uv":[8.75,4.5,8.875,5.375],"texture":"#1"},"west":{"uv":[8.75,4.5,8.875,5.375],"texture":"#1"},"up":{"uv":[8.875,4.5,8.75,4.625],"rotation":180,"texture":"#1"},"down":{"uv":[8.75,5.25,8.875,5.375],"texture":"#1"}}},{"name":"ancient_greatslab_15","from":[6.25,6,7.8125],"to":[6.375,6.5,8.3125],"faces":{"north":{"uv":[6.25,5.25,6.375,4.75],"rotation":180,"texture":"#1"},"east":{"uv":[6.25,4.75,6.375,5.25],"texture":"#1"},"south":{"uv":[6.25,4.75,6.375,5.25],"texture":"#1"},"west":{"uv":[6.25,4.75,6.375,5.25],"texture":"#1"},"up":{"uv":[6.375,4.75,6.25,4.875],"rotation":180,"texture":"#1"},"down":{"uv":[6.25,5.125,6.375,5.25],"texture":"#1"}}},{"name":"ancient_greatslab_16","from":[7,5.875,7.8125],"to":[7.125,6.5,8.3125],"faces":{"north":{"uv":[7,5.375,7.125,4.75],"rotation":180,"texture":"#1"},"east":{"uv":[7,4.75,7.125,5.375],"texture":"#1"},"south":{"uv":[7,4.75,7.125,5.375],"texture":"#1"},"west":{"uv":[7,4.75,7.125,5.375],"texture":"#1"},"up":{"uv":[7.125,4.75,7,4.875],"rotation":180,"texture":"#1"},"down":{"uv":[7,5.25,7.125,5.375],"texture":"#1"}}},{"name":"ancient_greatslab_17","from":[8.625,5.875,7.8125],"to":[8.75,6.5,8.3125],"faces":{"north":{"uv":[8.625,5.375,8.75,4.75],"rotation":180,"texture":"#1"},"east":{"uv":[8.625,4.75,8.75,5.375],"texture":"#1"},"south":{"uv":[8.625,4.75,8.75,5.375],"texture":"#1"},"west":{"uv":[8.625,4.75,8.75,5.375],"texture":"#1"},"up":{"uv":[8.75,4.75,8.625,4.875],"rotation":180,"texture":"#1"},"down":{"uv":[8.625,5.25,8.75,5.375],"texture":"#1"}}},{"name":"ancient_greatslab_18","from":[9.375,6,7.8125],"to":[9.5,6.5,8.3125],"faces":{"north":{"uv":[9.375,5.25,9.5,4.75],"rotation":180,"texture":"#1"},"east":{"uv":[9.375,4.75,9.5,5.25],"texture":"#1"},"south":{"uv":[9.375,4.75,9.5,5.25],"texture":"#1"},"west":{"uv":[9.375,4.75,9.5,5.25],"texture":"#1"},"up":{"uv":[9.5,4.75,9.375,4.875],"rotation":180,"texture":"#1"},"down":{"uv":[9.375,5.125,9.5,5.25],"texture":"#1"}}},{"name":"ancient_greatslab_19","from":[7.125,5.875,7.8125],"to":[7.5,6.25,8.3125],"faces":{"north":{"uv":[7.125,5.375,7.5,5],"rotation":180,"texture":"#1"},"east":{"uv":[7.375,5,7.5,5.375],"texture":"#1"},"south":{"uv":[7.125,5,7.5,5.375],"texture":"#1"},"west":{"uv":[7.125,5,7.25,5.375],"texture":"#1"},"up":{"uv":[7.5,5,7.125,5.125],"rotation":180,"texture":"#1"},"down":{"uv":[7.125,5.25,7.5,5.375],"texture":"#1"}}},{"name":"ancient_greatslab_20","from":[7.5,6.125,7.8125],"to":[7.75,6.25,8.3125],"faces":{"north":{"uv":[7.5,5.125,7.75,5],"rotation":180,"texture":"#1"},"east":{"uv":[7.625,5,7.75,5.125],"texture":"#1"},"south":{"uv":[7.5,5,7.75,5.125],"texture":"#1"},"west":{"uv":[7.5,5,7.625,5.125],"texture":"#1"},"up":{"uv":[7.75,5,7.5,5.125],"rotation":180,"texture":"#1"},"down":{"uv":[7.5,5,7.75,5.125],"texture":"#1"}}},{"name":"ancient_greatslab_21","from":[8,6.125,7.8125],"to":[8.625,6.25,8.3125],"faces":{"north":{"uv":[8,5.125,8.625,5],"rotation":180,"texture":"#1"},"east":{"uv":[8.5,5,8.625,5.125],"texture":"#1"},"south":{"uv":[8,5,8.625,5.125],"texture":"#1"},"west":{"uv":[8,5,8.125,5.125],"texture":"#1"},"up":{"uv":[8.625,5,8,5.125],"rotation":180,"texture":"#1"},"down":{"uv":[8,5,8.625,5.125],"texture":"#1"}}},{"name":"ancient_greatslab_22","from":[7.5,6,7.8125],"to":[7.625,6.125,8.3125],"faces":{"north":{"uv":[7.5,5.25,7.625,5.125],"rotation":180,"texture":"#1"},"east":{"uv":[7.5,5.125,7.625,5.25],"texture":"#1"},"south":{"uv":[7.5,5.125,7.625,5.25],"texture":"#1"},"west":{"uv":[7.5,5.125,7.625,5.25],"texture":"#1"},"up":{"uv":[7.625,5.125,7.5,5.25],"rotation":180,"texture":"#1"},"down":{"uv":[7.5,5.125,7.625,5.25],"texture":"#1"}}},{"name":"ancient_greatslab_23","from":[8.125,6,7.8125],"to":[8.625,6.125,8.3125],"faces":{"north":{"uv":[8.125,5.25,8.625,5.125],"rotation":180,"texture":"#1"},"east":{"uv":[8.5,5.125,8.625,5.25],"texture":"#1"},"south":{"uv":[8.125,5.125,8.625,5.25],"texture":"#1"},"west":{"uv":[8.125,5.125,8.25,5.25],"texture":"#1"},"up":{"uv":[8.625,5.125,8.125,5.25],"rotation":180,"texture":"#1"},"down":{"uv":[8.125,5.125,8.625,5.25],"texture":"#1"}}},{"name":"ancient_greatslab_24","from":[8.25,5.875,7.8125],"to":[8.625,6,8.3125],"faces":{"north":{"uv":[8.25,5.375,8.625,5.25],"rotation":180,"texture":"#1"},"east":{"uv":[8.5,5.25,8.625,5.375],"texture":"#1"},"south":{"uv":[8.25,5.25,8.625,5.375],"texture":"#1"},"west":{"uv":[8.25,5.25,8.375,5.375],"texture":"#1"},"up":{"uv":[8.625,5.25,8.25,5.375],"rotation":180,"texture":"#1"},"down":{"uv":[8.25,5.25,8.625,5.375],"texture":"#1"}}},{"name":"ancient_greatslab_25","from":[5.625,5.5,7.875],"to":[6.625,5.875,8.25],"faces":{"north":{"uv":[5.625,6.25,6.625,5.875],"rotation":180,"texture":"#1"},"east":{"uv":[6.5,5.875,6.625,6.25],"texture":"#1"},"south":{"uv":[5.625,5.875,6.625,6.25],"texture":"#1"},"west":{"uv":[5.625,5.875,5.75,6.25],"texture":"#1"},"up":{"uv":[6.625,5.875,5.625,6],"rotation":180,"texture":"#1"},"down":{"uv":[5.625,6.125,6.625,6.25],"texture":"#1"}}},{"name":"ancient_greatslab_26","from":[9.125,5.25,7.875],"to":[9.75,5.875,8.25],"faces":{"north":{"uv":[9.125,6.5,9.75,5.875],"rotation":180,"texture":"#1"},"east":{"uv":[9.625,5.875,9.75,6.5],"texture":"#1"},"south":{"uv":[9.125,5.875,9.75,6.5],"texture":"#1"},"west":{"uv":[9.125,5.875,9.25,6.5],"texture":"#1"},"up":{"uv":[9.75,5.875,9.125,6],"rotation":180,"texture":"#1"},"down":{"uv":[9.125,6.375,9.75,6.5],"texture":"#1"}}},{"name":"ancient_greatslab_27","from":[9.75,5.5,7.875],"to":[10.125,5.875,8.25],"faces":{"north":{"uv":[9.75,6.25,10.125,5.875],"rotation":180,"texture":"#1"},"east":{"uv":[10,5.875,10.125,6.25],"texture":"#1"},"south":{"uv":[9.75,5.875,10.125,6.25],"texture":"#1"},"west":{"uv":[9.75,5.875,9.875,6.25],"texture":"#1"},"up":{"uv":[10.125,5.875,9.75,6],"rotation":180,"texture":"#1"},"down":{"uv":[9.75,6.125,10.125,6.25],"texture":"#1"}}},{"name":"ancient_greatslab_28","from":[6.625,5.125,7.875],"to":[6.75,5.75,8.25],"faces":{"north":{"uv":[6.625,6.625,6.75,6],"rotation":180,"texture":"#1"},"east":{"uv":[6.625,6,6.75,6.625],"texture":"#1"},"south":{"uv":[6.625,6,6.75,6.625],"texture":"#1"},"west":{"uv":[6.625,6,6.75,6.625],"texture":"#1"},"up":{"uv":[6.75,6,6.625,6.125],"rotation":180,"texture":"#1"},"down":{"uv":[6.625,6.5,6.75,6.625],"texture":"#1"}}},{"name":"ancient_greatslab_29","from":[9,5.125,7.875],"to":[9.125,5.75,8.25],"faces":{"north":{"uv":[9,6.625,9.125,6],"rotation":180,"texture":"#1"},"east":{"uv":[9,6,9.125,6.625],"texture":"#1"},"south":{"uv":[9,6,9.125,6.625],"texture":"#1"},"west":{"uv":[9,6,9.125,6.625],"texture":"#1"},"up":{"uv":[9.125,6,9,6.125],"rotation":180,"texture":"#1"},"down":{"uv":[9,6.5,9.125,6.625],"texture":"#1"}}},{"name":"ancient_greatslab_30","from":[6.75,5.125,7.875],"to":[7.125,5.625,8.25],"faces":{"north":{"uv":[6.75,6.625,7.125,6.125],"rotation":180,"texture":"#1"},"east":{"uv":[7,6.125,7.125,6.625],"texture":"#1"},"south":{"uv":[6.75,6.125,7.125,6.625],"texture":"#1"},"west":{"uv":[6.75,6.125,6.875,6.625],"texture":"#1"},"up":{"uv":[7.125,6.125,6.75,6.25],"rotation":180,"texture":"#1"},"down":{"uv":[6.75,6.5,7.125,6.625],"texture":"#1"}}},{"name":"ancient_greatslab_31","from":[8.625,5.125,7.875],"to":[9,5.625,8.25],"faces":{"north":{"uv":[8.625,6.625,9,6.125],"rotation":180,"texture":"#1"},"east":{"uv":[8.875,6.125,9,6.625],"texture":"#1"},"south":{"uv":[8.625,6.125,9,6.625],"texture":"#1"},"west":{"uv":[8.625,6.125,8.75,6.625],"texture":"#1"},"up":{"uv":[9,6.125,8.625,6.25],"rotation":180,"texture":"#1"},"down":{"uv":[8.625,6.5,9,6.625],"texture":"#1"}}},{"name":"ancient_greatslab_32","from":[5.75,5.375,7.875],"to":[6.625,5.5,8.25],"faces":{"north":{"uv":[5.75,6.375,6.625,6.25],"rotation":180,"texture":"#1"},"east":{"uv":[6.5,6.25,6.625,6.375],"texture":"#1"},"south":{"uv":[5.75,6.25,6.625,6.375],"texture":"#1"},"west":{"uv":[5.75,6.25,5.875,6.375],"texture":"#1"},"up":{"uv":[6.625,6.25,5.75,6.375],"rotation":180,"texture":"#1"},"down":{"uv":[5.75,6.25,6.625,6.375],"texture":"#1"}}},{"name":"ancient_greatslab_33","from":[9.75,5.375,7.875],"to":[10,5.5,8.25],"faces":{"north":{"uv":[9.75,6.375,10,6.25],"rotation":180,"texture":"#1"},"east":{"uv":[9.875,6.25,10,6.375],"texture":"#1"},"south":{"uv":[9.75,6.25,10,6.375],"texture":"#1"},"west":{"uv":[9.75,6.25,9.875,6.375],"texture":"#1"},"up":{"uv":[10,6.25,9.75,6.375],"rotation":180,"texture":"#1"},"down":{"uv":[9.75,6.25,10,6.375],"texture":"#1"}}},{"name":"ancient_greatslab_34","from":[6,5.25,7.875],"to":[6.625,5.375,8.25],"faces":{"north":{"uv":[6,6.5,6.625,6.375],"rotation":180,"texture":"#1"},"east":{"uv":[6.5,6.375,6.625,6.5],"texture":"#1"},"south":{"uv":[6,6.375,6.625,6.5],"texture":"#1"},"west":{"uv":[6,6.375,6.125,6.5],"texture":"#1"},"up":{"uv":[6.625,6.375,6,6.5],"rotation":180,"texture":"#1"},"down":{"uv":[6,6.375,6.625,6.5],"texture":"#1"}}},{"name":"ancient_greatslab_35","from":[7.125,5.125,7.875],"to":[7.25,5.375,8.25],"faces":{"north":{"uv":[7.125,6.625,7.25,6.375],"rotation":180,"texture":"#1"},"east":{"uv":[7.125,6.375,7.25,6.625],"texture":"#1"},"south":{"uv":[7.125,6.375,7.25,6.625],"texture":"#1"},"west":{"uv":[7.125,6.375,7.25,6.625],"texture":"#1"},"up":{"uv":[7.25,6.375,7.125,6.5],"rotation":180,"texture":"#1"},"down":{"uv":[7.125,6.5,7.25,6.625],"texture":"#1"}}},{"name":"ancient_greatslab_36","from":[8.5,5.125,7.875],"to":[8.625,5.375,8.25],"faces":{"north":{"uv":[8.5,6.625,8.625,6.375],"rotation":180,"texture":"#1"},"east":{"uv":[8.5,6.375,8.625,6.625],"texture":"#1"},"south":{"uv":[8.5,6.375,8.625,6.625],"texture":"#1"},"west":{"uv":[8.5,6.375,8.625,6.625],"texture":"#1"},"up":{"uv":[8.625,6.375,8.5,6.5],"rotation":180,"texture":"#1"},"down":{"uv":[8.5,6.5,8.625,6.625],"texture":"#1"}}},{"name":"ancient_greatslab_37","from":[9,9.125,8],"to":[9.125,10,8.125],"faces":{"north":{"uv":[4.625,7.375,4.75,6.5],"rotation":180,"texture":"#1"},"east":{"uv":[4.625,6.5,4.75,7.375],"texture":"#1"},"south":{"uv":[4.625,6.5,4.75,7.375],"texture":"#1"},"west":{"uv":[4.625,6.5,4.75,7.375],"texture":"#1"},"up":{"uv":[4.75,6.5,4.625,6.625],"rotation":180,"texture":"#1"},"down":{"uv":[4.625,7.25,4.75,7.375],"texture":"#1"}}},{"name":"ancient_greatslab_38","from":[6.125,5.125,7.875],"to":[6.625,5.25,8.25],"faces":{"north":{"uv":[6.125,6.625,6.625,6.5],"rotation":180,"texture":"#1"},"east":{"uv":[6.5,6.5,6.625,6.625],"texture":"#1"},"south":{"uv":[6.125,6.5,6.625,6.625],"texture":"#1"},"west":{"uv":[6.125,6.5,6.25,6.625],"texture":"#1"},"up":{"uv":[6.625,6.5,6.125,6.625],"rotation":180,"texture":"#1"},"down":{"uv":[6.125,6.5,6.625,6.625],"texture":"#1"}}},{"name":"ancient_greatslab_39","from":[7.25,5.125,7.875],"to":[7.375,5.25,8.25],"faces":{"north":{"uv":[7.25,6.625,7.375,6.5],"rotation":180,"texture":"#1"},"east":{"uv":[7.25,6.5,7.375,6.625],"texture":"#1"},"south":{"uv":[7.25,6.5,7.375,6.625],"texture":"#1"},"west":{"uv":[7.25,6.5,7.375,6.625],"texture":"#1"},"up":{"uv":[7.375,6.5,7.25,6.625],"rotation":180,"texture":"#1"},"down":{"uv":[7.25,6.5,7.375,6.625],"texture":"#1"}}},{"name":"ancient_greatslab_40","from":[8.375,5.125,7.875],"to":[8.5,5.25,8.25],"faces":{"north":{"uv":[8.375,6.625,8.5,6.5],"rotation":180,"texture":"#1"},"east":{"uv":[8.375,6.5,8.5,6.625],"texture":"#1"},"south":{"uv":[8.375,6.5,8.5,6.625],"texture":"#1"},"west":{"uv":[8.375,6.5,8.5,6.625],"texture":"#1"},"up":{"uv":[8.5,6.5,8.375,6.625],"rotation":180,"texture":"#1"},"down":{"uv":[8.375,6.5,8.5,6.625],"texture":"#1"}}},{"name":"ancient_greatslab_41","from":[9.125,5.125,7.875],"to":[9.625,5.25,8.25],"faces":{"north":{"uv":[9.125,6.625,9.625,6.5],"rotation":180,"texture":"#1"},"east":{"uv":[9.5,6.5,9.625,6.625],"texture":"#1"},"south":{"uv":[9.125,6.5,9.625,6.625],"texture":"#1"},"west":{"uv":[9.125,6.5,9.25,6.625],"texture":"#1"},"up":{"uv":[9.625,6.5,9.125,6.625],"rotation":180,"texture":"#1"},"down":{"uv":[9.125,6.5,9.625,6.625],"texture":"#1"}}},{"name":"ancient_greatslab_42","from":[7.75,4.75,7.625],"to":[8,6.25,8.5],"faces":{"north":{"uv":[7.75,8.25,8,6.75],"rotation":180,"texture":"#1"},"east":{"uv":[7.875,6.75,8,8.25],"texture":"#1"},"south":{"uv":[7.75,6.75,8,8.25],"texture":"#1"},"west":{"uv":[7.75,6.75,7.875,8.25],"texture":"#1"},"up":{"uv":[8,6.75,7.75,6.875],"rotation":180,"texture":"#1"},"down":{"uv":[7.75,8.125,8,8.25],"texture":"#1"}}},{"name":"ancient_greatslab_43","from":[7.625,4.75,7.625],"to":[7.75,6.125,8.5],"faces":{"north":{"uv":[7.625,8.25,7.75,6.875],"rotation":180,"texture":"#1"},"east":{"uv":[7.625,6.875,7.75,8.25],"texture":"#1"},"south":{"uv":[7.625,6.875,7.75,8.25],"texture":"#1"},"west":{"uv":[7.625,6.875,7.75,8.25],"texture":"#1"},"up":{"uv":[7.75,6.875,7.625,7],"rotation":180,"texture":"#1"},"down":{"uv":[7.625,8.125,7.75,8.25],"texture":"#1"}}},{"name":"ancient_greatslab_44","from":[8,4.75,7.625],"to":[8.125,6.125,8.5],"faces":{"north":{"uv":[8,8.25,8.125,6.875],"rotation":180,"texture":"#1"},"east":{"uv":[8,6.875,8.125,8.25],"texture":"#1"},"south":{"uv":[8,6.875,8.125,8.25],"texture":"#1"},"west":{"uv":[8,6.875,8.125,8.25],"texture":"#1"},"up":{"uv":[8.125,6.875,8,7],"rotation":180,"texture":"#1"},"down":{"uv":[8,8.125,8.125,8.25],"texture":"#1"}}},{"name":"ancient_greatslab_45","from":[7.5,4.75,7.625],"to":[7.625,6,8.5],"faces":{"north":{"uv":[7.5,8.25,7.625,7],"rotation":180,"texture":"#1"},"east":{"uv":[7.5,7,7.625,8.25],"texture":"#1"},"south":{"uv":[7.5,7,7.625,8.25],"texture":"#1"},"west":{"uv":[7.5,7,7.625,8.25],"texture":"#1"},"up":{"uv":[7.625,7,7.5,7.125],"rotation":180,"texture":"#1"},"down":{"uv":[7.5,8.125,7.625,8.25],"texture":"#1"}}},{"name":"ancient_greatslab_46","from":[8.125,4.75,7.625],"to":[8.25,6,8.5],"faces":{"north":{"uv":[8.125,8.25,8.25,7],"rotation":180,"texture":"#1"},"east":{"uv":[8.125,7,8.25,8.25],"texture":"#1"},"south":{"uv":[8.125,7,8.25,8.25],"texture":"#1"},"west":{"uv":[8.125,7,8.25,8.25],"texture":"#1"},"up":{"uv":[8.25,7,8.125,7.125],"rotation":180,"texture":"#1"},"down":{"uv":[8.125,8.125,8.25,8.25],"texture":"#1"}}},{"name":"ancient_greatslab_47","from":[6.625,7.25,8],"to":[6.75,9.375,8.125],"faces":{"north":{"uv":[1.5,9.25,1.625,7.125],"rotation":180,"texture":"#1"},"east":{"uv":[1.5,7.125,1.625,9.25],"texture":"#1"},"south":{"uv":[1.5,7.125,1.625,9.25],"texture":"#1"},"west":{"uv":[1.5,7.125,1.625,9.25],"texture":"#1"},"up":{"uv":[1.625,7.125,1.5,7.25],"rotation":180,"texture":"#1"},"down":{"uv":[1.5,9.125,1.625,9.25],"texture":"#1"}}},{"name":"ancient_greatslab_48","from":[7.375,5.125,7.625],"to":[7.5,5.875,8.5],"faces":{"north":{"uv":[7.375,7.875,7.5,7.125],"rotation":180,"texture":"#1"},"east":{"uv":[7.375,7.125,7.5,7.875],"texture":"#1"},"south":{"uv":[7.375,7.125,7.5,7.875],"texture":"#1"},"west":{"uv":[7.375,7.125,7.5,7.875],"texture":"#1"},"up":{"uv":[7.5,7.125,7.375,7.25],"rotation":180,"texture":"#1"},"down":{"uv":[7.375,7.75,7.5,7.875],"texture":"#1"}}},{"name":"ancient_greatslab_49","from":[8.25,5.125,7.625],"to":[8.375,5.875,8.5],"faces":{"north":{"uv":[8.25,7.875,8.375,7.125],"rotation":180,"texture":"#1"},"east":{"uv":[8.25,7.125,8.375,7.875],"texture":"#1"},"south":{"uv":[8.25,7.125,8.375,7.875],"texture":"#1"},"west":{"uv":[8.25,7.125,8.375,7.875],"texture":"#1"},"up":{"uv":[8.375,7.125,8.25,7.25],"rotation":180,"texture":"#1"},"down":{"uv":[8.25,7.75,8.375,7.875],"texture":"#1"}}},{"name":"ancient_greatslab_50","from":[7.25,5.25,7.625],"to":[7.375,5.75,8.5],"faces":{"north":{"uv":[7.25,7.75,7.375,7.25],"rotation":180,"texture":"#1"},"east":{"uv":[7.25,7.25,7.375,7.75],"texture":"#1"},"south":{"uv":[7.25,7.25,7.375,7.75],"texture":"#1"},"west":{"uv":[7.25,7.25,7.375,7.75],"texture":"#1"},"up":{"uv":[7.375,7.25,7.25,7.375],"rotation":180,"texture":"#1"},"down":{"uv":[7.25,7.625,7.375,7.75],"texture":"#1"}}},{"name":"ancient_greatslab_51","from":[8.375,5.25,7.625],"to":[8.5,5.75,8.5],"faces":{"north":{"uv":[8.375,7.75,8.5,7.25],"rotation":180,"texture":"#1"},"east":{"uv":[8.375,7.25,8.5,7.75],"texture":"#1"},"south":{"uv":[8.375,7.25,8.5,7.75],"texture":"#1"},"west":{"uv":[8.375,7.25,8.5,7.75],"texture":"#1"},"up":{"uv":[8.5,7.25,8.375,7.375],"rotation":180,"texture":"#1"},"down":{"uv":[8.375,7.625,8.5,7.75],"texture":"#1"}}},{"name":"ancient_greatslab_52","from":[7.125,5.375,7.625],"to":[7.25,5.625,8.5],"faces":{"north":{"uv":[7.125,7.625,7.25,7.375],"rotation":180,"texture":"#1"},"east":{"uv":[7.125,7.375,7.25,7.625],"texture":"#1"},"south":{"uv":[7.125,7.375,7.25,7.625],"texture":"#1"},"west":{"uv":[7.125,7.375,7.25,7.625],"texture":"#1"},"up":{"uv":[7.25,7.375,7.125,7.5],"rotation":180,"texture":"#1"},"down":{"uv":[7.125,7.5,7.25,7.625],"texture":"#1"}}},{"name":"ancient_greatslab_53","from":[8.5,5.375,7.625],"to":[8.625,5.625,8.5],"faces":{"north":{"uv":[8.5,7.625,8.625,7.375],"rotation":180,"texture":"#1"},"east":{"uv":[8.5,7.375,8.625,7.625],"texture":"#1"},"south":{"uv":[8.5,7.375,8.625,7.625],"texture":"#1"},"west":{"uv":[8.5,7.375,8.625,7.625],"texture":"#1"},"up":{"uv":[8.625,7.375,8.5,7.5],"rotation":180,"texture":"#1"},"down":{"uv":[8.5,7.5,8.625,7.625],"texture":"#1"}}},{"name":"ancient_greatslab_54","from":[7,8.375,7.875],"to":[7.375,8.875,8.25],"faces":{"north":{"uv":[2.25,8.125,2.625,7.625],"rotation":180,"texture":"#1"},"east":{"uv":[2.5,7.625,2.625,8.125],"texture":"#1"},"south":{"uv":[2.25,7.625,2.625,8.125],"texture":"#1"},"west":{"uv":[2.25,7.625,2.375,8.125],"texture":"#1"},"up":{"uv":[2.625,7.625,2.25,7.75],"rotation":180,"texture":"#1"},"down":{"uv":[2.25,8,2.625,8.125],"texture":"#1"}}},{"name":"ancient_greatslab_55","from":[7.375,8.75,7.875],"to":[7.5,8.875,8.25],"faces":{"north":{"uv":[2.625,7.75,2.75,7.625],"rotation":180,"texture":"#1"},"east":{"uv":[2.625,7.625,2.75,7.75],"texture":"#1"},"south":{"uv":[2.625,7.625,2.75,7.75],"texture":"#1"},"west":{"uv":[2.625,7.625,2.75,7.75],"texture":"#1"},"up":{"uv":[2.75,7.625,2.625,7.75],"rotation":180,"texture":"#1"},"down":{"uv":[2.625,7.625,2.75,7.75],"texture":"#1"}}},{"name":"ancient_greatslab_56","from":[7.625,7.5,7.875],"to":[8.125,8.875,8.25],"faces":{"north":{"uv":[2.875,9,3.375,7.625],"rotation":180,"texture":"#1"},"east":{"uv":[3.25,7.625,3.375,9],"texture":"#1"},"south":{"uv":[2.875,7.625,3.375,9],"texture":"#1"},"west":{"uv":[2.875,7.625,3,9],"texture":"#1"},"up":{"uv":[3.375,7.625,2.875,7.75],"rotation":180,"texture":"#1"},"down":{"uv":[2.875,8.875,3.375,9],"texture":"#1"}}},{"name":"ancient_greatslab_57","from":[8.25,8.75,7.875],"to":[8.75,8.875,8.25],"faces":{"north":{"uv":[3.5,7.75,4,7.625],"rotation":180,"texture":"#1"},"east":{"uv":[3.875,7.625,4,7.75],"texture":"#1"},"south":{"uv":[3.5,7.625,4,7.75],"texture":"#1"},"west":{"uv":[3.5,7.625,3.625,7.75],"texture":"#1"},"up":{"uv":[4,7.625,3.5,7.75],"rotation":180,"texture":"#1"},"down":{"uv":[3.5,7.625,4,7.75],"texture":"#1"}}},{"name":"ancient_greatslab_58","from":[8.375,8.375,7.875],"to":[8.75,8.75,8.25],"faces":{"north":{"uv":[3.625,8.125,4,7.75],"rotation":180,"texture":"#1"},"east":{"uv":[3.875,7.75,4,8.125],"texture":"#1"},"south":{"uv":[3.625,7.75,4,8.125],"texture":"#1"},"west":{"uv":[3.625,7.75,3.75,8.125],"texture":"#1"},"up":{"uv":[4,7.75,3.625,7.875],"rotation":180,"texture":"#1"},"down":{"uv":[3.625,8,4,8.125],"texture":"#1"}}},{"name":"ancient_greatslab_59","from":[9,7.25,8],"to":[9.125,8.625,8.125],"faces":{"north":{"uv":[4.625,9.25,4.75,7.875],"rotation":180,"texture":"#1"},"east":{"uv":[4.625,7.875,4.75,9.25],"texture":"#1"},"south":{"uv":[4.625,7.875,4.75,9.25],"texture":"#1"},"west":{"uv":[4.625,7.875,4.75,9.25],"texture":"#1"},"up":{"uv":[4.75,7.875,4.625,8],"rotation":180,"texture":"#1"},"down":{"uv":[4.625,9.125,4.75,9.25],"texture":"#1"}}},{"name":"ancient_greatslab_60","from":[7.375,4.75,7.625],"to":[7.5,5,8.5],"faces":{"north":{"uv":[7.375,8.25,7.5,8],"rotation":180,"texture":"#1"},"east":{"uv":[7.375,8,7.5,8.25],"texture":"#1"},"south":{"uv":[7.375,8,7.5,8.25],"texture":"#1"},"west":{"uv":[7.375,8,7.5,8.25],"texture":"#1"},"up":{"uv":[7.5,8,7.375,8.125],"rotation":180,"texture":"#1"},"down":{"uv":[7.375,8.125,7.5,8.25],"texture":"#1"}}},{"name":"ancient_greatslab_61","from":[8.25,4.75,7.625],"to":[8.375,5,8.5],"faces":{"north":{"uv":[8.25,8.25,8.375,8],"rotation":180,"texture":"#1"},"east":{"uv":[8.25,8,8.375,8.25],"texture":"#1"},"south":{"uv":[8.25,8,8.375,8.25],"texture":"#1"},"west":{"uv":[8.25,8,8.375,8.25],"texture":"#1"},"up":{"uv":[8.375,8,8.25,8.125],"rotation":180,"texture":"#1"},"down":{"uv":[8.25,8.125,8.375,8.25],"texture":"#1"}}},{"name":"ancient_greatslab_62","from":[7,6.5,7.875],"to":[7.125,8.25,8.25],"faces":{"north":{"uv":[2.25,10,2.375,8.25],"rotation":180,"texture":"#1"},"east":{"uv":[2.25,8.25,2.375,10],"texture":"#1"},"south":{"uv":[2.25,8.25,2.375,10],"texture":"#1"},"west":{"uv":[2.25,8.25,2.375,10],"texture":"#1"},"up":{"uv":[2.375,8.25,2.25,8.375],"rotation":180,"texture":"#1"},"down":{"uv":[2.25,9.875,2.375,10],"texture":"#1"}}},{"name":"ancient_greatslab_63","from":[8.625,6.5,7.875],"to":[8.75,8.25,8.25],"faces":{"north":{"uv":[3.875,10,4,8.25],"rotation":180,"texture":"#1"},"east":{"uv":[3.875,8.25,4,10],"texture":"#1"},"south":{"uv":[3.875,8.25,4,10],"texture":"#1"},"west":{"uv":[3.875,8.25,4,10],"texture":"#1"},"up":{"uv":[4,8.25,3.875,8.375],"rotation":180,"texture":"#1"},"down":{"uv":[3.875,9.875,4,10],"texture":"#1"}}},{"name":"ancient_greatslab_64","from":[7.125,7.5,7.875],"to":[7.5,8.125,8.25],"faces":{"north":{"uv":[2.375,9,2.75,8.375],"rotation":180,"texture":"#1"},"east":{"uv":[2.625,8.375,2.75,9],"texture":"#1"},"south":{"uv":[2.375,8.375,2.75,9],"texture":"#1"},"west":{"uv":[2.375,8.375,2.5,9],"texture":"#1"},"up":{"uv":[2.75,8.375,2.375,8.5],"rotation":180,"texture":"#1"},"down":{"uv":[2.375,8.875,2.75,9],"texture":"#1"}}},{"name":"ancient_greatslab_65","from":[8.25,7.5,7.875],"to":[8.625,8.125,8.25],"faces":{"north":{"uv":[3.5,9,3.875,8.375],"rotation":180,"texture":"#1"},"east":{"uv":[3.75,8.375,3.875,9],"texture":"#1"},"south":{"uv":[3.5,8.375,3.875,9],"texture":"#1"},"west":{"uv":[3.5,8.375,3.625,9],"texture":"#1"},"up":{"uv":[3.875,8.375,3.5,8.5],"rotation":180,"texture":"#1"},"down":{"uv":[3.5,8.875,3.875,9],"texture":"#1"}}},{"name":"ancient_greatslab_66","from":[7.125,5.75,8],"to":[7.375,5.875,8.125],"faces":{"north":{"uv":[7.125,8.75,7.375,8.625],"rotation":180,"texture":"#1"},"east":{"uv":[7.25,8.625,7.375,8.75],"texture":"#1"},"south":{"uv":[7.125,8.625,7.375,8.75],"texture":"#1"},"west":{"uv":[7.125,8.625,7.25,8.75],"texture":"#1"},"up":{"uv":[7.375,8.625,7.125,8.75],"rotation":180,"texture":"#1"},"down":{"uv":[7.125,8.625,7.375,8.75],"texture":"#1"}}},{"name":"ancient_greatslab_67","from":[8.375,5.75,8],"to":[8.625,5.875,8.125],"faces":{"north":{"uv":[8.375,8.75,8.625,8.625],"rotation":180,"texture":"#1"},"east":{"uv":[8.5,8.625,8.625,8.75],"texture":"#1"},"south":{"uv":[8.375,8.625,8.625,8.75],"texture":"#1"},"west":{"uv":[8.375,8.625,8.5,8.75],"texture":"#1"},"up":{"uv":[8.625,8.625,8.375,8.75],"rotation":180,"texture":"#1"},"down":{"uv":[8.375,8.625,8.625,8.75],"texture":"#1"}}},{"name":"ancient_greatslab_68","from":[7,5.625,8],"to":[7.25,5.75,8.125],"faces":{"north":{"uv":[7,8.875,7.25,8.75],"rotation":180,"texture":"#1"},"east":{"uv":[7.125,8.75,7.25,8.875],"texture":"#1"},"south":{"uv":[7,8.75,7.25,8.875],"texture":"#1"},"west":{"uv":[7,8.75,7.125,8.875],"texture":"#1"},"up":{"uv":[7.25,8.75,7,8.875],"rotation":180,"texture":"#1"},"down":{"uv":[7,8.75,7.25,8.875],"texture":"#1"}}},{"name":"ancient_greatslab_69","from":[8.5,5.625,8],"to":[8.75,5.75,8.125],"faces":{"north":{"uv":[8.5,8.875,8.75,8.75],"rotation":180,"texture":"#1"},"east":{"uv":[8.625,8.75,8.75,8.875],"texture":"#1"},"south":{"uv":[8.5,8.75,8.75,8.875],"texture":"#1"},"west":{"uv":[8.5,8.75,8.625,8.875],"texture":"#1"},"up":{"uv":[8.75,8.75,8.5,8.875],"rotation":180,"texture":"#1"},"down":{"uv":[8.5,8.75,8.75,8.875],"texture":"#1"}}},{"name":"ancient_greatslab_70","from":[7.125,7.375,7.875],"to":[7.375,7.5,8.25],"faces":{"north":{"uv":[2.375,9.125,2.625,9],"rotation":180,"texture":"#1"},"east":{"uv":[2.5,9,2.625,9.125],"texture":"#1"},"south":{"uv":[2.375,9,2.625,9.125],"texture":"#1"},"west":{"uv":[2.375,9,2.5,9.125],"texture":"#1"},"up":{"uv":[2.625,9,2.375,9.125],"rotation":180,"texture":"#1"},"down":{"uv":[2.375,9,2.625,9.125],"texture":"#1"}}},{"name":"ancient_greatslab_71","from":[7.5,7.375,7.875],"to":[7.75,7.5,8.25],"faces":{"north":{"uv":[2.75,9.125,3,9],"rotation":180,"texture":"#1"},"east":{"uv":[2.875,9,3,9.125],"texture":"#1"},"south":{"uv":[2.75,9,3,9.125],"texture":"#1"},"west":{"uv":[2.75,9,2.875,9.125],"texture":"#1"},"up":{"uv":[3,9,2.75,9.125],"rotation":180,"texture":"#1"},"down":{"uv":[2.75,9,3,9.125],"texture":"#1"}}},{"name":"ancient_greatslab_72","from":[8,7.375,7.875],"to":[8.25,7.5,8.25],"faces":{"north":{"uv":[3.25,9.125,3.5,9],"rotation":180,"texture":"#1"},"east":{"uv":[3.375,9,3.5,9.125],"texture":"#1"},"south":{"uv":[3.25,9,3.5,9.125],"texture":"#1"},"west":{"uv":[3.25,9,3.375,9.125],"texture":"#1"},"up":{"uv":[3.5,9,3.25,9.125],"rotation":180,"texture":"#1"},"down":{"uv":[3.25,9,3.5,9.125],"texture":"#1"}}},{"name":"ancient_greatslab_73","from":[8.375,7.375,7.875],"to":[8.625,7.5,8.25],"faces":{"north":{"uv":[3.625,9.125,3.875,9],"rotation":180,"texture":"#1"},"east":{"uv":[3.75,9,3.875,9.125],"texture":"#1"},"south":{"uv":[3.625,9,3.875,9.125],"texture":"#1"},"west":{"uv":[3.625,9,3.75,9.125],"texture":"#1"},"up":{"uv":[3.875,9,3.625,9.125],"rotation":180,"texture":"#1"},"down":{"uv":[3.625,9,3.875,9.125],"texture":"#1"}}},{"name":"ancient_greatslab_74","from":[7.125,7.25,7.875],"to":[7.25,7.375,8.25],"faces":{"north":{"uv":[2.375,9.25,2.5,9.125],"rotation":180,"texture":"#1"},"east":{"uv":[2.375,9.125,2.5,9.25],"texture":"#1"},"south":{"uv":[2.375,9.125,2.5,9.25],"texture":"#1"},"west":{"uv":[2.375,9.125,2.5,9.25],"texture":"#1"},"up":{"uv":[2.5,9.125,2.375,9.25],"rotation":180,"texture":"#1"},"down":{"uv":[2.375,9.125,2.5,9.25],"texture":"#1"}}},{"name":"ancient_greatslab_75","from":[7.375,7.25,7.875],"to":[7.625,7.375,8.25],"faces":{"north":{"uv":[2.625,9.25,2.875,9.125],"rotation":180,"texture":"#1"},"east":{"uv":[2.75,9.125,2.875,9.25],"texture":"#1"},"south":{"uv":[2.625,9.125,2.875,9.25],"texture":"#1"},"west":{"uv":[2.625,9.125,2.75,9.25],"texture":"#1"},"up":{"uv":[2.875,9.125,2.625,9.25],"rotation":180,"texture":"#1"},"down":{"uv":[2.625,9.125,2.875,9.25],"texture":"#1"}}},{"name":"ancient_greatslab_76","from":[8.125,7.25,7.875],"to":[8.375,7.375,8.25],"faces":{"north":{"uv":[3.375,9.25,3.625,9.125],"rotation":180,"texture":"#1"},"east":{"uv":[3.5,9.125,3.625,9.25],"texture":"#1"},"south":{"uv":[3.375,9.125,3.625,9.25],"texture":"#1"},"west":{"uv":[3.375,9.125,3.5,9.25],"texture":"#1"},"up":{"uv":[3.625,9.125,3.375,9.25],"rotation":180,"texture":"#1"},"down":{"uv":[3.375,9.125,3.625,9.25],"texture":"#1"}}},{"name":"ancient_greatslab_77","from":[8.5,7.25,7.875],"to":[8.625,7.375,8.25],"faces":{"north":{"uv":[3.75,9.25,3.875,9.125],"rotation":180,"texture":"#1"},"east":{"uv":[3.75,9.125,3.875,9.25],"texture":"#1"},"south":{"uv":[3.75,9.125,3.875,9.25],"texture":"#1"},"west":{"uv":[3.75,9.125,3.875,9.25],"texture":"#1"},"up":{"uv":[3.875,9.125,3.75,9.25],"rotation":180,"texture":"#1"},"down":{"uv":[3.75,9.125,3.875,9.25],"texture":"#1"}}},{"name":"ancient_greatslab_78","from":[7.25,6.875,7.875],"to":[7.5,7.25,8.25],"faces":{"north":{"uv":[2.5,9.625,2.75,9.25],"rotation":180,"texture":"#1"},"east":{"uv":[2.625,9.25,2.75,9.625],"texture":"#1"},"south":{"uv":[2.5,9.25,2.75,9.625],"texture":"#1"},"west":{"uv":[2.5,9.25,2.625,9.625],"texture":"#1"},"up":{"uv":[2.75,9.25,2.5,9.375],"rotation":180,"texture":"#1"},"down":{"uv":[2.5,9.5,2.75,9.625],"texture":"#1"}}},{"name":"ancient_greatslab_79","from":[8.25,6.875,7.875],"to":[8.5,7.25,8.25],"faces":{"north":{"uv":[3.5,9.625,3.75,9.25],"rotation":180,"texture":"#1"},"east":{"uv":[3.625,9.25,3.75,9.625],"texture":"#1"},"south":{"uv":[3.5,9.25,3.75,9.625],"texture":"#1"},"west":{"uv":[3.5,9.25,3.625,9.625],"texture":"#1"},"up":{"uv":[3.75,9.25,3.5,9.375],"rotation":180,"texture":"#1"},"down":{"uv":[3.5,9.5,3.75,9.625],"texture":"#1"}}},{"name":"ancient_greatslab_80","from":[7.75,6.625,7.875],"to":[8,7.125,8.25],"faces":{"north":{"uv":[3,9.875,3.25,9.375],"rotation":180,"texture":"#1"},"east":{"uv":[3.125,9.375,3.25,9.875],"texture":"#1"},"south":{"uv":[3,9.375,3.25,9.875],"texture":"#1"},"west":{"uv":[3,9.375,3.125,9.875],"texture":"#1"},"up":{"uv":[3.25,9.375,3,9.5],"rotation":180,"texture":"#1"},"down":{"uv":[3,9.75,3.25,9.875],"texture":"#1"}}},{"name":"ancient_greatslab_81","from":[7.125,4.875,8],"to":[7.375,5.125,8.125],"faces":{"north":{"uv":[7.125,9.625,7.375,9.375],"rotation":180,"texture":"#1"},"east":{"uv":[7.25,9.375,7.375,9.625],"texture":"#1"},"south":{"uv":[7.125,9.375,7.375,9.625],"texture":"#1"},"west":{"uv":[7.125,9.375,7.25,9.625],"texture":"#1"},"up":{"uv":[7.375,9.375,7.125,9.5],"rotation":180,"texture":"#1"},"down":{"uv":[7.125,9.5,7.375,9.625],"texture":"#1"}}},{"name":"ancient_greatslab_82","from":[7.375,5,8],"to":[7.5,5.125,8.125],"faces":{"north":{"uv":[7.375,9.5,7.5,9.375],"rotation":180,"texture":"#1"},"east":{"uv":[7.375,9.375,7.5,9.5],"texture":"#1"},"south":{"uv":[7.375,9.375,7.5,9.5],"texture":"#1"},"west":{"uv":[7.375,9.375,7.5,9.5],"texture":"#1"},"up":{"uv":[7.5,9.375,7.375,9.5],"rotation":180,"texture":"#1"},"down":{"uv":[7.375,9.375,7.5,9.5],"texture":"#1"}}},{"name":"ancient_greatslab_83","from":[8.25,5,8],"to":[8.625,5.125,8.125],"faces":{"north":{"uv":[8.25,9.5,8.625,9.375],"rotation":180,"texture":"#1"},"east":{"uv":[8.5,9.375,8.625,9.5],"texture":"#1"},"south":{"uv":[8.25,9.375,8.625,9.5],"texture":"#1"},"west":{"uv":[8.25,9.375,8.375,9.5],"texture":"#1"},"up":{"uv":[8.625,9.375,8.25,9.5],"rotation":180,"texture":"#1"},"down":{"uv":[8.25,9.375,8.625,9.5],"texture":"#1"}}},{"name":"ancient_greatslab_84","from":[6.875,6.75,7.9375],"to":[7,7,8.1875],"faces":{"north":{"uv":[2,9.75,2.125,9.5],"rotation":180,"texture":"#1"},"east":{"uv":[2,9.5,2.125,9.75],"texture":"#1"},"south":{"uv":[2,9.5,2.125,9.75],"texture":"#1"},"west":{"uv":[2,9.5,2.125,9.75],"texture":"#1"},"up":{"uv":[2.125,9.5,2,9.625],"rotation":180,"texture":"#1"},"down":{"uv":[2,9.625,2.125,9.75],"texture":"#1"}}},{"name":"ancient_greatslab_85","from":[7.625,6.5,7.875],"to":[7.75,7,8.25],"faces":{"north":{"uv":[2.875,10,3,9.5],"rotation":180,"texture":"#1"},"east":{"uv":[2.875,9.5,3,10],"texture":"#1"},"south":{"uv":[2.875,9.5,3,10],"texture":"#1"},"west":{"uv":[2.875,9.5,3,10],"texture":"#1"},"up":{"uv":[3,9.5,2.875,9.625],"rotation":180,"texture":"#1"},"down":{"uv":[2.875,9.875,3,10],"texture":"#1"}}},{"name":"ancient_greatslab_86","from":[8,6.5,7.875],"to":[8.125,7,8.25],"faces":{"north":{"uv":[3.25,10,3.375,9.5],"rotation":180,"texture":"#1"},"east":{"uv":[3.25,9.5,3.375,10],"texture":"#1"},"south":{"uv":[3.25,9.5,3.375,10],"texture":"#1"},"west":{"uv":[3.25,9.5,3.375,10],"texture":"#1"},"up":{"uv":[3.375,9.5,3.25,9.625],"rotation":180,"texture":"#1"},"down":{"uv":[3.25,9.875,3.375,10],"texture":"#1"}}},{"name":"ancient_greatslab_87","from":[8.75,6.75,7.9375],"to":[8.875,7,8.1875],"faces":{"north":{"uv":[4.125,9.75,4.25,9.5],"rotation":180,"texture":"#1"},"east":{"uv":[4.125,9.5,4.25,9.75],"texture":"#1"},"south":{"uv":[4.125,9.5,4.25,9.75],"texture":"#1"},"west":{"uv":[4.125,9.5,4.25,9.75],"texture":"#1"},"up":{"uv":[4.25,9.5,4.125,9.625],"rotation":180,"texture":"#1"},"down":{"uv":[4.125,9.625,4.25,9.75],"texture":"#1"}}},{"name":"ancient_greatslab_88","from":[7,4.625,8],"to":[7.125,5,8.125],"faces":{"north":{"uv":[7,9.875,7.125,9.5],"rotation":180,"texture":"#1"},"east":{"uv":[7,9.5,7.125,9.875],"texture":"#1"},"south":{"uv":[7,9.5,7.125,9.875],"texture":"#1"},"west":{"uv":[7,9.5,7.125,9.875],"texture":"#1"},"up":{"uv":[7.125,9.5,7,9.625],"rotation":180,"texture":"#1"},"down":{"uv":[7,9.75,7.125,9.875],"texture":"#1"}}},{"name":"ancient_greatslab_89","from":[8.375,4.875,8],"to":[8.75,5,8.125],"faces":{"north":{"uv":[8.375,9.625,8.75,9.5],"rotation":180,"texture":"#1"},"east":{"uv":[8.625,9.5,8.75,9.625],"texture":"#1"},"south":{"uv":[8.375,9.5,8.75,9.625],"texture":"#1"},"west":{"uv":[8.375,9.5,8.5,9.625],"texture":"#1"},"up":{"uv":[8.75,9.5,8.375,9.625],"rotation":180,"texture":"#1"},"down":{"uv":[8.375,9.5,8.75,9.625],"texture":"#1"}}},{"name":"ancient_greatslab_90","from":[7.25,6.75,7.875],"to":[7.375,6.875,8.25],"faces":{"north":{"uv":[2.5,9.75,2.625,9.625],"rotation":180,"texture":"#1"},"east":{"uv":[2.5,9.625,2.625,9.75],"texture":"#1"},"south":{"uv":[2.5,9.625,2.625,9.75],"texture":"#1"},"west":{"uv":[2.5,9.625,2.625,9.75],"texture":"#1"},"up":{"uv":[2.625,9.625,2.5,9.75],"rotation":180,"texture":"#1"},"down":{"uv":[2.5,9.625,2.625,9.75],"texture":"#1"}}},{"name":"ancient_greatslab_91","from":[7.5,6.375,7.875],"to":[7.625,6.875,8.25],"faces":{"north":{"uv":[2.75,10.125,2.875,9.625],"rotation":180,"texture":"#1"},"east":{"uv":[2.75,9.625,2.875,10.125],"texture":"#1"},"south":{"uv":[2.75,9.625,2.875,10.125],"texture":"#1"},"west":{"uv":[2.75,9.625,2.875,10.125],"texture":"#1"},"up":{"uv":[2.875,9.625,2.75,9.75],"rotation":180,"texture":"#1"},"down":{"uv":[2.75,10,2.875,10.125],"texture":"#1"}}},{"name":"ancient_greatslab_92","from":[8.125,6.375,7.875],"to":[8.25,6.875,8.25],"faces":{"north":{"uv":[3.375,10.125,3.5,9.625],"rotation":180,"texture":"#1"},"east":{"uv":[3.375,9.625,3.5,10.125],"texture":"#1"},"south":{"uv":[3.375,9.625,3.5,10.125],"texture":"#1"},"west":{"uv":[3.375,9.625,3.5,10.125],"texture":"#1"},"up":{"uv":[3.5,9.625,3.375,9.75],"rotation":180,"texture":"#1"},"down":{"uv":[3.375,10,3.5,10.125],"texture":"#1"}}},{"name":"ancient_greatslab_93","from":[8.375,6.75,7.875],"to":[8.5,6.875,8.25],"faces":{"north":{"uv":[3.625,9.75,3.75,9.625],"rotation":180,"texture":"#1"},"east":{"uv":[3.625,9.625,3.75,9.75],"texture":"#1"},"south":{"uv":[3.625,9.625,3.75,9.75],"texture":"#1"},"west":{"uv":[3.625,9.625,3.75,9.75],"texture":"#1"},"up":{"uv":[3.75,9.625,3.625,9.75],"rotation":180,"texture":"#1"},"down":{"uv":[3.625,9.625,3.75,9.75],"texture":"#1"}}},{"name":"ancient_greatslab_94","from":[6.75,4.625,8],"to":[7,4.875,8.125],"faces":{"north":{"uv":[6.75,9.875,7,9.625],"rotation":180,"texture":"#1"},"east":{"uv":[6.875,9.625,7,9.875],"texture":"#1"},"south":{"uv":[6.75,9.625,7,9.875],"texture":"#1"},"west":{"uv":[6.75,9.625,6.875,9.875],"texture":"#1"},"up":{"uv":[7,9.625,6.75,9.75],"rotation":180,"texture":"#1"},"down":{"uv":[6.75,9.75,7,9.875],"texture":"#1"}}},{"name":"ancient_greatslab_95","from":[7.125,4.75,8],"to":[7.25,4.875,8.125],"faces":{"north":{"uv":[7.125,9.75,7.25,9.625],"rotation":180,"texture":"#1"},"east":{"uv":[7.125,9.625,7.25,9.75],"texture":"#1"},"south":{"uv":[7.125,9.625,7.25,9.75],"texture":"#1"},"west":{"uv":[7.125,9.625,7.25,9.75],"texture":"#1"},"up":{"uv":[7.25,9.625,7.125,9.75],"rotation":180,"texture":"#1"},"down":{"uv":[7.125,9.625,7.25,9.75],"texture":"#1"}}},{"name":"ancient_greatslab_96","from":[8.5,4.75,8],"to":[9,4.875,8.125],"faces":{"north":{"uv":[8.5,9.75,9,9.625],"rotation":180,"texture":"#1"},"east":{"uv":[8.875,9.625,9,9.75],"texture":"#1"},"south":{"uv":[8.5,9.625,9,9.75],"texture":"#1"},"west":{"uv":[8.5,9.625,8.625,9.75],"texture":"#1"},"up":{"uv":[9,9.625,8.5,9.75],"rotation":180,"texture":"#1"},"down":{"uv":[8.5,9.625,9,9.75],"texture":"#1"}}},{"name":"ancient_greatslab_97","from":[7.375,6.25,7.875],"to":[7.5,6.75,8.25],"faces":{"north":{"uv":[2.625,10.25,2.75,9.75],"rotation":180,"texture":"#1"},"east":{"uv":[2.625,9.75,2.75,10.25],"texture":"#1"},"south":{"uv":[2.625,9.75,2.75,10.25],"texture":"#1"},"west":{"uv":[2.625,9.75,2.75,10.25],"texture":"#1"},"up":{"uv":[2.75,9.75,2.625,9.875],"rotation":180,"texture":"#1"},"down":{"uv":[2.625,10.125,2.75,10.25],"texture":"#1"}}},{"name":"ancient_greatslab_98","from":[8.25,6.25,7.875],"to":[8.375,6.75,8.25],"faces":{"north":{"uv":[3.5,10.25,3.625,9.75],"rotation":180,"texture":"#1"},"east":{"uv":[3.5,9.75,3.625,10.25],"texture":"#1"},"south":{"uv":[3.5,9.75,3.625,10.25],"texture":"#1"},"west":{"uv":[3.5,9.75,3.625,10.25],"texture":"#1"},"up":{"uv":[3.625,9.75,3.5,9.875],"rotation":180,"texture":"#1"},"down":{"uv":[3.5,10.125,3.625,10.25],"texture":"#1"}}},{"name":"ancient_greatslab_99","from":[7.625,1.75,7.875],"to":[8.125,4.75,8.25],"faces":{"north":{"uv":[7.625,12.75,8.125,9.75],"rotation":180,"texture":"#1"},"east":{"uv":[8,9.75,8.125,12.75],"texture":"#1"},"south":{"uv":[7.625,9.75,8.125,12.75],"texture":"#1"},"west":{"uv":[7.625,9.75,7.75,12.75],"texture":"#1"},"up":{"uv":[8.125,9.75,7.625,9.875],"rotation":180,"texture":"#1"},"down":{"uv":[7.625,12.625,8.125,12.75],"texture":"#1"}}},{"name":"ancient_greatslab_100","from":[8.625,4.625,8],"to":[9,4.75,8.125],"faces":{"north":{"uv":[8.625,9.875,9,9.75],"rotation":180,"texture":"#1"},"east":{"uv":[8.875,9.75,9,9.875],"texture":"#1"},"south":{"uv":[8.625,9.75,9,9.875],"texture":"#1"},"west":{"uv":[8.625,9.75,8.75,9.875],"texture":"#1"},"up":{"uv":[9,9.75,8.625,9.875],"rotation":180,"texture":"#1"},"down":{"uv":[8.625,9.75,9,9.875],"texture":"#1"}}},{"name":"ancient_greatslab_101","from":[7.5,7.5,7.9375],"to":[7.625,8.875,8.1875],"faces":{"north":{"uv":[2.75,12,2.875,10.625],"rotation":180,"texture":"#1"},"east":{"uv":[2.75,10.625,2.875,12],"texture":"#1"},"south":{"uv":[2.75,10.625,2.875,12],"texture":"#1"},"west":{"uv":[2.75,10.625,2.875,12],"texture":"#1"},"up":{"uv":[2.875,10.625,2.75,10.75],"rotation":180,"texture":"#1"},"down":{"uv":[2.75,11.875,2.875,12],"texture":"#1"}}},{"name":"ancient_greatslab_102","from":[8.125,7.5,7.9375],"to":[8.25,8.875,8.1875],"faces":{"north":{"uv":[3.375,12,3.5,10.625],"rotation":180,"texture":"#1"},"east":{"uv":[3.375,10.625,3.5,12],"texture":"#1"},"south":{"uv":[3.375,10.625,3.5,12],"texture":"#1"},"west":{"uv":[3.375,10.625,3.5,12],"texture":"#1"},"up":{"uv":[3.5,10.625,3.375,10.75],"rotation":180,"texture":"#1"},"down":{"uv":[3.375,11.875,3.5,12],"texture":"#1"}}},{"name":"ancient_greatslab_103","from":[7.375,8.125,7.9375],"to":[7.5,8.75,8.1875],"faces":{"north":{"uv":[2.625,11.375,2.75,10.75],"rotation":180,"texture":"#1"},"east":{"uv":[2.625,10.75,2.75,11.375],"texture":"#1"},"south":{"uv":[2.625,10.75,2.75,11.375],"texture":"#1"},"west":{"uv":[2.625,10.75,2.75,11.375],"texture":"#1"},"up":{"uv":[2.75,10.75,2.625,10.875],"rotation":180,"texture":"#1"},"down":{"uv":[2.625,11.25,2.75,11.375],"texture":"#1"}}},{"name":"ancient_greatslab_104","from":[8.25,8.125,7.9375],"to":[8.375,8.75,8.1875],"faces":{"north":{"uv":[3.5,11.375,3.625,10.75],"rotation":180,"texture":"#1"},"east":{"uv":[3.5,10.75,3.625,11.375],"texture":"#1"},"south":{"uv":[3.5,10.75,3.625,11.375],"texture":"#1"},"west":{"uv":[3.5,10.75,3.625,11.375],"texture":"#1"},"up":{"uv":[3.625,10.75,3.5,10.875],"rotation":180,"texture":"#1"},"down":{"uv":[3.5,11.25,3.625,11.375],"texture":"#1"}}},{"name":"ancient_greatslab_105","from":[7,8.25,7.9375],"to":[7.375,8.375,8.1875],"faces":{"north":{"uv":[2.25,11.25,2.625,11.125],"rotation":180,"texture":"#1"},"east":{"uv":[2.5,11.125,2.625,11.25],"texture":"#1"},"south":{"uv":[2.25,11.125,2.625,11.25],"texture":"#1"},"west":{"uv":[2.25,11.125,2.375,11.25],"texture":"#1"},"up":{"uv":[2.625,11.125,2.25,11.25],"rotation":180,"texture":"#1"},"down":{"uv":[2.25,11.125,2.625,11.25],"texture":"#1"}}},{"name":"ancient_greatslab_106","from":[8.375,8.125,7.9375],"to":[8.625,8.375,8.1875],"faces":{"north":{"uv":[3.625,11.375,3.875,11.125],"rotation":180,"texture":"#1"},"east":{"uv":[3.75,11.125,3.875,11.375],"texture":"#1"},"south":{"uv":[3.625,11.125,3.875,11.375],"texture":"#1"},"west":{"uv":[3.625,11.125,3.75,11.375],"texture":"#1"},"up":{"uv":[3.875,11.125,3.625,11.25],"rotation":180,"texture":"#1"},"down":{"uv":[3.625,11.25,3.875,11.375],"texture":"#1"}}},{"name":"ancient_greatslab_107","from":[8.625,8.25,7.9375],"to":[8.75,8.375,8.1875],"faces":{"north":{"uv":[3.875,11.25,4,11.125],"rotation":180,"texture":"#1"},"east":{"uv":[3.875,11.125,4,11.25],"texture":"#1"},"south":{"uv":[3.875,11.125,4,11.25],"texture":"#1"},"west":{"uv":[3.875,11.125,4,11.25],"texture":"#1"},"up":{"uv":[4,11.125,3.875,11.25],"rotation":180,"texture":"#1"},"down":{"uv":[3.875,11.125,4,11.25],"texture":"#1"}}},{"name":"ancient_greatslab_108","from":[7.125,8.125,7.9375],"to":[7.375,8.25,8.1875],"faces":{"north":{"uv":[2.375,11.375,2.625,11.25],"rotation":180,"texture":"#1"},"east":{"uv":[2.5,11.25,2.625,11.375],"texture":"#1"},"south":{"uv":[2.375,11.25,2.625,11.375],"texture":"#1"},"west":{"uv":[2.375,11.25,2.5,11.375],"texture":"#1"},"up":{"uv":[2.625,11.25,2.375,11.375],"rotation":180,"texture":"#1"},"down":{"uv":[2.375,11.25,2.625,11.375],"texture":"#1"}}},{"name":"ancient_greatslab_109","from":[7.375,7.375,7.9375],"to":[7.5,7.5,8.1875],"faces":{"north":{"uv":[2.625,12.125,2.75,12],"rotation":180,"texture":"#1"},"east":{"uv":[2.625,12,2.75,12.125],"texture":"#1"},"south":{"uv":[2.625,12,2.75,12.125],"texture":"#1"},"west":{"uv":[2.625,12,2.75,12.125],"texture":"#1"},"up":{"uv":[2.75,12,2.625,12.125],"rotation":180,"texture":"#1"},"down":{"uv":[2.625,12,2.75,12.125],"texture":"#1"}}},{"name":"ancient_greatslab_110","from":[7.75,7.125,7.9375],"to":[8,7.5,8.1875],"faces":{"north":{"uv":[3,12.375,3.25,12],"rotation":180,"texture":"#1"},"east":{"uv":[3.125,12,3.25,12.375],"texture":"#1"},"south":{"uv":[3,12,3.25,12.375],"texture":"#1"},"west":{"uv":[3,12,3.125,12.375],"texture":"#1"},"up":{"uv":[3.25,12,3,12.125],"rotation":180,"texture":"#1"},"down":{"uv":[3,12.25,3.25,12.375],"texture":"#1"}}},{"name":"ancient_greatslab_111","from":[8.25,7.375,7.9375],"to":[8.375,7.5,8.1875],"faces":{"north":{"uv":[3.5,12.125,3.625,12],"rotation":180,"texture":"#1"},"east":{"uv":[3.5,12,3.625,12.125],"texture":"#1"},"south":{"uv":[3.5,12,3.625,12.125],"texture":"#1"},"west":{"uv":[3.5,12,3.625,12.125],"texture":"#1"},"up":{"uv":[3.625,12,3.5,12.125],"rotation":180,"texture":"#1"},"down":{"uv":[3.5,12,3.625,12.125],"texture":"#1"}}},{"name":"ancient_greatslab_112","from":[7.25,7.25,7.9375],"to":[7.375,7.375,8.1875],"faces":{"north":{"uv":[2.5,12.25,2.625,12.125],"rotation":180,"texture":"#1"},"east":{"uv":[2.5,12.125,2.625,12.25],"texture":"#1"},"south":{"uv":[2.5,12.125,2.625,12.25],"texture":"#1"},"west":{"uv":[2.5,12.125,2.625,12.25],"texture":"#1"},"up":{"uv":[2.625,12.125,2.5,12.25],"rotation":180,"texture":"#1"},"down":{"uv":[2.5,12.125,2.625,12.25],"texture":"#1"}}},{"name":"ancient_greatslab_113","from":[7.625,7,7.9375],"to":[7.75,7.375,8.1875],"faces":{"north":{"uv":[2.875,12.5,3,12.125],"rotation":180,"texture":"#1"},"east":{"uv":[2.875,12.125,3,12.5],"texture":"#1"},"south":{"uv":[2.875,12.125,3,12.5],"texture":"#1"},"west":{"uv":[2.875,12.125,3,12.5],"texture":"#1"},"up":{"uv":[3,12.125,2.875,12.25],"rotation":180,"texture":"#1"},"down":{"uv":[2.875,12.375,3,12.5],"texture":"#1"}}},{"name":"ancient_greatslab_114","from":[8,7,7.9375],"to":[8.125,7.375,8.1875],"faces":{"north":{"uv":[3.25,12.5,3.375,12.125],"rotation":180,"texture":"#1"},"east":{"uv":[3.25,12.125,3.375,12.5],"texture":"#1"},"south":{"uv":[3.25,12.125,3.375,12.5],"texture":"#1"},"west":{"uv":[3.25,12.125,3.375,12.5],"texture":"#1"},"up":{"uv":[3.375,12.125,3.25,12.25],"rotation":180,"texture":"#1"},"down":{"uv":[3.25,12.375,3.375,12.5],"texture":"#1"}}},{"name":"ancient_greatslab_115","from":[8.375,7.25,7.9375],"to":[8.5,7.375,8.1875],"faces":{"north":{"uv":[3.625,12.25,3.75,12.125],"rotation":180,"texture":"#1"},"east":{"uv":[3.625,12.125,3.75,12.25],"texture":"#1"},"south":{"uv":[3.625,12.125,3.75,12.25],"texture":"#1"},"west":{"uv":[3.625,12.125,3.75,12.25],"texture":"#1"},"up":{"uv":[3.75,12.125,3.625,12.25],"rotation":180,"texture":"#1"},"down":{"uv":[3.625,12.125,3.75,12.25],"texture":"#1"}}},{"name":"ancient_greatslab_116","from":[7.125,6.25,7.9375],"to":[7.25,7.25,8.1875],"faces":{"north":{"uv":[2.375,13.25,2.5,12.25],"rotation":180,"texture":"#1"},"east":{"uv":[2.375,12.25,2.5,13.25],"texture":"#1"},"south":{"uv":[2.375,12.25,2.5,13.25],"texture":"#1"},"west":{"uv":[2.375,12.25,2.5,13.25],"texture":"#1"},"up":{"uv":[2.5,12.25,2.375,12.375],"rotation":180,"texture":"#1"},"down":{"uv":[2.375,13.125,2.5,13.25],"texture":"#1"}}},{"name":"ancient_greatslab_117","from":[7.5,6.875,7.9375],"to":[7.625,7.25,8.1875],"faces":{"north":{"uv":[2.75,12.625,2.875,12.25],"rotation":180,"texture":"#1"},"east":{"uv":[2.75,12.25,2.875,12.625],"texture":"#1"},"south":{"uv":[2.75,12.25,2.875,12.625],"texture":"#1"},"west":{"uv":[2.75,12.25,2.875,12.625],"texture":"#1"},"up":{"uv":[2.875,12.25,2.75,12.375],"rotation":180,"texture":"#1"},"down":{"uv":[2.75,12.5,2.875,12.625],"texture":"#1"}}},{"name":"ancient_greatslab_118","from":[8.125,6.875,7.9375],"to":[8.25,7.25,8.1875],"faces":{"north":{"uv":[3.375,12.625,3.5,12.25],"rotation":180,"texture":"#1"},"east":{"uv":[3.375,12.25,3.5,12.625],"texture":"#1"},"south":{"uv":[3.375,12.25,3.5,12.625],"texture":"#1"},"west":{"uv":[3.375,12.25,3.5,12.625],"texture":"#1"},"up":{"uv":[3.5,12.25,3.375,12.375],"rotation":180,"texture":"#1"},"down":{"uv":[3.375,12.5,3.5,12.625],"texture":"#1"}}},{"name":"ancient_greatslab_119","from":[8.5,6.25,7.9375],"to":[8.625,7.25,8.1875],"faces":{"north":{"uv":[3.75,13.25,3.875,12.25],"rotation":180,"texture":"#1"},"east":{"uv":[3.75,12.25,3.875,13.25],"texture":"#1"},"south":{"uv":[3.75,12.25,3.875,13.25],"texture":"#1"},"west":{"uv":[3.75,12.25,3.875,13.25],"texture":"#1"},"up":{"uv":[3.875,12.25,3.75,12.375],"rotation":180,"texture":"#1"},"down":{"uv":[3.75,13.125,3.875,13.25],"texture":"#1"}}},{"name":"ancient_greatslab_120","from":[7.375,6.75,7.9375],"to":[7.5,6.875,8.1875],"faces":{"north":{"uv":[2.625,12.75,2.75,12.625],"rotation":180,"texture":"#1"},"east":{"uv":[2.625,12.625,2.75,12.75],"texture":"#1"},"south":{"uv":[2.625,12.625,2.75,12.75],"texture":"#1"},"west":{"uv":[2.625,12.625,2.75,12.75],"texture":"#1"},"up":{"uv":[2.75,12.625,2.625,12.75],"rotation":180,"texture":"#1"},"down":{"uv":[2.625,12.625,2.75,12.75],"texture":"#1"}}},{"name":"ancient_greatslab_121","from":[8.25,6.75,7.9375],"to":[8.375,6.875,8.1875],"faces":{"north":{"uv":[3.5,12.75,3.625,12.625],"rotation":180,"texture":"#1"},"east":{"uv":[3.5,12.625,3.625,12.75],"texture":"#1"},"south":{"uv":[3.5,12.625,3.625,12.75],"texture":"#1"},"west":{"uv":[3.5,12.625,3.625,12.75],"texture":"#1"},"up":{"uv":[3.625,12.625,3.5,12.75],"rotation":180,"texture":"#1"},"down":{"uv":[3.5,12.625,3.625,12.75],"texture":"#1"}}},{"name":"ancient_greatslab_122","from":[7.25,6.25,7.9375],"to":[7.375,6.75,8.1875],"faces":{"north":{"uv":[2.5,13.25,2.625,12.75],"rotation":180,"texture":"#1"},"east":{"uv":[2.5,12.75,2.625,13.25],"texture":"#1"},"south":{"uv":[2.5,12.75,2.625,13.25],"texture":"#1"},"west":{"uv":[2.5,12.75,2.625,13.25],"texture":"#1"},"up":{"uv":[2.625,12.75,2.5,12.875],"rotation":180,"texture":"#1"},"down":{"uv":[2.5,13.125,2.625,13.25],"texture":"#1"}}},{"name":"ancient_greatslab_123","from":[8.375,6.25,7.9375],"to":[8.5,6.75,8.1875],"faces":{"north":{"uv":[3.625,13.25,3.75,12.75],"rotation":180,"texture":"#1"},"east":{"uv":[3.625,12.75,3.75,13.25],"texture":"#1"},"south":{"uv":[3.625,12.75,3.75,13.25],"texture":"#1"},"west":{"uv":[3.625,12.75,3.75,13.25],"texture":"#1"},"up":{"uv":[3.75,12.75,3.625,12.875],"rotation":180,"texture":"#1"},"down":{"uv":[3.625,13.125,3.75,13.25],"texture":"#1"}}},{"name":"ancient_greatslab_124","from":[7.75,6.25,7.9375],"to":[8,6.625,8.1875],"faces":{"north":{"uv":[3,13.25,3.25,12.875],"rotation":180,"texture":"#1"},"east":{"uv":[3.125,12.875,3.25,13.25],"texture":"#1"},"south":{"uv":[3,12.875,3.25,13.25],"texture":"#1"},"west":{"uv":[3,12.875,3.125,13.25],"texture":"#1"},"up":{"uv":[3.25,12.875,3,13],"rotation":180,"texture":"#1"},"down":{"uv":[3,13.125,3.25,13.25],"texture":"#1"}}},{"name":"ancient_greatslab_125","from":[7.625,6.25,7.9375],"to":[7.75,6.5,8.1875],"faces":{"north":{"uv":[2.875,13.25,3,13],"rotation":180,"texture":"#1"},"east":{"uv":[2.875,13,3,13.25],"texture":"#1"},"south":{"uv":[2.875,13,3,13.25],"texture":"#1"},"west":{"uv":[2.875,13,3,13.25],"texture":"#1"},"up":{"uv":[3,13,2.875,13.125],"rotation":180,"texture":"#1"},"down":{"uv":[2.875,13.125,3,13.25],"texture":"#1"}}},{"name":"ancient_greatslab_126","from":[8,6.25,7.9375],"to":[8.125,6.5,8.1875],"faces":{"north":{"uv":[3.25,13.25,3.375,13],"rotation":180,"texture":"#1"},"east":{"uv":[3.25,13,3.375,13.25],"texture":"#1"},"south":{"uv":[3.25,13,3.375,13.25],"texture":"#1"},"west":{"uv":[3.25,13,3.375,13.25],"texture":"#1"},"up":{"uv":[3.375,13,3.25,13.125],"rotation":180,"texture":"#1"},"down":{"uv":[3.25,13.125,3.375,13.25],"texture":"#1"}}},{"name":"ancient_greatslab_127","from":[7.5,6.25,7.9375],"to":[7.625,6.375,8.1875],"faces":{"north":{"uv":[2.75,13.25,2.875,13.125],"rotation":180,"texture":"#1"},"east":{"uv":[2.75,13.125,2.875,13.25],"texture":"#1"},"south":{"uv":[2.75,13.125,2.875,13.25],"texture":"#1"},"west":{"uv":[2.75,13.125,2.875,13.25],"texture":"#1"},"up":{"uv":[2.875,13.125,2.75,13.25],"rotation":180,"texture":"#1"},"down":{"uv":[2.75,13.125,2.875,13.25],"texture":"#1"}}},{"name":"ancient_greatslab_128","from":[8.125,6.25,7.9375],"to":[8.25,6.375,8.1875],"faces":{"north":{"uv":[3.375,13.25,3.5,13.125],"rotation":180,"texture":"#1"},"east":{"uv":[3.375,13.125,3.5,13.25],"texture":"#1"},"south":{"uv":[3.375,13.125,3.5,13.25],"texture":"#1"},"west":{"uv":[3.375,13.125,3.5,13.25],"texture":"#1"},"up":{"uv":[3.5,13.125,3.375,13.25],"rotation":180,"texture":"#1"},"down":{"uv":[3.375,13.125,3.5,13.25],"texture":"#1"}}},{"name":"ancient_greatslab_129","from":[7,1.625,7.6875],"to":[8.75,1.75,8.4375],"faces":{"north":{"uv":[7,14.375,8.75,14.25],"rotation":180,"texture":"#1"},"east":{"uv":[8.625,14.25,8.75,14.375],"texture":"#1"},"south":{"uv":[7,14.25,8.75,14.375],"texture":"#1"},"west":{"uv":[7,14.25,7.125,14.375],"texture":"#1"},"up":{"uv":[8.75,14.25,7,14.375],"rotation":180,"texture":"#1"},"down":{"uv":[7,14.25,8.75,14.375],"texture":"#1"}}},{"name":"ancient_greatslab_130","from":[7.25,1.5,7.6875],"to":[8.5,1.625,8.4375],"faces":{"north":{"uv":[7.25,14.5,8.5,14.375],"rotation":180,"texture":"#1"},"east":{"uv":[8.375,14.375,8.5,14.5],"texture":"#1"},"south":{"uv":[7.25,14.375,8.5,14.5],"texture":"#1"},"west":{"uv":[7.25,14.375,7.375,14.5],"texture":"#1"},"up":{"uv":[8.5,14.375,7.25,14.5],"rotation":180,"texture":"#1"},"down":{"uv":[7.25,14.375,8.5,14.5],"texture":"#1"}}},{"name":"ancient_greatslab_131","from":[7.375,1.25,7.875],"to":[8.375,1.5,8.25],"faces":{"north":{"uv":[7.375,15,8.375,14.75],"rotation":180,"texture":"#1"},"east":{"uv":[8.25,14.75,8.375,15],"texture":"#1"},"south":{"uv":[7.375,14.75,8.375,15],"texture":"#1"},"west":{"uv":[7.375,14.75,7.5,15],"texture":"#1"},"up":{"uv":[8.375,14.75,7.375,14.875],"rotation":180,"texture":"#1"},"down":{"uv":[7.375,14.875,8.375,15],"texture":"#1"}}},{"name":"ancient_greatslab_132","from":[7.25,1,7.75],"to":[8.5,1.25,8.375],"faces":{"north":{"uv":[7.25,15.5,8.5,15.25],"rotation":180,"texture":"#1"},"east":{"uv":[8.375,15.25,8.5,15.5],"texture":"#1"},"south":{"uv":[7.25,15.25,8.5,15.5],"texture":"#1"},"west":{"uv":[7.25,15.25,7.375,15.5],"texture":"#1"},"up":{"uv":[8.5,15.25,7.25,15.375],"rotation":180,"texture":"#1"},"down":{"uv":[7.25,15.375,8.5,15.5],"texture":"#1"}}},{"name":"ancient_greatslab_133","from":[7.375,0.875,7.75],"to":[8.375,1,8.375],"faces":{"north":{"uv":[7.375,15.625,8.375,15.5],"rotation":180,"texture":"#1"},"east":{"uv":[8.25,15.5,8.375,15.625],"texture":"#1"},"south":{"uv":[7.375,15.5,8.375,15.625],"texture":"#1"},"west":{"uv":[7.375,15.5,7.5,15.625],"texture":"#1"},"up":{"uv":[8.375,15.5,7.375,15.625],"rotation":180,"texture":"#1"},"down":{"uv":[7.375,15.5,8.375,15.625],"texture":"#1"}}},{"name":"ancient_greatslab_134","from":[7.5,0.75,7.75],"to":[8.25,0.875,8.375],"faces":{"north":{"uv":[7.5,15.75,8.25,15.625],"rotation":180,"texture":"#1"},"east":{"uv":[8.125,15.625,8.25,15.75],"texture":"#1"},"south":{"uv":[7.5,15.625,8.25,15.75],"texture":"#1"},"west":{"uv":[7.5,15.625,7.625,15.75],"texture":"#1"},"up":{"uv":[8.25,15.625,7.5,15.75],"rotation":180,"texture":"#1"},"down":{"uv":[7.5,15.625,8.25,15.75],"texture":"#1"}}},{"name":"ancient_greatslab_135","from":[7.625,0.625,7.8125],"to":[8.125,0.75,8.3125],"faces":{"north":{"uv":[7.625,15.875,8.125,15.75],"rotation":180,"texture":"#1"},"east":{"uv":[8,15.75,8.125,15.875],"texture":"#1"},"south":{"uv":[7.625,15.75,8.125,15.875],"texture":"#1"},"west":{"uv":[7.625,15.75,7.75,15.875],"texture":"#1"},"up":{"uv":[8.125,15.75,7.625,15.875],"rotation":180,"texture":"#1"},"down":{"uv":[7.625,15.75,8.125,15.875],"texture":"#1"}}},{"name":"ancient_greatslab_136","from":[7.75,0.5,7.875],"to":[8,0.625,8.25],"faces":{"north":{"uv":[7.75,16,8,15.875],"rotation":180,"texture":"#1"},"east":{"uv":[7.875,15.875,8,16],"texture":"#1"},"south":{"uv":[7.75,15.875,8,16],"texture":"#1"},"west":{"uv":[7.75,15.875,7.875,16],"texture":"#1"},"up":{"uv":[8,15.875,7.75,16],"rotation":180,"texture":"#1"},"down":{"uv":[7.75,15.875,8,16],"texture":"#1"}}}],"gui_light":"front","display":{"thirdperson_righthand":{"rotation":[0,-90,0],"translation":[0.25,8.75,1.75],"scale":[2.4,2.4,2.4]},"thirdperson_lefthand":{"rotation":[0,90,0],"translation":[-0.25,8.75,1.75],"scale":[2.4,2.4,2.4]},"firstperson_righthand":{"rotation":[10,-90,0],"translation":[-1.5,7.25,3.25],"scale":[1.4,1.4,1.4]},"firstperson_lefthand":{"rotation":[10,90,0],"translation":[-1.75,7.25,3.25],"scale":[1.4,1.4,1.4]},"ground":{"rotation":[0,0,45],"translation":[0,1.5,0.25]},"gui":{"rotation":[0,0,-45],"translation":[-0.75,-1.25,0],"scale":[1.4,1.4,1]},"head":{"rotation":[0,0,45],"translation":[0,19,0],"scale":[2,2,2]},"fixed":{"rotation":[0,0,90],"translation":[4.25,0.5,-1.25],"scale":[4,4,4]}}}