{"textures":{"0":"fantasy_weapons:item/black_iron_greataxe","particle":"fantasy_weapons:item/black_iron_greataxe"},"elements":[{"name":"black_iron_greataxe_0","from":[8.25,18.125,7.75],"to":[9.125,18.25,8.25],"rotation":{"angle":0,"axis":"y","origin":[-1.375,0,7.9375]},"faces":{"north":{"uv":[8.25,0,7.375,0.125],"texture":"#0"},"east":{"uv":[8.125,0,8.25,0.125],"texture":"#0"},"south":{"uv":[7.375,0,8.25,0.125],"texture":"#0"},"west":{"uv":[7.375,0,7.5,0.125],"texture":"#0"},"up":{"uv":[7.375,0,8.25,0.125],"texture":"#0"},"down":{"uv":[7.375,0,8.25,0.125],"texture":"#0"}}},{"name":"black_iron_greataxe_1","from":[8.375,18,7.75],"to":[9.25,18.125,8.25],"rotation":{"angle":0,"axis":"y","origin":[-1.375,0,7.9375]},"faces":{"north":{"uv":[8.375,0.125,7.5,0.25],"texture":"#0"},"east":{"uv":[8.25,0.125,8.375,0.25],"texture":"#0"},"south":{"uv":[7.5,0.125,8.375,0.25],"texture":"#0"},"west":{"uv":[7.5,0.125,7.625,0.25],"texture":"#0"},"up":{"uv":[7.5,0.125,8.375,0.25],"texture":"#0"},"down":{"uv":[7.5,0.125,8.375,0.25],"texture":"#0"}}},{"name":"black_iron_greataxe_2","from":[8.5,17.875,7.75],"to":[9.375,18,8.25],"rotation":{"angle":0,"axis":"y","origin":[-1.375,0,7.9375]},"faces":{"north":{"uv":[8.5,0.25,7.625,0.375],"texture":"#0"},"east":{"uv":[8.375,0.25,8.5,0.375],"texture":"#0"},"south":{"uv":[7.625,0.25,8.5,0.375],"texture":"#0"},"west":{"uv":[7.625,0.25,7.75,0.375],"texture":"#0"},"up":{"uv":[7.625,0.25,8.5,0.375],"texture":"#0"},"down":{"uv":[7.625,0.25,8.5,0.375],"texture":"#0"}}},{"name":"black_iron_greataxe_3","from":[8.25,17.75,7.75],"to":[8.375,17.875,8.25],"rotation":{"angle":0,"axis":"y","origin":[-1.375,0,7.9375]},"faces":{"north":{"uv":[7.5,0.375,7.375,0.5],"texture":"#0"},"east":{"uv":[7.375,0.375,7.5,0.5],"texture":"#0"},"south":{"uv":[7.375,0.375,7.5,0.5],"texture":"#0"},"west":{"uv":[7.375,0.375,7.5,0.5],"texture":"#0"},"up":{"uv":[7.375,0.375,7.5,0.5],"texture":"#0"},"down":{"uv":[7.375,0.375,7.5,0.5],"texture":"#0"}}},{"name":"black_iron_greataxe_4","from":[9.25,17.75,7.75],"to":[9.5,17.875,8.25],"rotation":{"angle":0,"axis":"y","origin":[-1.375,0,7.9375]},"faces":{"north":{"uv":[8.625,0.375,8.375,0.5],"texture":"#0"},"east":{"uv":[8.5,0.375,8.625,0.5],"texture":"#0"},"south":{"uv":[8.375,0.375,8.625,0.5],"texture":"#0"},"west":{"uv":[8.375,0.375,8.5,0.5],"texture":"#0"},"up":{"uv":[8.375,0.375,8.625,0.5],"texture":"#0"},"down":{"uv":[8.375,0.375,8.625,0.5],"texture":"#0"}}},{"name":"black_iron_greataxe_5","from":[8.625,17.75,7.8125],"to":[9,17.875,8.1875],"rotation":{"angle":0,"axis":"y","origin":[-1.375,0,7.9375]},"faces":{"north":{"uv":[9.375,0.375,9,0.5],"texture":"#0"},"east":{"uv":[9.25,0.375,9.375,0.5],"texture":"#0"},"south":{"uv":[9,0.375,9.375,0.5],"texture":"#0"},"west":{"uv":[9,0.375,9.125,0.5],"texture":"#0"},"up":{"uv":[9,0.375,9.375,0.5],"texture":"#0"},"down":{"uv":[9,0.375,9.375,0.5],"texture":"#0"}}},{"name":"black_iron_greataxe_6","from":[8.375,17.625,7.75],"to":[9,17.75,8.25],"rotation":{"angle":0,"axis":"y","origin":[-1.375,0,7.9375]},"faces":{"north":{"uv":[8.125,0.5,7.5,0.625],"texture":"#0"},"east":{"uv":[8,0.5,8.125,0.625],"texture":"#0"},"south":{"uv":[7.5,0.5,8.125,0.625],"texture":"#0"},"west":{"uv":[7.5,0.5,7.625,0.625],"texture":"#0"},"up":{"uv":[7.5,0.5,8.125,0.625],"texture":"#0"},"down":{"uv":[7.5,0.5,8.125,0.625],"texture":"#0"}}},{"name":"black_iron_greataxe_7","from":[9.375,17.625,7.75],"to":[9.5,17.75,8.25],"rotation":{"angle":0,"axis":"y","origin":[-1.375,0,7.9375]},"faces":{"north":{"uv":[8.625,0.5,8.5,0.625],"texture":"#0"},"east":{"uv":[8.5,0.5,8.625,0.625],"texture":"#0"},"south":{"uv":[8.5,0.5,8.625,0.625],"texture":"#0"},"west":{"uv":[8.5,0.5,8.625,0.625],"texture":"#0"},"up":{"uv":[8.5,0.5,8.625,0.625],"texture":"#0"},"down":{"uv":[8.5,0.5,8.625,0.625],"texture":"#0"}}},{"name":"black_iron_greataxe_8","from":[7,18.375,7.96875],"to":[7.5,18.75,8.03125],"rotation":{"angle":0,"axis":"y","origin":[-1.375,0,7.9375]},"faces":{"north":{"uv":[3.25,0.625,2.75,1],"texture":"#0"},"east":{"uv":[3.125,0.625,3.25,1],"texture":"#0"},"south":{"uv":[2.75,0.625,3.25,1],"texture":"#0"},"west":{"uv":[2.75,0.625,2.875,1],"texture":"#0"},"up":{"uv":[2.75,0.625,3.25,0.75],"texture":"#0"},"down":{"uv":[2.75,0.875,3.25,1],"texture":"#0"}}},{"name":"black_iron_greataxe_9","from":[8.5,17.5,7.75],"to":[9,17.625,8.25],"rotation":{"angle":0,"axis":"y","origin":[-1.375,0,7.9375]},"faces":{"north":{"uv":[8.125,0.625,7.625,0.75],"texture":"#0"},"east":{"uv":[8,0.625,8.125,0.75],"texture":"#0"},"south":{"uv":[7.625,0.625,8.125,0.75],"texture":"#0"},"west":{"uv":[7.625,0.625,7.75,0.75],"texture":"#0"},"up":{"uv":[7.625,0.625,8.125,0.75],"texture":"#0"},"down":{"uv":[7.625,0.625,8.125,0.75],"texture":"#0"}}},{"name":"black_iron_greataxe_10","from":[8.5,14.375,7.75],"to":[9.375,14.625,8.25],"rotation":{"angle":0,"axis":"y","origin":[-1.375,0,7.9375]},"faces":{"north":{"uv":[10.75,0.625,9.875,0.875],"texture":"#0"},"east":{"uv":[10.625,0.625,10.75,0.875],"texture":"#0"},"south":{"uv":[9.875,0.625,10.75,0.875],"texture":"#0"},"west":{"uv":[9.875,0.625,10,0.875],"texture":"#0"},"up":{"uv":[9.875,0.625,10.75,0.75],"texture":"#0"},"down":{"uv":[9.875,0.75,10.75,0.875],"texture":"#0"}}},{"name":"black_iron_greataxe_11","from":[9.375,14.5,7.75],"to":[9.5,14.625,8.25],"rotation":{"angle":0,"axis":"y","origin":[-1.375,0,7.9375]},"faces":{"north":{"uv":[10.875,0.625,10.75,0.75],"texture":"#0"},"east":{"uv":[10.75,0.625,10.875,0.75],"texture":"#0"},"south":{"uv":[10.75,0.625,10.875,0.75],"texture":"#0"},"west":{"uv":[10.75,0.625,10.875,0.75],"texture":"#0"},"up":{"uv":[10.75,0.625,10.875,0.75],"texture":"#0"},"down":{"uv":[10.75,0.625,10.875,0.75],"texture":"#0"}}},{"name":"black_iron_greataxe_12","from":[6.625,18.125,7.96875],"to":[7,18.625,8.03125],"rotation":{"angle":0,"axis":"y","origin":[-1.375,0,7.9375]},"faces":{"north":{"uv":[2.75,0.75,2.375,1.25],"texture":"#0"},"east":{"uv":[2.625,0.75,2.75,1.25],"texture":"#0"},"south":{"uv":[2.375,0.75,2.75,1.25],"texture":"#0"},"west":{"uv":[2.375,0.75,2.5,1.25],"texture":"#0"},"up":{"uv":[2.375,0.75,2.75,0.875],"texture":"#0"},"down":{"uv":[2.375,1.125,2.75,1.25],"texture":"#0"}}},{"name":"black_iron_greataxe_13","from":[7.625,16.875,7.6875],"to":[7.75,17.75,8.3125],"rotation":{"angle":0,"axis":"y","origin":[-1.375,0,7.9375]},"faces":{"north":{"uv":[6.875,0.75,6.75,1.625],"texture":"#0"},"east":{"uv":[6.75,0.75,6.875,1.625],"texture":"#0"},"south":{"uv":[6.75,0.75,6.875,1.625],"texture":"#0"},"west":{"uv":[6.75,0.75,6.875,1.625],"texture":"#0"},"up":{"uv":[6.75,0.75,6.875,0.875],"texture":"#0"},"down":{"uv":[6.75,1.5,6.875,1.625],"texture":"#0"}}},{"name":"black_iron_greataxe_14","from":[8.625,17.125,7.8125],"to":[9,17.5,8.1875],"rotation":{"angle":0,"axis":"y","origin":[-1.375,0,7.9375]},"faces":{"north":{"uv":[9.375,0.75,9,1.125],"texture":"#0"},"east":{"uv":[9.25,0.75,9.375,1.125],"texture":"#0"},"south":{"uv":[9,0.75,9.375,1.125],"texture":"#0"},"west":{"uv":[9,0.75,9.125,1.125],"texture":"#0"},"up":{"uv":[9,0.75,9.375,0.875],"texture":"#0"},"down":{"uv":[9,1,9.375,1.125],"texture":"#0"}}},{"name":"black_iron_greataxe_15","from":[6.375,17.875,7.96875],"to":[6.625,18.5,8.03125],"rotation":{"angle":0,"axis":"y","origin":[-1.375,0,7.9375]},"faces":{"north":{"uv":[2.375,0.875,2.125,1.5],"texture":"#0"},"east":{"uv":[2.25,0.875,2.375,1.5],"texture":"#0"},"south":{"uv":[2.125,0.875,2.375,1.5],"texture":"#0"},"west":{"uv":[2.125,0.875,2.25,1.5],"texture":"#0"},"up":{"uv":[2.125,0.875,2.375,1],"texture":"#0"},"down":{"uv":[2.125,1.375,2.375,1.5],"texture":"#0"}}},{"name":"black_iron_greataxe_16","from":[7.75,16.75,7.6875],"to":[7.875,17.625,8.3125],"rotation":{"angle":0,"axis":"y","origin":[-1.375,0,7.9375]},"faces":{"north":{"uv":[7,0.875,6.875,1.75],"texture":"#0"},"east":{"uv":[6.875,0.875,7,1.75],"texture":"#0"},"south":{"uv":[6.875,0.875,7,1.75],"texture":"#0"},"west":{"uv":[6.875,0.875,7,1.75],"texture":"#0"},"up":{"uv":[6.875,0.875,7,1],"texture":"#0"},"down":{"uv":[6.875,1.625,7,1.75],"texture":"#0"}}},{"name":"black_iron_greataxe_17","from":[8.625,14.25,7.75],"to":[9.25,14.375,8.25],"rotation":{"angle":0,"axis":"y","origin":[-1.375,0,7.9375]},"faces":{"north":{"uv":[10.625,0.875,10,1],"texture":"#0"},"east":{"uv":[10.5,0.875,10.625,1],"texture":"#0"},"south":{"uv":[10,0.875,10.625,1],"texture":"#0"},"west":{"uv":[10,0.875,10.125,1],"texture":"#0"},"up":{"uv":[10,0.875,10.625,1],"texture":"#0"},"down":{"uv":[10,0.875,10.625,1],"texture":"#0"}}},{"name":"black_iron_greataxe_18","from":[6.125,17.75,7.96875],"to":[6.375,18.375,8.03125],"rotation":{"angle":0,"axis":"y","origin":[-1.375,0,7.9375]},"faces":{"north":{"uv":[2.125,1,1.875,1.625],"texture":"#0"},"east":{"uv":[2,1,2.125,1.625],"texture":"#0"},"south":{"uv":[1.875,1,2.125,1.625],"texture":"#0"},"west":{"uv":[1.875,1,2,1.625],"texture":"#0"},"up":{"uv":[1.875,1,2.125,1.125],"texture":"#0"},"down":{"uv":[1.875,1.5,2.125,1.625],"texture":"#0"}}},{"name":"black_iron_greataxe_19","from":[7,18.125,7.96875],"to":[7.25,18.375,8.03125],"rotation":{"angle":0,"axis":"y","origin":[-1.375,0,7.9375]},"faces":{"north":{"uv":[3,1,2.75,1.25],"texture":"#0"},"east":{"uv":[2.875,1,3,1.25],"texture":"#0"},"south":{"uv":[2.75,1,3,1.25],"texture":"#0"},"west":{"uv":[2.75,1,2.875,1.25],"texture":"#0"},"up":{"uv":[2.75,1,3,1.125],"texture":"#0"},"down":{"uv":[2.75,1.125,3,1.25],"texture":"#0"}}},{"name":"black_iron_greataxe_20","from":[7.25,18.25,7.96875],"to":[7.375,18.375,8.03125],"rotation":{"angle":0,"axis":"y","origin":[-1.375,0,7.9375]},"faces":{"north":{"uv":[3.125,1,3,1.125],"texture":"#0"},"east":{"uv":[3,1,3.125,1.125],"texture":"#0"},"south":{"uv":[3,1,3.125,1.125],"texture":"#0"},"west":{"uv":[3,1,3.125,1.125],"texture":"#0"},"up":{"uv":[3,1,3.125,1.125],"texture":"#0"},"down":{"uv":[3,1,3.125,1.125],"texture":"#0"}}},{"name":"black_iron_greataxe_21","from":[7.875,16.75,7.6875],"to":[8,17.5,8.3125],"rotation":{"angle":0,"axis":"y","origin":[-1.375,0,7.9375]},"faces":{"north":{"uv":[7.125,1,7,1.75],"texture":"#0"},"east":{"uv":[7,1,7.125,1.75],"texture":"#0"},"south":{"uv":[7,1,7.125,1.75],"texture":"#0"},"west":{"uv":[7,1,7.125,1.75],"texture":"#0"},"up":{"uv":[7,1,7.125,1.125],"texture":"#0"},"down":{"uv":[7,1.625,7.125,1.75],"texture":"#0"}}},{"name":"black_iron_greataxe_22","from":[8.625,13.625,7.8125],"to":[9,14.25,8.1875],"rotation":{"angle":0,"axis":"y","origin":[-1.375,0,7.9375]},"faces":{"north":{"uv":[11.5,1,11.125,1.625],"texture":"#0"},"east":{"uv":[11.375,1,11.5,1.625],"texture":"#0"},"south":{"uv":[11.125,1,11.5,1.625],"texture":"#0"},"west":{"uv":[11.125,1,11.25,1.625],"texture":"#0"},"up":{"uv":[11.125,1,11.5,1.125],"texture":"#0"},"down":{"uv":[11.125,1.5,11.5,1.625],"texture":"#0"}}},{"name":"black_iron_greataxe_23","from":[5.875,17,7.96875],"to":[6.125,18.25,8.03125],"rotation":{"angle":0,"axis":"y","origin":[-1.375,0,7.9375]},"faces":{"north":{"uv":[1.875,1.125,1.625,2.375],"texture":"#0"},"east":{"uv":[1.75,1.125,1.875,2.375],"texture":"#0"},"south":{"uv":[1.625,1.125,1.875,2.375],"texture":"#0"},"west":{"uv":[1.625,1.125,1.75,2.375],"texture":"#0"},"up":{"uv":[1.625,1.125,1.875,1.25],"texture":"#0"},"down":{"uv":[1.625,2.25,1.875,2.375],"texture":"#0"}}},{"name":"black_iron_greataxe_24","from":[7.25,17.375,7.90625],"to":[7.375,18.25,8.09375],"rotation":{"angle":0,"axis":"y","origin":[-1.375,0,7.9375]},"faces":{"north":{"uv":[4.625,1.125,4.5,2],"texture":"#0"},"east":{"uv":[4.5,1.125,4.625,2],"texture":"#0"},"south":{"uv":[4.5,1.125,4.625,2],"texture":"#0"},"west":{"uv":[4.5,1.125,4.625,2],"texture":"#0"},"up":{"uv":[4.5,1.125,4.625,1.25],"texture":"#0"},"down":{"uv":[4.5,1.875,4.625,2],"texture":"#0"}}},{"name":"black_iron_greataxe_25","from":[8,16.625,7.6875],"to":[8.25,17.375,8.3125],"rotation":{"angle":0,"axis":"y","origin":[-1.375,0,7.9375]},"faces":{"north":{"uv":[7.375,1.125,7.125,1.875],"texture":"#0"},"east":{"uv":[7.25,1.125,7.375,1.875],"texture":"#0"},"south":{"uv":[7.125,1.125,7.375,1.875],"texture":"#0"},"west":{"uv":[7.125,1.125,7.25,1.875],"texture":"#0"},"up":{"uv":[7.125,1.125,7.375,1.25],"texture":"#0"},"down":{"uv":[7.125,1.75,7.375,1.875],"texture":"#0"}}},{"name":"black_iron_greataxe_26","from":[5.75,16.75,7.96875],"to":[5.875,18.125,8.03125],"rotation":{"angle":0,"axis":"y","origin":[-1.375,0,7.9375]},"faces":{"north":{"uv":[1.625,1.25,1.5,2.625],"texture":"#0"},"east":{"uv":[1.5,1.25,1.625,2.625],"texture":"#0"},"south":{"uv":[1.5,1.25,1.625,2.625],"texture":"#0"},"west":{"uv":[1.5,1.25,1.625,2.625],"texture":"#0"},"up":{"uv":[1.5,1.25,1.625,1.375],"texture":"#0"},"down":{"uv":[1.5,2.5,1.625,2.625],"texture":"#0"}}},{"name":"black_iron_greataxe_27","from":[6.625,18,7.96875],"to":[6.875,18.125,8.03125],"rotation":{"angle":0,"axis":"y","origin":[-1.375,0,7.9375]},"faces":{"north":{"uv":[2.625,1.25,2.375,1.375],"texture":"#0"},"east":{"uv":[2.5,1.25,2.625,1.375],"texture":"#0"},"south":{"uv":[2.375,1.25,2.625,1.375],"texture":"#0"},"west":{"uv":[2.375,1.25,2.5,1.375],"texture":"#0"},"up":{"uv":[2.375,1.25,2.625,1.375],"texture":"#0"},"down":{"uv":[2.375,1.25,2.625,1.375],"texture":"#0"}}},{"name":"black_iron_greataxe_28","from":[6.875,17.375,7.90625],"to":[7.25,18.125,8.09375],"rotation":{"angle":0,"axis":"y","origin":[-1.375,0,7.9375]},"faces":{"north":{"uv":[4.5,1.25,4.125,2],"texture":"#0"},"east":{"uv":[4.375,1.25,4.5,2],"texture":"#0"},"south":{"uv":[4.125,1.25,4.5,2],"texture":"#0"},"west":{"uv":[4.125,1.25,4.25,2],"texture":"#0"},"up":{"uv":[4.125,1.25,4.5,1.375],"texture":"#0"},"down":{"uv":[4.125,1.875,4.5,2],"texture":"#0"}}},{"name":"black_iron_greataxe_29","from":[8.25,16.5,7.6875],"to":[8.5,17.25,8.3125],"rotation":{"angle":0,"axis":"y","origin":[-1.375,0,7.9375]},"faces":{"north":{"uv":[7.625,1.25,7.375,2],"texture":"#0"},"east":{"uv":[7.5,1.25,7.625,2],"texture":"#0"},"south":{"uv":[7.375,1.25,7.625,2],"texture":"#0"},"west":{"uv":[7.375,1.25,7.5,2],"texture":"#0"},"up":{"uv":[7.375,1.25,7.625,1.375],"texture":"#0"},"down":{"uv":[7.375,1.875,7.625,2],"texture":"#0"}}},{"name":"black_iron_greataxe_30","from":[5.625,16.75,7.96875],"to":[5.75,18,8.03125],"rotation":{"angle":0,"axis":"y","origin":[-1.375,0,7.9375]},"faces":{"north":{"uv":[1.5,1.375,1.375,2.625],"texture":"#0"},"east":{"uv":[1.375,1.375,1.5,2.625],"texture":"#0"},"south":{"uv":[1.375,1.375,1.5,2.625],"texture":"#0"},"west":{"uv":[1.375,1.375,1.5,2.625],"texture":"#0"},"up":{"uv":[1.375,1.375,1.5,1.5],"texture":"#0"},"down":{"uv":[1.375,2.5,1.5,2.625],"texture":"#0"}}},{"name":"black_iron_greataxe_31","from":[6.625,17.125,7.90625],"to":[6.875,18,8.09375],"rotation":{"angle":0,"axis":"y","origin":[-1.375,0,7.9375]},"faces":{"north":{"uv":[4.125,1.375,3.875,2.25],"texture":"#0"},"east":{"uv":[4,1.375,4.125,2.25],"texture":"#0"},"south":{"uv":[3.875,1.375,4.125,2.25],"texture":"#0"},"west":{"uv":[3.875,1.375,4,2.25],"texture":"#0"},"up":{"uv":[3.875,1.375,4.125,1.5],"texture":"#0"},"down":{"uv":[3.875,2.125,4.125,2.25],"texture":"#0"}}},{"name":"black_iron_greataxe_32","from":[8.5,16.5,7.6875],"to":[10,17.125,8.3125],"rotation":{"angle":0,"axis":"y","origin":[-1.375,0,7.9375]},"faces":{"north":{"uv":[9.125,1.375,7.625,2],"texture":"#0"},"east":{"uv":[9,1.375,9.125,2],"texture":"#0"},"south":{"uv":[7.625,1.375,9.125,2],"texture":"#0"},"west":{"uv":[7.625,1.375,7.75,2],"texture":"#0"},"up":{"uv":[7.625,1.375,9.125,1.5],"texture":"#0"},"down":{"uv":[7.625,1.875,9.125,2],"texture":"#0"}}},{"name":"black_iron_greataxe_33","from":[10,16.625,7.6875],"to":[10.125,17.125,8.3125],"rotation":{"angle":0,"axis":"y","origin":[-1.375,0,7.9375]},"faces":{"north":{"uv":[9.25,1.375,9.125,1.875],"texture":"#0"},"east":{"uv":[9.125,1.375,9.25,1.875],"texture":"#0"},"south":{"uv":[9.125,1.375,9.25,1.875],"texture":"#0"},"west":{"uv":[9.125,1.375,9.25,1.875],"texture":"#0"},"up":{"uv":[9.125,1.375,9.25,1.5],"texture":"#0"},"down":{"uv":[9.125,1.75,9.25,1.875],"texture":"#0"}}},{"name":"black_iron_greataxe_34","from":[5.5,17.5,7.96875],"to":[5.625,17.875,8.03125],"rotation":{"angle":0,"axis":"y","origin":[-1.375,0,7.9375]},"faces":{"north":{"uv":[1.375,1.5,1.25,1.875],"texture":"#0"},"east":{"uv":[1.25,1.5,1.375,1.875],"texture":"#0"},"south":{"uv":[1.25,1.5,1.375,1.875],"texture":"#0"},"west":{"uv":[1.25,1.5,1.375,1.875],"texture":"#0"},"up":{"uv":[1.25,1.5,1.375,1.625],"texture":"#0"},"down":{"uv":[1.25,1.75,1.375,1.875],"texture":"#0"}}},{"name":"black_iron_greataxe_35","from":[6.375,16.75,7.90625],"to":[6.625,17.875,8.09375],"rotation":{"angle":0,"axis":"y","origin":[-1.375,0,7.9375]},"faces":{"north":{"uv":[3.875,1.5,3.625,2.625],"texture":"#0"},"east":{"uv":[3.75,1.5,3.875,2.625],"texture":"#0"},"south":{"uv":[3.625,1.5,3.875,2.625],"texture":"#0"},"west":{"uv":[3.625,1.5,3.75,2.625],"texture":"#0"},"up":{"uv":[3.625,1.5,3.875,1.625],"texture":"#0"},"down":{"uv":[3.625,2.5,3.875,2.625],"texture":"#0"}}},{"name":"black_iron_greataxe_36","from":[5.375,17.625,7.96875],"to":[5.5,17.75,8.03125],"rotation":{"angle":0,"axis":"y","origin":[-1.375,0,7.9375]},"faces":{"north":{"uv":[1.25,1.625,1.125,1.75],"texture":"#0"},"east":{"uv":[1.125,1.625,1.25,1.75],"texture":"#0"},"south":{"uv":[1.125,1.625,1.25,1.75],"texture":"#0"},"west":{"uv":[1.125,1.625,1.25,1.75],"texture":"#0"},"up":{"uv":[1.125,1.625,1.25,1.75],"texture":"#0"},"down":{"uv":[1.125,1.625,1.25,1.75],"texture":"#0"}}},{"name":"black_iron_greataxe_37","from":[6.125,16.5,7.90625],"to":[6.375,17.75,8.09375],"rotation":{"angle":0,"axis":"y","origin":[-1.375,0,7.9375]},"faces":{"north":{"uv":[3.625,1.625,3.375,2.875],"texture":"#0"},"east":{"uv":[3.5,1.625,3.625,2.875],"texture":"#0"},"south":{"uv":[3.375,1.625,3.625,2.875],"texture":"#0"},"west":{"uv":[3.375,1.625,3.5,2.875],"texture":"#0"},"up":{"uv":[3.375,1.625,3.625,1.75],"texture":"#0"},"down":{"uv":[3.375,2.75,3.625,2.875],"texture":"#0"}}},{"name":"black_iron_greataxe_38","from":[8.5,13.375,7.75],"to":[9.125,13.625,8.25],"rotation":{"angle":0,"axis":"y","origin":[-1.375,0,7.9375]},"faces":{"north":{"uv":[10.5,1.625,9.875,1.875],"texture":"#0"},"east":{"uv":[10.375,1.625,10.5,1.875],"texture":"#0"},"south":{"uv":[9.875,1.625,10.5,1.875],"texture":"#0"},"west":{"uv":[9.875,1.625,10,1.875],"texture":"#0"},"up":{"uv":[9.875,1.625,10.5,1.75],"texture":"#0"},"down":{"uv":[9.875,1.75,10.5,1.875],"texture":"#0"}}},{"name":"black_iron_greataxe_39","from":[9.125,13.5,7.75],"to":[9.25,13.625,8.25],"rotation":{"angle":0,"axis":"y","origin":[-1.375,0,7.9375]},"faces":{"north":{"uv":[10.625,1.625,10.5,1.75],"texture":"#0"},"east":{"uv":[10.5,1.625,10.625,1.75],"texture":"#0"},"south":{"uv":[10.5,1.625,10.625,1.75],"texture":"#0"},"west":{"uv":[10.5,1.625,10.625,1.75],"texture":"#0"},"up":{"uv":[10.5,1.625,10.625,1.75],"texture":"#0"},"down":{"uv":[10.5,1.625,10.625,1.75],"texture":"#0"}}},{"name":"black_iron_greataxe_40","from":[7.375,17.375,7.90625],"to":[7.5,17.625,8.09375],"rotation":{"angle":0,"axis":"y","origin":[-1.375,0,7.9375]},"faces":{"north":{"uv":[4.75,1.75,4.625,2],"texture":"#0"},"east":{"uv":[4.625,1.75,4.75,2],"texture":"#0"},"south":{"uv":[4.625,1.75,4.75,2],"texture":"#0"},"west":{"uv":[4.625,1.75,4.75,2],"texture":"#0"},"up":{"uv":[4.625,1.75,4.75,1.875],"texture":"#0"},"down":{"uv":[4.625,1.875,4.75,2],"texture":"#0"}}},{"name":"black_iron_greataxe_41","from":[8.625,13,7.8125],"to":[9,13.375,8.1875],"rotation":{"angle":0,"axis":"y","origin":[-1.375,0,7.9375]},"faces":{"north":{"uv":[11.5,1.875,11.125,2.25],"texture":"#0"},"east":{"uv":[11.375,1.875,11.5,2.25],"texture":"#0"},"south":{"uv":[11.125,1.875,11.5,2.25],"texture":"#0"},"west":{"uv":[11.125,1.875,11.25,2.25],"texture":"#0"},"up":{"uv":[11.125,1.875,11.5,2],"texture":"#0"},"down":{"uv":[11.125,2.125,11.5,2.25],"texture":"#0"}}},{"name":"black_iron_greataxe_42","from":[6.875,17.25,7.90625],"to":[7.125,17.375,8.09375],"rotation":{"angle":0,"axis":"y","origin":[-1.375,0,7.9375]},"faces":{"north":{"uv":[4.375,2,4.125,2.125],"texture":"#0"},"east":{"uv":[4.25,2,4.375,2.125],"texture":"#0"},"south":{"uv":[4.125,2,4.375,2.125],"texture":"#0"},"west":{"uv":[4.125,2,4.25,2.125],"texture":"#0"},"up":{"uv":[4.125,2,4.375,2.125],"texture":"#0"},"down":{"uv":[4.125,2,4.375,2.125],"texture":"#0"}}},{"name":"black_iron_greataxe_43","from":[7.125,15.125,7.84375],"to":[7.625,17.375,8.15625],"rotation":{"angle":0,"axis":"y","origin":[-1.375,0,7.9375]},"faces":{"north":{"uv":[6,2,5.5,4.25],"texture":"#0"},"east":{"uv":[5.875,2,6,4.25],"texture":"#0"},"south":{"uv":[5.5,2,6,4.25],"texture":"#0"},"west":{"uv":[5.5,2,5.625,4.25],"texture":"#0"},"up":{"uv":[5.5,2,6,2.125],"texture":"#0"},"down":{"uv":[5.5,4.125,6,4.25],"texture":"#0"}}},{"name":"black_iron_greataxe_44","from":[7.75,15.625,7.75],"to":[8,16.75,8.25],"rotation":{"angle":0,"axis":"y","origin":[-1.375,0,7.9375]},"faces":{"north":{"uv":[7.125,2,6.875,3.125],"texture":"#0"},"east":{"uv":[7,2,7.125,3.125],"texture":"#0"},"south":{"uv":[6.875,2,7.125,3.125],"texture":"#0"},"west":{"uv":[6.875,2,7,3.125],"texture":"#0"},"up":{"uv":[6.875,2,7.125,2.125],"texture":"#0"},"down":{"uv":[6.875,3,7.125,3.125],"texture":"#0"}}},{"name":"black_iron_greataxe_45","from":[5.125,16.75,7.96875],"to":[5.625,17.25,8.03125],"rotation":{"angle":0,"axis":"y","origin":[-1.375,0,7.9375]},"faces":{"north":{"uv":[1.375,2.125,0.875,2.625],"texture":"#0"},"east":{"uv":[1.25,2.125,1.375,2.625],"texture":"#0"},"south":{"uv":[0.875,2.125,1.375,2.625],"texture":"#0"},"west":{"uv":[0.875,2.125,1,2.625],"texture":"#0"},"up":{"uv":[0.875,2.125,1.375,2.25],"texture":"#0"},"down":{"uv":[0.875,2.5,1.375,2.625],"texture":"#0"}}},{"name":"black_iron_greataxe_46","from":[6.875,13.75,7.84375],"to":[7.125,17.25,8.15625],"rotation":{"angle":0,"axis":"y","origin":[-1.375,0,7.9375]},"faces":{"north":{"uv":[5.5,2.125,5.25,5.625],"texture":"#0"},"east":{"uv":[5.375,2.125,5.5,5.625],"texture":"#0"},"south":{"uv":[5.25,2.125,5.5,5.625],"texture":"#0"},"west":{"uv":[5.25,2.125,5.375,5.625],"texture":"#0"},"up":{"uv":[5.25,2.125,5.5,2.25],"texture":"#0"},"down":{"uv":[5.25,5.5,5.5,5.625],"texture":"#0"}}},{"name":"black_iron_greataxe_47","from":[8,15.75,7.75],"to":[8.25,16.625,8.25],"rotation":{"angle":0,"axis":"y","origin":[-1.375,0,7.9375]},"faces":{"north":{"uv":[7.375,2.125,7.125,3],"texture":"#0"},"east":{"uv":[7.25,2.125,7.375,3],"texture":"#0"},"south":{"uv":[7.125,2.125,7.375,3],"texture":"#0"},"west":{"uv":[7.125,2.125,7.25,3],"texture":"#0"},"up":{"uv":[7.125,2.125,7.375,2.25],"texture":"#0"},"down":{"uv":[7.125,2.875,7.375,3],"texture":"#0"}}},{"name":"black_iron_greataxe_48","from":[10.375,17.25,7.96875],"to":[10.5,17.625,8.03125],"rotation":{"angle":0,"axis":"y","origin":[-1.375,0,7.9375]},"faces":{"north":{"uv":[14.375,2.125,14.25,2.5],"texture":"#0"},"east":{"uv":[14.25,2.125,14.375,2.5],"texture":"#0"},"south":{"uv":[14.25,2.125,14.375,2.5],"texture":"#0"},"west":{"uv":[14.25,2.125,14.375,2.5],"texture":"#0"},"up":{"uv":[14.25,2.125,14.375,2.25],"texture":"#0"},"down":{"uv":[14.25,2.375,14.375,2.5],"texture":"#0"}}},{"name":"black_iron_greataxe_49","from":[6.625,17,7.90625],"to":[6.75,17.125,8.09375],"rotation":{"angle":0,"axis":"y","origin":[-1.375,0,7.9375]},"faces":{"north":{"uv":[4,2.25,3.875,2.375],"texture":"#0"},"east":{"uv":[3.875,2.25,4,2.375],"texture":"#0"},"south":{"uv":[3.875,2.25,4,2.375],"texture":"#0"},"west":{"uv":[3.875,2.25,4,2.375],"texture":"#0"},"up":{"uv":[3.875,2.25,4,2.375],"texture":"#0"},"down":{"uv":[3.875,2.25,4,2.375],"texture":"#0"}}},{"name":"black_iron_greataxe_50","from":[6.75,13.875,7.84375],"to":[6.875,17.125,8.15625],"rotation":{"angle":0,"axis":"y","origin":[-1.375,0,7.9375]},"faces":{"north":{"uv":[5.25,2.25,5.125,5.5],"texture":"#0"},"east":{"uv":[5.125,2.25,5.25,5.5],"texture":"#0"},"south":{"uv":[5.125,2.25,5.25,5.5],"texture":"#0"},"west":{"uv":[5.125,2.25,5.25,5.5],"texture":"#0"},"up":{"uv":[5.125,2.25,5.25,2.375],"texture":"#0"},"down":{"uv":[5.125,5.375,5.25,5.5],"texture":"#0"}}},{"name":"black_iron_greataxe_51","from":[8.25,15.875,7.75],"to":[9.75,16.5,8.25],"rotation":{"angle":0,"axis":"y","origin":[-1.375,0,7.9375]},"faces":{"north":{"uv":[8.875,2.25,7.375,2.875],"texture":"#0"},"east":{"uv":[8.75,2.25,8.875,2.875],"texture":"#0"},"south":{"uv":[7.375,2.25,8.875,2.875],"texture":"#0"},"west":{"uv":[7.375,2.25,7.5,2.875],"texture":"#0"},"up":{"uv":[7.375,2.25,8.875,2.375],"texture":"#0"},"down":{"uv":[7.375,2.75,8.875,2.875],"texture":"#0"}}},{"name":"black_iron_greataxe_52","from":[9.75,16,7.75],"to":[9.875,16.5,8.25],"rotation":{"angle":0,"axis":"y","origin":[-1.375,0,7.9375]},"faces":{"north":{"uv":[9,2.25,8.875,2.75],"texture":"#0"},"east":{"uv":[8.875,2.25,9,2.75],"texture":"#0"},"south":{"uv":[8.875,2.25,9,2.75],"texture":"#0"},"west":{"uv":[8.875,2.25,9,2.75],"texture":"#0"},"up":{"uv":[8.875,2.25,9,2.375],"texture":"#0"},"down":{"uv":[8.875,2.625,9,2.75],"texture":"#0"}}},{"name":"black_iron_greataxe_53","from":[8.5,12.875,7.75],"to":[9.125,13,8.25],"rotation":{"angle":0,"axis":"y","origin":[-1.375,0,7.9375]},"faces":{"north":{"uv":[10.5,2.25,9.875,2.375],"texture":"#0"},"east":{"uv":[10.375,2.25,10.5,2.375],"texture":"#0"},"south":{"uv":[9.875,2.25,10.5,2.375],"texture":"#0"},"west":{"uv":[9.875,2.25,10,2.375],"texture":"#0"},"up":{"uv":[9.875,2.25,10.5,2.375],"texture":"#0"},"down":{"uv":[9.875,2.25,10.5,2.375],"texture":"#0"}}},{"name":"black_iron_greataxe_54","from":[10.5,17.125,7.96875],"to":[10.625,17.5,8.03125],"rotation":{"angle":0,"axis":"y","origin":[-1.375,0,7.9375]},"faces":{"north":{"uv":[14.5,2.25,14.375,2.625],"texture":"#0"},"east":{"uv":[14.375,2.25,14.5,2.625],"texture":"#0"},"south":{"uv":[14.375,2.25,14.5,2.625],"texture":"#0"},"west":{"uv":[14.375,2.25,14.5,2.625],"texture":"#0"},"up":{"uv":[14.375,2.25,14.5,2.375],"texture":"#0"},"down":{"uv":[14.375,2.5,14.5,2.625],"texture":"#0"}}},{"name":"black_iron_greataxe_55","from":[5,14.375,7.96875],"to":[5.125,17,8.03125],"rotation":{"angle":0,"axis":"y","origin":[-1.375,0,7.9375]},"faces":{"north":{"uv":[0.875,2.375,0.75,5],"texture":"#0"},"east":{"uv":[0.75,2.375,0.875,5],"texture":"#0"},"south":{"uv":[0.75,2.375,0.875,5],"texture":"#0"},"west":{"uv":[0.75,2.375,0.875,5],"texture":"#0"},"up":{"uv":[0.75,2.375,0.875,2.5],"texture":"#0"},"down":{"uv":[0.75,4.875,0.875,5],"texture":"#0"}}},{"name":"black_iron_greataxe_56","from":[5.875,16.875,7.96875],"to":[6,17,8.03125],"rotation":{"angle":0,"axis":"y","origin":[-1.375,0,7.9375]},"faces":{"north":{"uv":[1.75,2.375,1.625,2.5],"texture":"#0"},"east":{"uv":[1.625,2.375,1.75,2.5],"texture":"#0"},"south":{"uv":[1.625,2.375,1.75,2.5],"texture":"#0"},"west":{"uv":[1.625,2.375,1.75,2.5],"texture":"#0"},"up":{"uv":[1.625,2.375,1.75,2.5],"texture":"#0"},"down":{"uv":[1.625,2.375,1.75,2.5],"texture":"#0"}}},{"name":"black_iron_greataxe_57","from":[6,13.5,7.90625],"to":[6.125,17,8.09375],"rotation":{"angle":0,"axis":"y","origin":[-1.375,0,7.9375]},"faces":{"north":{"uv":[3.375,2.375,3.25,5.875],"texture":"#0"},"east":{"uv":[3.25,2.375,3.375,5.875],"texture":"#0"},"south":{"uv":[3.25,2.375,3.375,5.875],"texture":"#0"},"west":{"uv":[3.25,2.375,3.375,5.875],"texture":"#0"},"up":{"uv":[3.25,2.375,3.375,2.5],"texture":"#0"},"down":{"uv":[3.25,5.75,3.375,5.875],"texture":"#0"}}},{"name":"black_iron_greataxe_58","from":[6.625,14,7.84375],"to":[6.75,17,8.15625],"rotation":{"angle":0,"axis":"y","origin":[-1.375,0,7.9375]},"faces":{"north":{"uv":[5.125,2.375,5,5.375],"texture":"#0"},"east":{"uv":[5,2.375,5.125,5.375],"texture":"#0"},"south":{"uv":[5,2.375,5.125,5.375],"texture":"#0"},"west":{"uv":[5,2.375,5.125,5.375],"texture":"#0"},"up":{"uv":[5,2.375,5.125,2.5],"texture":"#0"},"down":{"uv":[5,5.25,5.125,5.375],"texture":"#0"}}},{"name":"black_iron_greataxe_59","from":[8.625,12.25,7.8125],"to":[9,12.875,8.1875],"rotation":{"angle":0,"axis":"y","origin":[-1.375,0,7.9375]},"faces":{"north":{"uv":[11.5,2.375,11.125,3],"texture":"#0"},"east":{"uv":[11.375,2.375,11.5,3],"texture":"#0"},"south":{"uv":[11.125,2.375,11.5,3],"texture":"#0"},"west":{"uv":[11.125,2.375,11.25,3],"texture":"#0"},"up":{"uv":[11.125,2.375,11.5,2.5],"texture":"#0"},"down":{"uv":[11.125,2.875,11.5,3],"texture":"#0"}}},{"name":"black_iron_greataxe_60","from":[10.625,16.875,7.96875],"to":[10.75,17.375,8.03125],"rotation":{"angle":0,"axis":"y","origin":[-1.375,0,7.9375]},"faces":{"north":{"uv":[14.625,2.375,14.5,2.875],"texture":"#0"},"east":{"uv":[14.5,2.375,14.625,2.875],"texture":"#0"},"south":{"uv":[14.5,2.375,14.625,2.875],"texture":"#0"},"west":{"uv":[14.5,2.375,14.625,2.875],"texture":"#0"},"up":{"uv":[14.5,2.375,14.625,2.5],"texture":"#0"},"down":{"uv":[14.5,2.75,14.625,2.875],"texture":"#0"}}},{"name":"black_iron_greataxe_61","from":[5.875,13.75,7.90625],"to":[6,16.875,8.09375],"rotation":{"angle":0,"axis":"y","origin":[-1.375,0,7.9375]},"faces":{"north":{"uv":[3.25,2.5,3.125,5.625],"texture":"#0"},"east":{"uv":[3.125,2.5,3.25,5.625],"texture":"#0"},"south":{"uv":[3.125,2.5,3.25,5.625],"texture":"#0"},"west":{"uv":[3.125,2.5,3.25,5.625],"texture":"#0"},"up":{"uv":[3.125,2.5,3.25,2.625],"texture":"#0"},"down":{"uv":[3.125,5.5,3.25,5.625],"texture":"#0"}}},{"name":"black_iron_greataxe_62","from":[7.625,15.25,7.84375],"to":[7.75,16.875,8.15625],"rotation":{"angle":0,"axis":"y","origin":[-1.375,0,7.9375]},"faces":{"north":{"uv":[6.125,2.5,6,4.125],"texture":"#0"},"east":{"uv":[6,2.5,6.125,4.125],"texture":"#0"},"south":{"uv":[6,2.5,6.125,4.125],"texture":"#0"},"west":{"uv":[6,2.5,6.125,4.125],"texture":"#0"},"up":{"uv":[6,2.5,6.125,2.625],"texture":"#0"},"down":{"uv":[6,4,6.125,4.125],"texture":"#0"}}},{"name":"black_iron_greataxe_63","from":[10.375,16.75,7.90625],"to":[10.5,17.25,8.09375],"rotation":{"angle":0,"axis":"y","origin":[-1.375,0,7.9375]},"faces":{"north":{"uv":[13.875,2.5,13.75,3],"texture":"#0"},"east":{"uv":[13.75,2.5,13.875,3],"texture":"#0"},"south":{"uv":[13.75,2.5,13.875,3],"texture":"#0"},"west":{"uv":[13.75,2.5,13.875,3],"texture":"#0"},"up":{"uv":[13.75,2.5,13.875,2.625],"texture":"#0"},"down":{"uv":[13.75,2.875,13.875,3],"texture":"#0"}}},{"name":"black_iron_greataxe_64","from":[10.75,16.625,7.96875],"to":[10.875,17.25,8.03125],"rotation":{"angle":0,"axis":"y","origin":[-1.375,0,7.9375]},"faces":{"north":{"uv":[14.75,2.5,14.625,3.125],"texture":"#0"},"east":{"uv":[14.625,2.5,14.75,3.125],"texture":"#0"},"south":{"uv":[14.625,2.5,14.75,3.125],"texture":"#0"},"west":{"uv":[14.625,2.5,14.75,3.125],"texture":"#0"},"up":{"uv":[14.625,2.5,14.75,2.625],"texture":"#0"},"down":{"uv":[14.625,3,14.75,3.125],"texture":"#0"}}},{"name":"black_iron_greataxe_65","from":[5.125,16.375,7.96875],"to":[5.5,16.75,8.03125],"rotation":{"angle":0,"axis":"y","origin":[-1.375,0,7.9375]},"faces":{"north":{"uv":[1.25,2.625,0.875,3],"texture":"#0"},"east":{"uv":[1.125,2.625,1.25,3],"texture":"#0"},"south":{"uv":[0.875,2.625,1.25,3],"texture":"#0"},"west":{"uv":[0.875,2.625,1,3],"texture":"#0"},"up":{"uv":[0.875,2.625,1.25,2.75],"texture":"#0"},"down":{"uv":[0.875,2.875,1.25,3],"texture":"#0"}}},{"name":"black_iron_greataxe_66","from":[5.5,14.625,7.90625],"to":[5.875,16.75,8.09375],"rotation":{"angle":0,"axis":"y","origin":[-1.375,0,7.9375]},"faces":{"north":{"uv":[3.125,2.625,2.75,4.75],"texture":"#0"},"east":{"uv":[3,2.625,3.125,4.75],"texture":"#0"},"south":{"uv":[2.75,2.625,3.125,4.75],"texture":"#0"},"west":{"uv":[2.75,2.625,2.875,4.75],"texture":"#0"},"up":{"uv":[2.75,2.625,3.125,2.75],"texture":"#0"},"down":{"uv":[2.75,4.625,3.125,4.75],"texture":"#0"}}},{"name":"black_iron_greataxe_67","from":[6.375,16.625,7.90625],"to":[6.5,16.75,8.09375],"rotation":{"angle":0,"axis":"y","origin":[-1.375,0,7.9375]},"faces":{"north":{"uv":[3.75,2.625,3.625,2.75],"texture":"#0"},"east":{"uv":[3.625,2.625,3.75,2.75],"texture":"#0"},"south":{"uv":[3.625,2.625,3.75,2.75],"texture":"#0"},"west":{"uv":[3.625,2.625,3.75,2.75],"texture":"#0"},"up":{"uv":[3.625,2.625,3.75,2.75],"texture":"#0"},"down":{"uv":[3.625,2.625,3.75,2.75],"texture":"#0"}}},{"name":"black_iron_greataxe_68","from":[6.5,14.5,7.84375],"to":[6.625,16.75,8.15625],"rotation":{"angle":0,"axis":"y","origin":[-1.375,0,7.9375]},"faces":{"north":{"uv":[5,2.625,4.875,4.875],"texture":"#0"},"east":{"uv":[4.875,2.625,5,4.875],"texture":"#0"},"south":{"uv":[4.875,2.625,5,4.875],"texture":"#0"},"west":{"uv":[4.875,2.625,5,4.875],"texture":"#0"},"up":{"uv":[4.875,2.625,5,2.75],"texture":"#0"},"down":{"uv":[4.875,4.75,5,4.875],"texture":"#0"}}},{"name":"black_iron_greataxe_69","from":[10.25,15.5,7.84375],"to":[10.375,17.125,8.15625],"rotation":{"angle":0,"axis":"y","origin":[-1.375,0,7.9375]},"faces":{"north":{"uv":[13.25,2.625,13.125,4.25],"texture":"#0"},"east":{"uv":[13.125,2.625,13.25,4.25],"texture":"#0"},"south":{"uv":[13.125,2.625,13.25,4.25],"texture":"#0"},"west":{"uv":[13.125,2.625,13.25,4.25],"texture":"#0"},"up":{"uv":[13.125,2.625,13.25,2.75],"texture":"#0"},"down":{"uv":[13.125,4.125,13.25,4.25],"texture":"#0"}}},{"name":"black_iron_greataxe_70","from":[10.5,16.5,7.90625],"to":[10.625,17.125,8.09375],"rotation":{"angle":0,"axis":"y","origin":[-1.375,0,7.9375]},"faces":{"north":{"uv":[14,2.625,13.875,3.25],"texture":"#0"},"east":{"uv":[13.875,2.625,14,3.25],"texture":"#0"},"south":{"uv":[13.875,2.625,14,3.25],"texture":"#0"},"west":{"uv":[13.875,2.625,14,3.25],"texture":"#0"},"up":{"uv":[13.875,2.625,14,2.75],"texture":"#0"},"down":{"uv":[13.875,3.125,14,3.25],"texture":"#0"}}},{"name":"black_iron_greataxe_71","from":[4.875,14.875,7.96875],"to":[5,16.625,8.03125],"rotation":{"angle":0,"axis":"y","origin":[-1.375,0,7.9375]},"faces":{"north":{"uv":[0.75,2.75,0.625,4.5],"texture":"#0"},"east":{"uv":[0.625,2.75,0.75,4.5],"texture":"#0"},"south":{"uv":[0.625,2.75,0.75,4.5],"texture":"#0"},"west":{"uv":[0.625,2.75,0.75,4.5],"texture":"#0"},"up":{"uv":[0.625,2.75,0.75,2.875],"texture":"#0"},"down":{"uv":[0.625,4.375,0.75,4.5],"texture":"#0"}}},{"name":"black_iron_greataxe_72","from":[6.375,14.625,7.84375],"to":[6.5,16.625,8.15625],"rotation":{"angle":0,"axis":"y","origin":[-1.375,0,7.9375]},"faces":{"north":{"uv":[4.875,2.75,4.75,4.75],"texture":"#0"},"east":{"uv":[4.75,2.75,4.875,4.75],"texture":"#0"},"south":{"uv":[4.75,2.75,4.875,4.75],"texture":"#0"},"west":{"uv":[4.75,2.75,4.875,4.75],"texture":"#0"},"up":{"uv":[4.75,2.75,4.875,2.875],"texture":"#0"},"down":{"uv":[4.75,4.625,4.875,4.75],"texture":"#0"}}},{"name":"black_iron_greataxe_73","from":[10.125,15.625,7.84375],"to":[10.25,17,8.15625],"rotation":{"angle":0,"axis":"y","origin":[-1.375,0,7.9375]},"faces":{"north":{"uv":[13.125,2.75,13,4.125],"texture":"#0"},"east":{"uv":[13,2.75,13.125,4.125],"texture":"#0"},"south":{"uv":[13,2.75,13.125,4.125],"texture":"#0"},"west":{"uv":[13,2.75,13.125,4.125],"texture":"#0"},"up":{"uv":[13,2.75,13.125,2.875],"texture":"#0"},"down":{"uv":[13,4,13.125,4.125],"texture":"#0"}}},{"name":"black_iron_greataxe_74","from":[10.875,15.125,7.96875],"to":[11,17,8.03125],"rotation":{"angle":0,"axis":"y","origin":[-1.375,0,7.9375]},"faces":{"north":{"uv":[14.875,2.75,14.75,4.625],"texture":"#0"},"east":{"uv":[14.75,2.75,14.875,4.625],"texture":"#0"},"south":{"uv":[14.75,2.75,14.875,4.625],"texture":"#0"},"west":{"uv":[14.75,2.75,14.875,4.625],"texture":"#0"},"up":{"uv":[14.75,2.75,14.875,2.875],"texture":"#0"},"down":{"uv":[14.75,4.5,14.875,4.625],"texture":"#0"}}},{"name":"black_iron_greataxe_75","from":[6.125,16.125,7.90625],"to":[6.25,16.5,8.09375],"rotation":{"angle":0,"axis":"y","origin":[-1.375,0,7.9375]},"faces":{"north":{"uv":[3.5,2.875,3.375,3.25],"texture":"#0"},"east":{"uv":[3.375,2.875,3.5,3.25],"texture":"#0"},"south":{"uv":[3.375,2.875,3.5,3.25],"texture":"#0"},"west":{"uv":[3.375,2.875,3.5,3.25],"texture":"#0"},"up":{"uv":[3.375,2.875,3.5,3],"texture":"#0"},"down":{"uv":[3.375,3.125,3.5,3.25],"texture":"#0"}}},{"name":"black_iron_greataxe_76","from":[6.25,14.875,7.84375],"to":[6.375,16.5,8.15625],"rotation":{"angle":0,"axis":"y","origin":[-1.375,0,7.9375]},"faces":{"north":{"uv":[4.75,2.875,4.625,4.5],"texture":"#0"},"east":{"uv":[4.625,2.875,4.75,4.5],"texture":"#0"},"south":{"uv":[4.625,2.875,4.75,4.5],"texture":"#0"},"west":{"uv":[4.625,2.875,4.75,4.5],"texture":"#0"},"up":{"uv":[4.625,2.875,4.75,3],"texture":"#0"},"down":{"uv":[4.625,4.375,4.75,4.5],"texture":"#0"}}},{"name":"black_iron_greataxe_77","from":[10.625,15.25,7.90625],"to":[10.75,16.875,8.09375],"rotation":{"angle":0,"axis":"y","origin":[-1.375,0,7.9375]},"faces":{"north":{"uv":[14.125,2.875,14,4.5],"texture":"#0"},"east":{"uv":[14,2.875,14.125,4.5],"texture":"#0"},"south":{"uv":[14,2.875,14.125,4.5],"texture":"#0"},"west":{"uv":[14,2.875,14.125,4.5],"texture":"#0"},"up":{"uv":[14,2.875,14.125,3],"texture":"#0"},"down":{"uv":[14,4.375,14.125,4.5],"texture":"#0"}}},{"name":"black_iron_greataxe_78","from":[5.125,14,7.96875],"to":[5.375,16.375,8.03125],"rotation":{"angle":0,"axis":"y","origin":[-1.375,0,7.9375]},"faces":{"north":{"uv":[1.125,3,0.875,5.375],"texture":"#0"},"east":{"uv":[1,3,1.125,5.375],"texture":"#0"},"south":{"uv":[0.875,3,1.125,5.375],"texture":"#0"},"west":{"uv":[0.875,3,1,5.375],"texture":"#0"},"up":{"uv":[0.875,3,1.125,3.125],"texture":"#0"},"down":{"uv":[0.875,5.25,1.125,5.375],"texture":"#0"}}},{"name":"black_iron_greataxe_79","from":[5.375,15.125,7.90625],"to":[5.5,16.375,8.09375],"rotation":{"angle":0,"axis":"y","origin":[-1.375,0,7.9375]},"faces":{"north":{"uv":[2.75,3,2.625,4.25],"texture":"#0"},"east":{"uv":[2.625,3,2.75,4.25],"texture":"#0"},"south":{"uv":[2.625,3,2.75,4.25],"texture":"#0"},"west":{"uv":[2.625,3,2.75,4.25],"texture":"#0"},"up":{"uv":[2.625,3,2.75,3.125],"texture":"#0"},"down":{"uv":[2.625,4.125,2.75,4.25],"texture":"#0"}}},{"name":"black_iron_greataxe_80","from":[8.5,12.125,7.75],"to":[9.125,12.25,8.25],"rotation":{"angle":0,"axis":"y","origin":[-1.375,0,7.9375]},"faces":{"north":{"uv":[10.5,3,9.875,3.125],"texture":"#0"},"east":{"uv":[10.375,3,10.5,3.125],"texture":"#0"},"south":{"uv":[9.875,3,10.5,3.125],"texture":"#0"},"west":{"uv":[9.875,3,10,3.125],"texture":"#0"},"up":{"uv":[9.875,3,10.5,3.125],"texture":"#0"},"down":{"uv":[9.875,3,10.5,3.125],"texture":"#0"}}},{"name":"black_iron_greataxe_81","from":[10.375,15.375,7.84375],"to":[10.5,16.75,8.15625],"rotation":{"angle":0,"axis":"y","origin":[-1.375,0,7.9375]},"faces":{"north":{"uv":[13.375,3,13.25,4.375],"texture":"#0"},"east":{"uv":[13.25,3,13.375,4.375],"texture":"#0"},"south":{"uv":[13.25,3,13.375,4.375],"texture":"#0"},"west":{"uv":[13.25,3,13.375,4.375],"texture":"#0"},"up":{"uv":[13.25,3,13.375,3.125],"texture":"#0"},"down":{"uv":[13.25,4.25,13.375,4.375],"texture":"#0"}}},{"name":"black_iron_greataxe_82","from":[11,15.375,7.96875],"to":[11.125,16.75,8.03125],"rotation":{"angle":0,"axis":"y","origin":[-1.375,0,7.9375]},"faces":{"north":{"uv":[15,3,14.875,4.375],"texture":"#0"},"east":{"uv":[14.875,3,15,4.375],"texture":"#0"},"south":{"uv":[14.875,3,15,4.375],"texture":"#0"},"west":{"uv":[14.875,3,15,4.375],"texture":"#0"},"up":{"uv":[14.875,3,15,3.125],"texture":"#0"},"down":{"uv":[14.875,4.25,15,4.375],"texture":"#0"}}},{"name":"black_iron_greataxe_83","from":[8.25,15.25,7.8125],"to":[9.25,15.875,8.1875],"rotation":{"angle":0,"axis":"y","origin":[-1.375,0,7.9375]},"faces":{"north":{"uv":[8.375,3.125,7.375,3.75],"texture":"#0"},"east":{"uv":[8.25,3.125,8.375,3.75],"texture":"#0"},"south":{"uv":[7.375,3.125,8.375,3.75],"texture":"#0"},"west":{"uv":[7.375,3.125,7.5,3.75],"texture":"#0"},"up":{"uv":[7.375,3.125,8.375,3.25],"texture":"#0"},"down":{"uv":[7.375,3.625,8.375,3.75],"texture":"#0"}}},{"name":"black_iron_greataxe_84","from":[9.25,15.5,7.8125],"to":[9.5,15.875,8.1875],"rotation":{"angle":0,"axis":"y","origin":[-1.375,0,7.9375]},"faces":{"north":{"uv":[8.625,3.125,8.375,3.5],"texture":"#0"},"east":{"uv":[8.5,3.125,8.625,3.5],"texture":"#0"},"south":{"uv":[8.375,3.125,8.625,3.5],"texture":"#0"},"west":{"uv":[8.375,3.125,8.5,3.5],"texture":"#0"},"up":{"uv":[8.375,3.125,8.625,3.25],"texture":"#0"},"down":{"uv":[8.375,3.375,8.625,3.5],"texture":"#0"}}},{"name":"black_iron_greataxe_85","from":[9.5,15.75,7.8125],"to":[9.625,15.875,8.1875],"rotation":{"angle":0,"axis":"y","origin":[-1.375,0,7.9375]},"faces":{"north":{"uv":[8.75,3.125,8.625,3.25],"texture":"#0"},"east":{"uv":[8.625,3.125,8.75,3.25],"texture":"#0"},"south":{"uv":[8.625,3.125,8.75,3.25],"texture":"#0"},"west":{"uv":[8.625,3.125,8.75,3.25],"texture":"#0"},"up":{"uv":[8.625,3.125,8.75,3.25],"texture":"#0"},"down":{"uv":[8.625,3.125,8.75,3.25],"texture":"#0"}}},{"name":"black_iron_greataxe_86","from":[8.625,11.5,7.8125],"to":[9,12.125,8.1875],"rotation":{"angle":0,"axis":"y","origin":[-1.375,0,7.9375]},"faces":{"north":{"uv":[11.5,3.125,11.125,3.75],"texture":"#0"},"east":{"uv":[11.375,3.125,11.5,3.75],"texture":"#0"},"south":{"uv":[11.125,3.125,11.5,3.75],"texture":"#0"},"west":{"uv":[11.125,3.125,11.25,3.75],"texture":"#0"},"up":{"uv":[11.125,3.125,11.5,3.25],"texture":"#0"},"down":{"uv":[11.125,3.625,11.5,3.75],"texture":"#0"}}},{"name":"black_iron_greataxe_87","from":[10,15.625,7.84375],"to":[10.125,16.625,8.15625],"rotation":{"angle":0,"axis":"y","origin":[-1.375,0,7.9375]},"faces":{"north":{"uv":[13,3.125,12.875,4.125],"texture":"#0"},"east":{"uv":[12.875,3.125,13,4.125],"texture":"#0"},"south":{"uv":[12.875,3.125,13,4.125],"texture":"#0"},"west":{"uv":[12.875,3.125,13,4.125],"texture":"#0"},"up":{"uv":[12.875,3.125,13,3.25],"texture":"#0"},"down":{"uv":[12.875,4,13,4.125],"texture":"#0"}}},{"name":"black_iron_greataxe_88","from":[10.75,15.5,7.90625],"to":[10.875,16.625,8.09375],"rotation":{"angle":0,"axis":"y","origin":[-1.375,0,7.9375]},"faces":{"north":{"uv":[14.25,3.125,14.125,4.25],"texture":"#0"},"east":{"uv":[14.125,3.125,14.25,4.25],"texture":"#0"},"south":{"uv":[14.125,3.125,14.25,4.25],"texture":"#0"},"west":{"uv":[14.125,3.125,14.25,4.25],"texture":"#0"},"up":{"uv":[14.125,3.125,14.25,3.25],"texture":"#0"},"down":{"uv":[14.125,4.125,14.25,4.25],"texture":"#0"}}},{"name":"black_iron_greataxe_89","from":[6.125,15.375,7.84375],"to":[6.25,16.125,8.15625],"rotation":{"angle":0,"axis":"y","origin":[-1.375,0,7.9375]},"faces":{"north":{"uv":[4.625,3.25,4.5,4],"texture":"#0"},"east":{"uv":[4.5,3.25,4.625,4],"texture":"#0"},"south":{"uv":[4.5,3.25,4.625,4],"texture":"#0"},"west":{"uv":[4.5,3.25,4.625,4],"texture":"#0"},"up":{"uv":[4.5,3.25,4.625,3.375],"texture":"#0"},"down":{"uv":[4.5,3.875,4.625,4],"texture":"#0"}}},{"name":"black_iron_greataxe_90","from":[8,15.125,7.8125],"to":[8.25,15.75,8.1875],"rotation":{"angle":0,"axis":"y","origin":[-1.375,0,7.9375]},"faces":{"north":{"uv":[7.375,3.25,7.125,3.875],"texture":"#0"},"east":{"uv":[7.25,3.25,7.375,3.875],"texture":"#0"},"south":{"uv":[7.125,3.25,7.375,3.875],"texture":"#0"},"west":{"uv":[7.125,3.25,7.25,3.875],"texture":"#0"},"up":{"uv":[7.125,3.25,7.375,3.375],"texture":"#0"},"down":{"uv":[7.125,3.75,7.375,3.875],"texture":"#0"}}},{"name":"black_iron_greataxe_91","from":[9.875,15.625,7.84375],"to":[10,16.5,8.15625],"rotation":{"angle":0,"axis":"y","origin":[-1.375,0,7.9375]},"faces":{"north":{"uv":[12.875,3.25,12.75,4.125],"texture":"#0"},"east":{"uv":[12.75,3.25,12.875,4.125],"texture":"#0"},"south":{"uv":[12.75,3.25,12.875,4.125],"texture":"#0"},"west":{"uv":[12.75,3.25,12.875,4.125],"texture":"#0"},"up":{"uv":[12.75,3.25,12.875,3.375],"texture":"#0"},"down":{"uv":[12.75,4,12.875,4.125],"texture":"#0"}}},{"name":"black_iron_greataxe_92","from":[10.5,15.625,7.84375],"to":[10.625,16.5,8.15625],"rotation":{"angle":0,"axis":"y","origin":[-1.375,0,7.9375]},"faces":{"north":{"uv":[13.5,3.25,13.375,4.125],"texture":"#0"},"east":{"uv":[13.375,3.25,13.5,4.125],"texture":"#0"},"south":{"uv":[13.375,3.25,13.5,4.125],"texture":"#0"},"west":{"uv":[13.375,3.25,13.5,4.125],"texture":"#0"},"up":{"uv":[13.375,3.25,13.5,3.375],"texture":"#0"},"down":{"uv":[13.375,4,13.5,4.125],"texture":"#0"}}},{"name":"black_iron_greataxe_93","from":[9.25,15.375,7.8125],"to":[9.375,15.5,8.1875],"rotation":{"angle":0,"axis":"y","origin":[-1.375,0,7.9375]},"faces":{"north":{"uv":[8.5,3.5,8.375,3.625],"texture":"#0"},"east":{"uv":[8.375,3.5,8.5,3.625],"texture":"#0"},"south":{"uv":[8.375,3.5,8.5,3.625],"texture":"#0"},"west":{"uv":[8.375,3.5,8.5,3.625],"texture":"#0"},"up":{"uv":[8.375,3.5,8.5,3.625],"texture":"#0"},"down":{"uv":[8.375,3.5,8.5,3.625],"texture":"#0"}}},{"name":"black_iron_greataxe_94","from":[7.75,15.25,7.84375],"to":[8,15.625,8.15625],"rotation":{"angle":0,"axis":"y","origin":[-1.375,0,7.9375]},"faces":{"north":{"uv":[6.375,3.75,6.125,4.125],"texture":"#0"},"east":{"uv":[6.25,3.75,6.375,4.125],"texture":"#0"},"south":{"uv":[6.125,3.75,6.375,4.125],"texture":"#0"},"west":{"uv":[6.125,3.75,6.25,4.125],"texture":"#0"},"up":{"uv":[6.125,3.75,6.375,3.875],"texture":"#0"},"down":{"uv":[6.125,4,6.375,4.125],"texture":"#0"}}},{"name":"black_iron_greataxe_95","from":[8.5,11.375,7.75],"to":[9.125,11.5,8.25],"rotation":{"angle":0,"axis":"y","origin":[-1.375,0,7.9375]},"faces":{"north":{"uv":[10.5,3.75,9.875,3.875],"texture":"#0"},"east":{"uv":[10.375,3.75,10.5,3.875],"texture":"#0"},"south":{"uv":[9.875,3.75,10.5,3.875],"texture":"#0"},"west":{"uv":[9.875,3.75,10,3.875],"texture":"#0"},"up":{"uv":[9.875,3.75,10.5,3.875],"texture":"#0"},"down":{"uv":[9.875,3.75,10.5,3.875],"texture":"#0"}}},{"name":"black_iron_greataxe_96","from":[9.75,15.625,7.84375],"to":[9.875,16,8.15625],"rotation":{"angle":0,"axis":"y","origin":[-1.375,0,7.9375]},"faces":{"north":{"uv":[12.75,3.75,12.625,4.125],"texture":"#0"},"east":{"uv":[12.625,3.75,12.75,4.125],"texture":"#0"},"south":{"uv":[12.625,3.75,12.75,4.125],"texture":"#0"},"west":{"uv":[12.625,3.75,12.75,4.125],"texture":"#0"},"up":{"uv":[12.625,3.75,12.75,3.875],"texture":"#0"},"down":{"uv":[12.625,4,12.75,4.125],"texture":"#0"}}},{"name":"black_iron_greataxe_97","from":[8,15,7.8125],"to":[8.125,15.125,8.1875],"rotation":{"angle":0,"axis":"y","origin":[-1.375,0,7.9375]},"faces":{"north":{"uv":[7.25,3.875,7.125,4],"texture":"#0"},"east":{"uv":[7.125,3.875,7.25,4],"texture":"#0"},"south":{"uv":[7.125,3.875,7.25,4],"texture":"#0"},"west":{"uv":[7.125,3.875,7.25,4],"texture":"#0"},"up":{"uv":[7.125,3.875,7.25,4],"texture":"#0"},"down":{"uv":[7.125,3.875,7.25,4],"texture":"#0"}}},{"name":"black_iron_greataxe_98","from":[8.625,10.75,7.8125],"to":[9,11.375,8.1875],"rotation":{"angle":0,"axis":"y","origin":[-1.375,0,7.9375]},"faces":{"north":{"uv":[11.5,3.875,11.125,4.5],"texture":"#0"},"east":{"uv":[11.375,3.875,11.5,4.5],"texture":"#0"},"south":{"uv":[11.125,3.875,11.5,4.5],"texture":"#0"},"west":{"uv":[11.125,3.875,11.25,4.5],"texture":"#0"},"up":{"uv":[11.125,3.875,11.5,4],"texture":"#0"},"down":{"uv":[11.125,4.375,11.5,4.5],"texture":"#0"}}},{"name":"black_iron_greataxe_99","from":[9.625,15.625,7.84375],"to":[9.75,15.875,8.15625],"rotation":{"angle":0,"axis":"y","origin":[-1.375,0,7.9375]},"faces":{"north":{"uv":[12.625,3.875,12.5,4.125],"texture":"#0"},"east":{"uv":[12.5,3.875,12.625,4.125],"texture":"#0"},"south":{"uv":[12.5,3.875,12.625,4.125],"texture":"#0"},"west":{"uv":[12.5,3.875,12.625,4.125],"texture":"#0"},"up":{"uv":[12.5,3.875,12.625,4],"texture":"#0"},"down":{"uv":[12.5,4,12.625,4.125],"texture":"#0"}}},{"name":"black_iron_greataxe_100","from":[6.125,13.5,7.90625],"to":[6.25,15.375,8.09375],"rotation":{"angle":0,"axis":"y","origin":[-1.375,0,7.9375]},"faces":{"north":{"uv":[3.5,4,3.375,5.875],"texture":"#0"},"east":{"uv":[3.375,4,3.5,5.875],"texture":"#0"},"south":{"uv":[3.375,4,3.5,5.875],"texture":"#0"},"west":{"uv":[3.375,4,3.5,5.875],"texture":"#0"},"up":{"uv":[3.375,4,3.5,4.125],"texture":"#0"},"down":{"uv":[3.375,5.75,3.5,5.875],"texture":"#0"}}},{"name":"black_iron_greataxe_101","from":[9.5,15.625,7.84375],"to":[9.625,15.75,8.15625],"rotation":{"angle":0,"axis":"y","origin":[-1.375,0,7.9375]},"faces":{"north":{"uv":[12.5,4,12.375,4.125],"texture":"#0"},"east":{"uv":[12.375,4,12.5,4.125],"texture":"#0"},"south":{"uv":[12.375,4,12.5,4.125],"texture":"#0"},"west":{"uv":[12.375,4,12.5,4.125],"texture":"#0"},"up":{"uv":[12.375,4,12.5,4.125],"texture":"#0"},"down":{"uv":[12.375,4,12.5,4.125],"texture":"#0"}}},{"name":"black_iron_greataxe_102","from":[10.5,15.125,7.90625],"to":[10.625,15.625,8.09375],"rotation":{"angle":0,"axis":"y","origin":[-1.375,0,7.9375]},"faces":{"north":{"uv":[14,4.125,13.875,4.625],"texture":"#0"},"east":{"uv":[13.875,4.125,14,4.625],"texture":"#0"},"south":{"uv":[13.875,4.125,14,4.625],"texture":"#0"},"west":{"uv":[13.875,4.125,14,4.625],"texture":"#0"},"up":{"uv":[13.875,4.125,14,4.25],"texture":"#0"},"down":{"uv":[13.875,4.5,14,4.625],"texture":"#0"}}},{"name":"black_iron_greataxe_103","from":[5.375,13.5,7.96875],"to":[5.5,15.125,8.03125],"rotation":{"angle":0,"axis":"y","origin":[-1.375,0,7.9375]},"faces":{"north":{"uv":[1.25,4.25,1.125,5.875],"texture":"#0"},"east":{"uv":[1.125,4.25,1.25,5.875],"texture":"#0"},"south":{"uv":[1.125,4.25,1.25,5.875],"texture":"#0"},"west":{"uv":[1.125,4.25,1.25,5.875],"texture":"#0"},"up":{"uv":[1.125,4.25,1.25,4.375],"texture":"#0"},"down":{"uv":[1.125,5.75,1.25,5.875],"texture":"#0"}}},{"name":"black_iron_greataxe_104","from":[7.125,14.875,7.84375],"to":[7.5,15.125,8.15625],"rotation":{"angle":0,"axis":"y","origin":[-1.375,0,7.9375]},"faces":{"north":{"uv":[5.875,4.25,5.5,4.5],"texture":"#0"},"east":{"uv":[5.75,4.25,5.875,4.5],"texture":"#0"},"south":{"uv":[5.5,4.25,5.875,4.5],"texture":"#0"},"west":{"uv":[5.5,4.25,5.625,4.5],"texture":"#0"},"up":{"uv":[5.5,4.25,5.875,4.375],"texture":"#0"},"down":{"uv":[5.5,4.375,5.875,4.5],"texture":"#0"}}},{"name":"black_iron_greataxe_105","from":[10.75,15,7.96875],"to":[10.875,15.5,8.03125],"rotation":{"angle":0,"axis":"y","origin":[-1.375,0,7.9375]},"faces":{"north":{"uv":[14.75,4.25,14.625,4.75],"texture":"#0"},"east":{"uv":[14.625,4.25,14.75,4.75],"texture":"#0"},"south":{"uv":[14.625,4.25,14.75,4.75],"texture":"#0"},"west":{"uv":[14.625,4.25,14.75,4.75],"texture":"#0"},"up":{"uv":[14.625,4.25,14.75,4.375],"texture":"#0"},"down":{"uv":[14.625,4.625,14.75,4.75],"texture":"#0"}}},{"name":"black_iron_greataxe_106","from":[6.25,13.375,7.90625],"to":[6.375,14.875,8.09375],"rotation":{"angle":0,"axis":"y","origin":[-1.375,0,7.9375]},"faces":{"north":{"uv":[3.625,4.5,3.5,6],"texture":"#0"},"east":{"uv":[3.5,4.5,3.625,6],"texture":"#0"},"south":{"uv":[3.5,4.5,3.625,6],"texture":"#0"},"west":{"uv":[3.5,4.5,3.625,6],"texture":"#0"},"up":{"uv":[3.5,4.5,3.625,4.625],"texture":"#0"},"down":{"uv":[3.5,5.875,3.625,6],"texture":"#0"}}},{"name":"black_iron_greataxe_107","from":[7.125,14.75,7.9375],"to":[7.375,14.875,8.0625],"rotation":{"angle":0,"axis":"y","origin":[-1.375,0,7.9375]},"faces":{"north":{"uv":[5.75,4.5,5.5,4.625],"texture":"#0"},"east":{"uv":[5.625,4.5,5.75,4.625],"texture":"#0"},"south":{"uv":[5.5,4.5,5.75,4.625],"texture":"#0"},"west":{"uv":[5.5,4.5,5.625,4.625],"texture":"#0"},"up":{"uv":[5.5,4.5,5.75,4.625],"texture":"#0"},"down":{"uv":[5.5,4.5,5.75,4.625],"texture":"#0"}}},{"name":"black_iron_greataxe_108","from":[8.375,15,7.8125],"to":[9.25,15.25,8.1875],"rotation":{"angle":0,"axis":"y","origin":[-1.375,0,7.9375]},"faces":{"north":{"uv":[8.375,4.5,7.5,4.75],"texture":"#0"},"east":{"uv":[8.25,4.5,8.375,4.75],"texture":"#0"},"south":{"uv":[7.5,4.5,8.375,4.75],"texture":"#0"},"west":{"uv":[7.5,4.5,7.625,4.75],"texture":"#0"},"up":{"uv":[7.5,4.5,8.375,4.625],"texture":"#0"},"down":{"uv":[7.5,4.625,8.375,4.75],"texture":"#0"}}},{"name":"black_iron_greataxe_109","from":[8.5,10.625,7.75],"to":[9.125,10.75,8.25],"rotation":{"angle":0,"axis":"y","origin":[-1.375,0,7.9375]},"faces":{"north":{"uv":[10.5,4.5,9.875,4.625],"texture":"#0"},"east":{"uv":[10.375,4.5,10.5,4.625],"texture":"#0"},"south":{"uv":[9.875,4.5,10.5,4.625],"texture":"#0"},"west":{"uv":[9.875,4.5,10,4.625],"texture":"#0"},"up":{"uv":[9.875,4.5,10.5,4.625],"texture":"#0"},"down":{"uv":[9.875,4.5,10.5,4.625],"texture":"#0"}}},{"name":"black_iron_greataxe_110","from":[10.625,14.75,7.96875],"to":[10.75,15.25,8.03125],"rotation":{"angle":0,"axis":"y","origin":[-1.375,0,7.9375]},"faces":{"north":{"uv":[14.625,4.5,14.5,5],"texture":"#0"},"east":{"uv":[14.5,4.5,14.625,5],"texture":"#0"},"south":{"uv":[14.5,4.5,14.625,5],"texture":"#0"},"west":{"uv":[14.5,4.5,14.625,5],"texture":"#0"},"up":{"uv":[14.5,4.5,14.625,4.625],"texture":"#0"},"down":{"uv":[14.5,4.875,14.625,5],"texture":"#0"}}},{"name":"black_iron_greataxe_111","from":[7.125,14.625,7.84375],"to":[7.25,14.75,8.15625],"rotation":{"angle":0,"axis":"y","origin":[-1.375,0,7.9375]},"faces":{"north":{"uv":[5.625,4.625,5.5,4.75],"texture":"#0"},"east":{"uv":[5.5,4.625,5.625,4.75],"texture":"#0"},"south":{"uv":[5.5,4.625,5.625,4.75],"texture":"#0"},"west":{"uv":[5.5,4.625,5.625,4.75],"texture":"#0"},"up":{"uv":[5.5,4.625,5.625,4.75],"texture":"#0"},"down":{"uv":[5.5,4.625,5.625,4.75],"texture":"#0"}}},{"name":"black_iron_greataxe_112","from":[8.625,10,7.8125],"to":[9,10.625,8.1875],"rotation":{"angle":0,"axis":"y","origin":[-1.375,0,7.9375]},"faces":{"north":{"uv":[11.5,4.625,11.125,5.25],"texture":"#0"},"east":{"uv":[11.375,4.625,11.5,5.25],"texture":"#0"},"south":{"uv":[11.125,4.625,11.5,5.25],"texture":"#0"},"west":{"uv":[11.125,4.625,11.25,5.25],"texture":"#0"},"up":{"uv":[11.125,4.625,11.5,4.75],"texture":"#0"},"down":{"uv":[11.125,5.125,11.5,5.25],"texture":"#0"}}},{"name":"black_iron_greataxe_113","from":[5.5,13.25,7.96875],"to":[5.625,14.625,8.03125],"rotation":{"angle":0,"axis":"y","origin":[-1.375,0,7.9375]},"faces":{"north":{"uv":[1.375,4.75,1.25,6.125],"texture":"#0"},"east":{"uv":[1.25,4.75,1.375,6.125],"texture":"#0"},"south":{"uv":[1.25,4.75,1.375,6.125],"texture":"#0"},"west":{"uv":[1.25,4.75,1.375,6.125],"texture":"#0"},"up":{"uv":[1.25,4.75,1.375,4.875],"texture":"#0"},"down":{"uv":[1.25,6,1.375,6.125],"texture":"#0"}}},{"name":"black_iron_greataxe_114","from":[5.625,14.25,7.90625],"to":[5.875,14.625,8.09375],"rotation":{"angle":0,"axis":"y","origin":[-1.375,0,7.9375]},"faces":{"north":{"uv":[3.125,4.75,2.875,5.125],"texture":"#0"},"east":{"uv":[3,4.75,3.125,5.125],"texture":"#0"},"south":{"uv":[2.875,4.75,3.125,5.125],"texture":"#0"},"west":{"uv":[2.875,4.75,3,5.125],"texture":"#0"},"up":{"uv":[2.875,4.75,3.125,4.875],"texture":"#0"},"down":{"uv":[2.875,5,3.125,5.125],"texture":"#0"}}},{"name":"black_iron_greataxe_115","from":[6.375,13.25,7.90625],"to":[6.5,14.625,8.09375],"rotation":{"angle":0,"axis":"y","origin":[-1.375,0,7.9375]},"faces":{"north":{"uv":[3.75,4.75,3.625,6.125],"texture":"#0"},"east":{"uv":[3.625,4.75,3.75,6.125],"texture":"#0"},"south":{"uv":[3.625,4.75,3.75,6.125],"texture":"#0"},"west":{"uv":[3.625,4.75,3.75,6.125],"texture":"#0"},"up":{"uv":[3.625,4.75,3.75,4.875],"texture":"#0"},"down":{"uv":[3.625,6,3.75,6.125],"texture":"#0"}}},{"name":"black_iron_greataxe_116","from":[8.5,14.875,7.8125],"to":[9.125,15,8.1875],"rotation":{"angle":0,"axis":"y","origin":[-1.375,0,7.9375]},"faces":{"north":{"uv":[8.25,4.75,7.625,4.875],"texture":"#0"},"east":{"uv":[8.125,4.75,8.25,4.875],"texture":"#0"},"south":{"uv":[7.625,4.75,8.25,4.875],"texture":"#0"},"west":{"uv":[7.625,4.75,7.75,4.875],"texture":"#0"},"up":{"uv":[7.625,4.75,8.25,4.875],"texture":"#0"},"down":{"uv":[7.625,4.75,8.25,4.875],"texture":"#0"}}},{"name":"black_iron_greataxe_117","from":[6.5,12.875,7.90625],"to":[6.625,14.5,8.09375],"rotation":{"angle":0,"axis":"y","origin":[-1.375,0,7.9375]},"faces":{"north":{"uv":[3.875,4.875,3.75,6.5],"texture":"#0"},"east":{"uv":[3.75,4.875,3.875,6.5],"texture":"#0"},"south":{"uv":[3.75,4.875,3.875,6.5],"texture":"#0"},"west":{"uv":[3.75,4.875,3.875,6.5],"texture":"#0"},"up":{"uv":[3.75,4.875,3.875,5],"texture":"#0"},"down":{"uv":[3.75,6.375,3.875,6.5],"texture":"#0"}}},{"name":"black_iron_greataxe_118","from":[8.625,14.625,7.8125],"to":[9,14.875,8.1875],"rotation":{"angle":0,"axis":"y","origin":[-1.375,0,7.9375]},"faces":{"north":{"uv":[8.125,4.875,7.75,5.125],"texture":"#0"},"east":{"uv":[8,4.875,8.125,5.125],"texture":"#0"},"south":{"uv":[7.75,4.875,8.125,5.125],"texture":"#0"},"west":{"uv":[7.75,4.875,7.875,5.125],"texture":"#0"},"up":{"uv":[7.75,4.875,8.125,5],"texture":"#0"},"down":{"uv":[7.75,5,8.125,5.125],"texture":"#0"}}},{"name":"black_iron_greataxe_119","from":[5.625,13,7.96875],"to":[5.75,14.25,8.03125],"rotation":{"angle":0,"axis":"y","origin":[-1.375,0,7.9375]},"faces":{"north":{"uv":[1.5,5.125,1.375,6.375],"texture":"#0"},"east":{"uv":[1.375,5.125,1.5,6.375],"texture":"#0"},"south":{"uv":[1.375,5.125,1.5,6.375],"texture":"#0"},"west":{"uv":[1.375,5.125,1.5,6.375],"texture":"#0"},"up":{"uv":[1.375,5.125,1.5,5.25],"texture":"#0"},"down":{"uv":[1.375,6.25,1.5,6.375],"texture":"#0"}}},{"name":"black_iron_greataxe_120","from":[5.75,14,7.90625],"to":[5.875,14.25,8.09375],"rotation":{"angle":0,"axis":"y","origin":[-1.375,0,7.9375]},"faces":{"north":{"uv":[3.125,5.125,3,5.375],"texture":"#0"},"east":{"uv":[3,5.125,3.125,5.375],"texture":"#0"},"south":{"uv":[3,5.125,3.125,5.375],"texture":"#0"},"west":{"uv":[3,5.125,3.125,5.375],"texture":"#0"},"up":{"uv":[3,5.125,3.125,5.25],"texture":"#0"},"down":{"uv":[3,5.25,3.125,5.375],"texture":"#0"}}},{"name":"black_iron_greataxe_121","from":[8.5,9.875,7.75],"to":[9.125,10,8.25],"rotation":{"angle":0,"axis":"y","origin":[-1.375,0,7.9375]},"faces":{"north":{"uv":[10.5,5.25,9.875,5.375],"texture":"#0"},"east":{"uv":[10.375,5.25,10.5,5.375],"texture":"#0"},"south":{"uv":[9.875,5.25,10.5,5.375],"texture":"#0"},"west":{"uv":[9.875,5.25,10,5.375],"texture":"#0"},"up":{"uv":[9.875,5.25,10.5,5.375],"texture":"#0"},"down":{"uv":[9.875,5.25,10.5,5.375],"texture":"#0"}}},{"name":"black_iron_greataxe_122","from":[5.25,13.75,7.96875],"to":[5.375,14,8.03125],"rotation":{"angle":0,"axis":"y","origin":[-1.375,0,7.9375]},"faces":{"north":{"uv":[1.125,5.375,1,5.625],"texture":"#0"},"east":{"uv":[1,5.375,1.125,5.625],"texture":"#0"},"south":{"uv":[1,5.375,1.125,5.625],"texture":"#0"},"west":{"uv":[1,5.375,1.125,5.625],"texture":"#0"},"up":{"uv":[1,5.375,1.125,5.5],"texture":"#0"},"down":{"uv":[1,5.5,1.125,5.625],"texture":"#0"}}},{"name":"black_iron_greataxe_123","from":[5.75,13,7.96875],"to":[5.875,14,8.03125],"rotation":{"angle":0,"axis":"y","origin":[-1.375,0,7.9375]},"faces":{"north":{"uv":[1.625,5.375,1.5,6.375],"texture":"#0"},"east":{"uv":[1.5,5.375,1.625,6.375],"texture":"#0"},"south":{"uv":[1.5,5.375,1.625,6.375],"texture":"#0"},"west":{"uv":[1.5,5.375,1.625,6.375],"texture":"#0"},"up":{"uv":[1.5,5.375,1.625,5.5],"texture":"#0"},"down":{"uv":[1.5,6.25,1.625,6.375],"texture":"#0"}}},{"name":"black_iron_greataxe_124","from":[6.625,12.75,7.90625],"to":[6.75,14,8.09375],"rotation":{"angle":0,"axis":"y","origin":[-1.375,0,7.9375]},"faces":{"north":{"uv":[4,5.375,3.875,6.625],"texture":"#0"},"east":{"uv":[3.875,5.375,4,6.625],"texture":"#0"},"south":{"uv":[3.875,5.375,4,6.625],"texture":"#0"},"west":{"uv":[3.875,5.375,4,6.625],"texture":"#0"},"up":{"uv":[3.875,5.375,4,5.5],"texture":"#0"},"down":{"uv":[3.875,6.5,4,6.625],"texture":"#0"}}},{"name":"black_iron_greataxe_125","from":[8.625,9.25,7.8125],"to":[9,9.875,8.1875],"rotation":{"angle":0,"axis":"y","origin":[-1.375,0,7.9375]},"faces":{"north":{"uv":[11.5,5.375,11.125,6],"texture":"#0"},"east":{"uv":[11.375,5.375,11.5,6],"texture":"#0"},"south":{"uv":[11.125,5.375,11.5,6],"texture":"#0"},"west":{"uv":[11.125,5.375,11.25,6],"texture":"#0"},"up":{"uv":[11.125,5.375,11.5,5.5],"texture":"#0"},"down":{"uv":[11.125,5.875,11.5,6],"texture":"#0"}}},{"name":"black_iron_greataxe_126","from":[6.75,12.625,7.90625],"to":[6.875,13.875,8.09375],"rotation":{"angle":0,"axis":"y","origin":[-1.375,0,7.9375]},"faces":{"north":{"uv":[4.125,5.5,4,6.75],"texture":"#0"},"east":{"uv":[4,5.5,4.125,6.75],"texture":"#0"},"south":{"uv":[4,5.5,4.125,6.75],"texture":"#0"},"west":{"uv":[4,5.5,4.125,6.75],"texture":"#0"},"up":{"uv":[4,5.5,4.125,5.625],"texture":"#0"},"down":{"uv":[4,6.625,4.125,6.75],"texture":"#0"}}},{"name":"black_iron_greataxe_127","from":[5.875,13,7.96875],"to":[6,13.75,8.03125],"rotation":{"angle":0,"axis":"y","origin":[-1.375,0,7.9375]},"faces":{"north":{"uv":[1.75,5.625,1.625,6.375],"texture":"#0"},"east":{"uv":[1.625,5.625,1.75,6.375],"texture":"#0"},"south":{"uv":[1.625,5.625,1.75,6.375],"texture":"#0"},"west":{"uv":[1.625,5.625,1.75,6.375],"texture":"#0"},"up":{"uv":[1.625,5.625,1.75,5.75],"texture":"#0"},"down":{"uv":[1.625,6.25,1.75,6.375],"texture":"#0"}}},{"name":"black_iron_greataxe_128","from":[6.875,12.5,7.90625],"to":[7,13.75,8.09375],"rotation":{"angle":0,"axis":"y","origin":[-1.375,0,7.9375]},"faces":{"north":{"uv":[4.25,5.625,4.125,6.875],"texture":"#0"},"east":{"uv":[4.125,5.625,4.25,6.875],"texture":"#0"},"south":{"uv":[4.125,5.625,4.25,6.875],"texture":"#0"},"west":{"uv":[4.125,5.625,4.25,6.875],"texture":"#0"},"up":{"uv":[4.125,5.625,4.25,5.75],"texture":"#0"},"down":{"uv":[4.125,6.75,4.25,6.875],"texture":"#0"}}},{"name":"black_iron_greataxe_129","from":[7,13.625,7.84375],"to":[7.125,13.75,8.15625],"rotation":{"angle":0,"axis":"y","origin":[-1.375,0,7.9375]},"faces":{"north":{"uv":[5.5,5.625,5.375,5.75],"texture":"#0"},"east":{"uv":[5.375,5.625,5.5,5.75],"texture":"#0"},"south":{"uv":[5.375,5.625,5.5,5.75],"texture":"#0"},"west":{"uv":[5.375,5.625,5.5,5.75],"texture":"#0"},"up":{"uv":[5.375,5.625,5.5,5.75],"texture":"#0"},"down":{"uv":[5.375,5.625,5.5,5.75],"texture":"#0"}}},{"name":"black_iron_greataxe_130","from":[7,12.375,7.90625],"to":[7.125,13.625,8.09375],"rotation":{"angle":0,"axis":"y","origin":[-1.375,0,7.9375]},"faces":{"north":{"uv":[4.375,5.75,4.25,7],"texture":"#0"},"east":{"uv":[4.25,5.75,4.375,7],"texture":"#0"},"south":{"uv":[4.25,5.75,4.375,7],"texture":"#0"},"west":{"uv":[4.25,5.75,4.375,7],"texture":"#0"},"up":{"uv":[4.25,5.75,4.375,5.875],"texture":"#0"},"down":{"uv":[4.25,6.875,4.375,7],"texture":"#0"}}},{"name":"black_iron_greataxe_131","from":[6,12.625,7.96875],"to":[6.25,13.5,8.03125],"rotation":{"angle":0,"axis":"y","origin":[-1.375,0,7.9375]},"faces":{"north":{"uv":[2,5.875,1.75,6.75],"texture":"#0"},"east":{"uv":[1.875,5.875,2,6.75],"texture":"#0"},"south":{"uv":[1.75,5.875,2,6.75],"texture":"#0"},"west":{"uv":[1.75,5.875,1.875,6.75],"texture":"#0"},"up":{"uv":[1.75,5.875,2,6],"texture":"#0"},"down":{"uv":[1.75,6.625,2,6.75],"texture":"#0"}}},{"name":"black_iron_greataxe_132","from":[7.125,13,7.84375],"to":[7.25,13.5,8.15625],"rotation":{"angle":0,"axis":"y","origin":[-1.375,0,7.9375]},"faces":{"north":{"uv":[5.625,5.875,5.5,6.375],"texture":"#0"},"east":{"uv":[5.5,5.875,5.625,6.375],"texture":"#0"},"south":{"uv":[5.5,5.875,5.625,6.375],"texture":"#0"},"west":{"uv":[5.5,5.875,5.625,6.375],"texture":"#0"},"up":{"uv":[5.5,5.875,5.625,6],"texture":"#0"},"down":{"uv":[5.5,6.25,5.625,6.375],"texture":"#0"}}},{"name":"black_iron_greataxe_133","from":[6.25,12.375,7.96875],"to":[6.375,13.375,8.03125],"rotation":{"angle":0,"axis":"y","origin":[-1.375,0,7.9375]},"faces":{"north":{"uv":[2.125,6,2,7],"texture":"#0"},"east":{"uv":[2,6,2.125,7],"texture":"#0"},"south":{"uv":[2,6,2.125,7],"texture":"#0"},"west":{"uv":[2,6,2.125,7],"texture":"#0"},"up":{"uv":[2,6,2.125,6.125],"texture":"#0"},"down":{"uv":[2,6.875,2.125,7],"texture":"#0"}}},{"name":"black_iron_greataxe_134","from":[7.25,12.875,7.84375],"to":[7.375,13.375,8.15625],"rotation":{"angle":0,"axis":"y","origin":[-1.375,0,7.9375]},"faces":{"north":{"uv":[5.75,6,5.625,6.5],"texture":"#0"},"east":{"uv":[5.625,6,5.75,6.5],"texture":"#0"},"south":{"uv":[5.625,6,5.75,6.5],"texture":"#0"},"west":{"uv":[5.625,6,5.75,6.5],"texture":"#0"},"up":{"uv":[5.625,6,5.75,6.125],"texture":"#0"},"down":{"uv":[5.625,6.375,5.75,6.5],"texture":"#0"}}},{"name":"black_iron_greataxe_135","from":[8.5,9.125,7.75],"to":[9.125,9.25,8.25],"rotation":{"angle":0,"axis":"y","origin":[-1.375,0,7.9375]},"faces":{"north":{"uv":[10.5,6,9.875,6.125],"texture":"#0"},"east":{"uv":[10.375,6,10.5,6.125],"texture":"#0"},"south":{"uv":[9.875,6,10.5,6.125],"texture":"#0"},"west":{"uv":[9.875,6,10,6.125],"texture":"#0"},"up":{"uv":[9.875,6,10.5,6.125],"texture":"#0"},"down":{"uv":[9.875,6,10.5,6.125],"texture":"#0"}}},{"name":"black_iron_greataxe_136","from":[6.375,12.25,7.96875],"to":[6.5,13.25,8.03125],"rotation":{"angle":0,"axis":"y","origin":[-1.375,0,7.9375]},"faces":{"north":{"uv":[2.25,6.125,2.125,7.125],"texture":"#0"},"east":{"uv":[2.125,6.125,2.25,7.125],"texture":"#0"},"south":{"uv":[2.125,6.125,2.25,7.125],"texture":"#0"},"west":{"uv":[2.125,6.125,2.25,7.125],"texture":"#0"},"up":{"uv":[2.125,6.125,2.25,6.25],"texture":"#0"},"down":{"uv":[2.125,7,2.25,7.125],"texture":"#0"}}},{"name":"black_iron_greataxe_137","from":[7.375,12.75,7.84375],"to":[7.5,13.25,8.15625],"rotation":{"angle":0,"axis":"y","origin":[-1.375,0,7.9375]},"faces":{"north":{"uv":[5.875,6.125,5.75,6.625],"texture":"#0"},"east":{"uv":[5.75,6.125,5.875,6.625],"texture":"#0"},"south":{"uv":[5.75,6.125,5.875,6.625],"texture":"#0"},"west":{"uv":[5.75,6.125,5.875,6.625],"texture":"#0"},"up":{"uv":[5.75,6.125,5.875,6.25],"texture":"#0"},"down":{"uv":[5.75,6.5,5.875,6.625],"texture":"#0"}}},{"name":"black_iron_greataxe_138","from":[8.625,8.5,7.8125],"to":[9,9.125,8.1875],"rotation":{"angle":0,"axis":"y","origin":[-1.375,0,7.9375]},"faces":{"north":{"uv":[11.5,6.125,11.125,6.75],"texture":"#0"},"east":{"uv":[11.375,6.125,11.5,6.75],"texture":"#0"},"south":{"uv":[11.125,6.125,11.5,6.75],"texture":"#0"},"west":{"uv":[11.125,6.125,11.25,6.75],"texture":"#0"},"up":{"uv":[11.125,6.125,11.5,6.25],"texture":"#0"},"down":{"uv":[11.125,6.625,11.5,6.75],"texture":"#0"}}},{"name":"black_iron_greataxe_139","from":[7.125,12.25,7.90625],"to":[7.25,13,8.09375],"rotation":{"angle":0,"axis":"y","origin":[-1.375,0,7.9375]},"faces":{"north":{"uv":[4.5,6.375,4.375,7.125],"texture":"#0"},"east":{"uv":[4.375,6.375,4.5,7.125],"texture":"#0"},"south":{"uv":[4.375,6.375,4.5,7.125],"texture":"#0"},"west":{"uv":[4.375,6.375,4.5,7.125],"texture":"#0"},"up":{"uv":[4.375,6.375,4.5,6.5],"texture":"#0"},"down":{"uv":[4.375,7,4.5,7.125],"texture":"#0"}}},{"name":"black_iron_greataxe_140","from":[6.5,12.125,7.96875],"to":[6.625,12.875,8.03125],"rotation":{"angle":0,"axis":"y","origin":[-1.375,0,7.9375]},"faces":{"north":{"uv":[2.375,6.5,2.25,7.25],"texture":"#0"},"east":{"uv":[2.25,6.5,2.375,7.25],"texture":"#0"},"south":{"uv":[2.25,6.5,2.375,7.25],"texture":"#0"},"west":{"uv":[2.25,6.5,2.375,7.25],"texture":"#0"},"up":{"uv":[2.25,6.5,2.375,6.625],"texture":"#0"},"down":{"uv":[2.25,7.125,2.375,7.25],"texture":"#0"}}},{"name":"black_iron_greataxe_141","from":[7.25,12.125,7.90625],"to":[7.375,12.875,8.09375],"rotation":{"angle":0,"axis":"y","origin":[-1.375,0,7.9375]},"faces":{"north":{"uv":[4.625,6.5,4.5,7.25],"texture":"#0"},"east":{"uv":[4.5,6.5,4.625,7.25],"texture":"#0"},"south":{"uv":[4.5,6.5,4.625,7.25],"texture":"#0"},"west":{"uv":[4.5,6.5,4.625,7.25],"texture":"#0"},"up":{"uv":[4.5,6.5,4.625,6.625],"texture":"#0"},"down":{"uv":[4.5,7.125,4.625,7.25],"texture":"#0"}}},{"name":"black_iron_greataxe_142","from":[6.625,12,7.96875],"to":[6.75,12.75,8.03125],"rotation":{"angle":0,"axis":"y","origin":[-1.375,0,7.9375]},"faces":{"north":{"uv":[2.5,6.625,2.375,7.375],"texture":"#0"},"east":{"uv":[2.375,6.625,2.5,7.375],"texture":"#0"},"south":{"uv":[2.375,6.625,2.5,7.375],"texture":"#0"},"west":{"uv":[2.375,6.625,2.5,7.375],"texture":"#0"},"up":{"uv":[2.375,6.625,2.5,6.75],"texture":"#0"},"down":{"uv":[2.375,7.25,2.5,7.375],"texture":"#0"}}},{"name":"black_iron_greataxe_143","from":[7.375,12,7.90625],"to":[7.5,12.75,8.09375],"rotation":{"angle":0,"axis":"y","origin":[-1.375,0,7.9375]},"faces":{"north":{"uv":[4.75,6.625,4.625,7.375],"texture":"#0"},"east":{"uv":[4.625,6.625,4.75,7.375],"texture":"#0"},"south":{"uv":[4.625,6.625,4.75,7.375],"texture":"#0"},"west":{"uv":[4.625,6.625,4.75,7.375],"texture":"#0"},"up":{"uv":[4.625,6.625,4.75,6.75],"texture":"#0"},"down":{"uv":[4.625,7.25,4.75,7.375],"texture":"#0"}}},{"name":"black_iron_greataxe_144","from":[6.125,12.5,7.96875],"to":[6.25,12.625,8.03125],"rotation":{"angle":0,"axis":"y","origin":[-1.375,0,7.9375]},"faces":{"north":{"uv":[2,6.75,1.875,6.875],"texture":"#0"},"east":{"uv":[1.875,6.75,2,6.875],"texture":"#0"},"south":{"uv":[1.875,6.75,2,6.875],"texture":"#0"},"west":{"uv":[1.875,6.75,2,6.875],"texture":"#0"},"up":{"uv":[1.875,6.75,2,6.875],"texture":"#0"},"down":{"uv":[1.875,6.75,2,6.875],"texture":"#0"}}},{"name":"black_iron_greataxe_145","from":[6.75,11.875,7.96875],"to":[6.875,12.625,8.03125],"rotation":{"angle":0,"axis":"y","origin":[-1.375,0,7.9375]},"faces":{"north":{"uv":[2.625,6.75,2.5,7.5],"texture":"#0"},"east":{"uv":[2.5,6.75,2.625,7.5],"texture":"#0"},"south":{"uv":[2.5,6.75,2.625,7.5],"texture":"#0"},"west":{"uv":[2.5,6.75,2.625,7.5],"texture":"#0"},"up":{"uv":[2.5,6.75,2.625,6.875],"texture":"#0"},"down":{"uv":[2.5,7.375,2.625,7.5],"texture":"#0"}}},{"name":"black_iron_greataxe_146","from":[8.5,8.375,7.75],"to":[9.125,8.5,8.25],"rotation":{"angle":0,"axis":"y","origin":[-1.375,0,7.9375]},"faces":{"north":{"uv":[10.5,6.75,9.875,6.875],"texture":"#0"},"east":{"uv":[10.375,6.75,10.5,6.875],"texture":"#0"},"south":{"uv":[9.875,6.75,10.5,6.875],"texture":"#0"},"west":{"uv":[9.875,6.75,10,6.875],"texture":"#0"},"up":{"uv":[9.875,6.75,10.5,6.875],"texture":"#0"},"down":{"uv":[9.875,6.75,10.5,6.875],"texture":"#0"}}},{"name":"black_iron_greataxe_147","from":[6.875,11.75,7.96875],"to":[7,12.5,8.03125],"rotation":{"angle":0,"axis":"y","origin":[-1.375,0,7.9375]},"faces":{"north":{"uv":[2.75,6.875,2.625,7.625],"texture":"#0"},"east":{"uv":[2.625,6.875,2.75,7.625],"texture":"#0"},"south":{"uv":[2.625,6.875,2.75,7.625],"texture":"#0"},"west":{"uv":[2.625,6.875,2.75,7.625],"texture":"#0"},"up":{"uv":[2.625,6.875,2.75,7],"texture":"#0"},"down":{"uv":[2.625,7.5,2.75,7.625],"texture":"#0"}}},{"name":"black_iron_greataxe_148","from":[8.625,7.75,7.8125],"to":[9,8.375,8.1875],"rotation":{"angle":0,"axis":"y","origin":[-1.375,0,7.9375]},"faces":{"north":{"uv":[11.5,6.875,11.125,7.5],"texture":"#0"},"east":{"uv":[11.375,6.875,11.5,7.5],"texture":"#0"},"south":{"uv":[11.125,6.875,11.5,7.5],"texture":"#0"},"west":{"uv":[11.125,6.875,11.25,7.5],"texture":"#0"},"up":{"uv":[11.125,6.875,11.5,7],"texture":"#0"},"down":{"uv":[11.125,7.375,11.5,7.5],"texture":"#0"}}},{"name":"black_iron_greataxe_149","from":[7,11.625,7.96875],"to":[7.125,12.375,8.03125],"rotation":{"angle":0,"axis":"y","origin":[-1.375,0,7.9375]},"faces":{"north":{"uv":[2.875,7,2.75,7.75],"texture":"#0"},"east":{"uv":[2.75,7,2.875,7.75],"texture":"#0"},"south":{"uv":[2.75,7,2.875,7.75],"texture":"#0"},"west":{"uv":[2.75,7,2.875,7.75],"texture":"#0"},"up":{"uv":[2.75,7,2.875,7.125],"texture":"#0"},"down":{"uv":[2.75,7.625,2.875,7.75],"texture":"#0"}}},{"name":"black_iron_greataxe_150","from":[7.125,11.375,7.96875],"to":[7.25,12.25,8.03125],"rotation":{"angle":0,"axis":"y","origin":[-1.375,0,7.9375]},"faces":{"north":{"uv":[3,7.125,2.875,8],"texture":"#0"},"east":{"uv":[2.875,7.125,3,8],"texture":"#0"},"south":{"uv":[2.875,7.125,3,8],"texture":"#0"},"west":{"uv":[2.875,7.125,3,8],"texture":"#0"},"up":{"uv":[2.875,7.125,3,7.25],"texture":"#0"},"down":{"uv":[2.875,7.875,3,8],"texture":"#0"}}},{"name":"black_iron_greataxe_151","from":[7.25,11.125,7.96875],"to":[7.375,12.125,8.03125],"rotation":{"angle":0,"axis":"y","origin":[-1.375,0,7.9375]},"faces":{"north":{"uv":[3.125,7.25,3,8.25],"texture":"#0"},"east":{"uv":[3,7.25,3.125,8.25],"texture":"#0"},"south":{"uv":[3,7.25,3.125,8.25],"texture":"#0"},"west":{"uv":[3,7.25,3.125,8.25],"texture":"#0"},"up":{"uv":[3,7.25,3.125,7.375],"texture":"#0"},"down":{"uv":[3,8.125,3.125,8.25],"texture":"#0"}}},{"name":"black_iron_greataxe_152","from":[7.375,10.875,7.96875],"to":[7.5,12,8.03125],"rotation":{"angle":0,"axis":"y","origin":[-1.375,0,7.9375]},"faces":{"north":{"uv":[3.25,7.375,3.125,8.5],"texture":"#0"},"east":{"uv":[3.125,7.375,3.25,8.5],"texture":"#0"},"south":{"uv":[3.125,7.375,3.25,8.5],"texture":"#0"},"west":{"uv":[3.125,7.375,3.25,8.5],"texture":"#0"},"up":{"uv":[3.125,7.375,3.25,7.5],"texture":"#0"},"down":{"uv":[3.125,8.375,3.25,8.5],"texture":"#0"}}},{"name":"black_iron_greataxe_153","from":[8.5,7.625,7.75],"to":[9.125,7.75,8.25],"rotation":{"angle":0,"axis":"y","origin":[-1.375,0,7.9375]},"faces":{"north":{"uv":[10.5,7.5,9.875,7.625],"texture":"#0"},"east":{"uv":[10.375,7.5,10.5,7.625],"texture":"#0"},"south":{"uv":[9.875,7.5,10.5,7.625],"texture":"#0"},"west":{"uv":[9.875,7.5,10,7.625],"texture":"#0"},"up":{"uv":[9.875,7.5,10.5,7.625],"texture":"#0"},"down":{"uv":[9.875,7.5,10.5,7.625],"texture":"#0"}}},{"name":"black_iron_greataxe_154","from":[8.625,7,7.8125],"to":[9,7.625,8.1875],"rotation":{"angle":0,"axis":"y","origin":[-1.375,0,7.9375]},"faces":{"north":{"uv":[11.5,7.625,11.125,8.25],"texture":"#0"},"east":{"uv":[11.375,7.625,11.5,8.25],"texture":"#0"},"south":{"uv":[11.125,7.625,11.5,8.25],"texture":"#0"},"west":{"uv":[11.125,7.625,11.25,8.25],"texture":"#0"},"up":{"uv":[11.125,7.625,11.5,7.75],"texture":"#0"},"down":{"uv":[11.125,8.125,11.5,8.25],"texture":"#0"}}},{"name":"black_iron_greataxe_155","from":[8.5,6.875,7.75],"to":[9.125,7,8.25],"rotation":{"angle":0,"axis":"y","origin":[-1.375,0,7.9375]},"faces":{"north":{"uv":[10.5,8.25,9.875,8.375],"texture":"#0"},"east":{"uv":[10.375,8.25,10.5,8.375],"texture":"#0"},"south":{"uv":[9.875,8.25,10.5,8.375],"texture":"#0"},"west":{"uv":[9.875,8.25,10,8.375],"texture":"#0"},"up":{"uv":[9.875,8.25,10.5,8.375],"texture":"#0"},"down":{"uv":[9.875,8.25,10.5,8.375],"texture":"#0"}}},{"name":"black_iron_greataxe_156","from":[8.625,6.25,7.8125],"to":[9,6.875,8.1875],"rotation":{"angle":0,"axis":"y","origin":[-1.375,0,7.9375]},"faces":{"north":{"uv":[11.5,8.375,11.125,9],"texture":"#0"},"east":{"uv":[11.375,8.375,11.5,9],"texture":"#0"},"south":{"uv":[11.125,8.375,11.5,9],"texture":"#0"},"west":{"uv":[11.125,8.375,11.25,9],"texture":"#0"},"up":{"uv":[11.125,8.375,11.5,8.5],"texture":"#0"},"down":{"uv":[11.125,8.875,11.5,9],"texture":"#0"}}},{"name":"black_iron_greataxe_157","from":[8.5,6.125,7.75],"to":[9.125,6.25,8.25],"rotation":{"angle":0,"axis":"y","origin":[-1.375,0,7.9375]},"faces":{"north":{"uv":[10.5,9,9.875,9.125],"texture":"#0"},"east":{"uv":[10.375,9,10.5,9.125],"texture":"#0"},"south":{"uv":[9.875,9,10.5,9.125],"texture":"#0"},"west":{"uv":[9.875,9,10,9.125],"texture":"#0"},"up":{"uv":[9.875,9,10.5,9.125],"texture":"#0"},"down":{"uv":[9.875,9,10.5,9.125],"texture":"#0"}}},{"name":"black_iron_greataxe_158","from":[8.625,5.5,7.8125],"to":[9,6.125,8.1875],"rotation":{"angle":0,"axis":"y","origin":[-1.375,0,7.9375]},"faces":{"north":{"uv":[11.5,9.125,11.125,9.75],"texture":"#0"},"east":{"uv":[11.375,9.125,11.5,9.75],"texture":"#0"},"south":{"uv":[11.125,9.125,11.5,9.75],"texture":"#0"},"west":{"uv":[11.125,9.125,11.25,9.75],"texture":"#0"},"up":{"uv":[11.125,9.125,11.5,9.25],"texture":"#0"},"down":{"uv":[11.125,9.625,11.5,9.75],"texture":"#0"}}},{"name":"black_iron_greataxe_159","from":[8.5,5.375,7.75],"to":[9.125,5.5,8.25],"rotation":{"angle":0,"axis":"y","origin":[-1.375,0,7.9375]},"faces":{"north":{"uv":[10.5,9.75,9.875,9.875],"texture":"#0"},"east":{"uv":[10.375,9.75,10.5,9.875],"texture":"#0"},"south":{"uv":[9.875,9.75,10.5,9.875],"texture":"#0"},"west":{"uv":[9.875,9.75,10,9.875],"texture":"#0"},"up":{"uv":[9.875,9.75,10.5,9.875],"texture":"#0"},"down":{"uv":[9.875,9.75,10.5,9.875],"texture":"#0"}}},{"name":"black_iron_greataxe_168","from":[8.625,4.75,7.8125],"to":[9,5.375,8.1875],"rotation":{"angle":0,"axis":"y","origin":[-1.375,0,7.9375]},"faces":{"north":{"uv":[11.5,12.875,11.125,13.5],"texture":"#0"},"east":{"uv":[11.375,12.875,11.5,13.5],"texture":"#0"},"south":{"uv":[11.125,12.875,11.5,13.5],"texture":"#0"},"west":{"uv":[11.125,12.875,11.25,13.5],"texture":"#0"},"up":{"uv":[11.125,12.875,11.5,13],"texture":"#0"},"down":{"uv":[11.125,13.375,11.5,13.5],"texture":"#0"}}},{"name":"black_iron_greataxe_169","from":[8.5,4.625,7.75],"to":[9.125,4.75,8.25],"rotation":{"angle":0,"axis":"y","origin":[-1.375,0,7.9375]},"faces":{"north":{"uv":[10.5,13.5,9.875,13.625],"texture":"#0"},"east":{"uv":[10.375,13.5,10.5,13.625],"texture":"#0"},"south":{"uv":[9.875,13.5,10.5,13.625],"texture":"#0"},"west":{"uv":[9.875,13.5,10,13.625],"texture":"#0"},"up":{"uv":[9.875,13.5,10.5,13.625],"texture":"#0"},"down":{"uv":[9.875,13.5,10.5,13.625],"texture":"#0"}}},{"name":"black_iron_greataxe_170","from":[8.625,4.125,7.8125],"to":[9,4.625,8.1875],"rotation":{"angle":0,"axis":"y","origin":[-1.375,0,7.9375]},"faces":{"north":{"uv":[11.5,13.625,11.125,14.125],"texture":"#0"},"east":{"uv":[11.375,13.625,11.5,14.125],"texture":"#0"},"south":{"uv":[11.125,13.625,11.5,14.125],"texture":"#0"},"west":{"uv":[11.125,13.625,11.25,14.125],"texture":"#0"},"up":{"uv":[11.125,13.625,11.5,13.75],"texture":"#0"},"down":{"uv":[11.125,14,11.5,14.125],"texture":"#0"}}},{"name":"black_iron_greataxe_171","from":[8.625,2.625,7.8125],"to":[9,2.875,8.1875],"rotation":{"angle":0,"axis":"y","origin":[-1.375,0,7.9375]},"faces":{"north":{"uv":[9.625,13.875,9.25,14.125],"texture":"#0"},"east":{"uv":[9.5,13.875,9.625,14.125],"texture":"#0"},"south":{"uv":[9.25,13.875,9.625,14.125],"texture":"#0"},"west":{"uv":[9.25,13.875,9.375,14.125],"texture":"#0"},"up":{"uv":[9.25,13.875,9.625,14],"texture":"#0"},"down":{"uv":[9.25,14,9.625,14.125],"texture":"#0"}}},{"name":"black_iron_greataxe_172","from":[8.25,2.125,7.75],"to":[9.125,2.625,8.25],"rotation":{"angle":0,"axis":"y","origin":[-1.375,0,7.9375]},"faces":{"north":{"uv":[8.25,14.125,7.375,14.625],"texture":"#0"},"east":{"uv":[8.125,14.125,8.25,14.625],"texture":"#0"},"south":{"uv":[7.375,14.125,8.25,14.625],"texture":"#0"},"west":{"uv":[7.375,14.125,7.5,14.625],"texture":"#0"},"up":{"uv":[7.375,14.125,8.25,14.25],"texture":"#0"},"down":{"uv":[7.375,14.5,8.25,14.625],"texture":"#0"}}},{"name":"black_iron_greataxe_173","from":[9.125,2.375,7.75],"to":[9.375,2.625,8.25],"rotation":{"angle":0,"axis":"y","origin":[-1.375,0,7.9375]},"faces":{"north":{"uv":[8.5,14.125,8.25,14.375],"texture":"#0"},"east":{"uv":[8.375,14.125,8.5,14.375],"texture":"#0"},"south":{"uv":[8.25,14.125,8.5,14.375],"texture":"#0"},"west":{"uv":[8.25,14.125,8.375,14.375],"texture":"#0"},"up":{"uv":[8.25,14.125,8.5,14.25],"texture":"#0"},"down":{"uv":[8.25,14.25,8.5,14.375],"texture":"#0"}}},{"name":"black_iron_greataxe_174","from":[9.375,2.5,7.75],"to":[9.5,2.625,8.25],"rotation":{"angle":0,"axis":"y","origin":[-1.375,0,7.9375]},"faces":{"north":{"uv":[8.625,14.125,8.5,14.25],"texture":"#0"},"east":{"uv":[8.5,14.125,8.625,14.25],"texture":"#0"},"south":{"uv":[8.5,14.125,8.625,14.25],"texture":"#0"},"west":{"uv":[8.5,14.125,8.625,14.25],"texture":"#0"},"up":{"uv":[8.5,14.125,8.625,14.25],"texture":"#0"},"down":{"uv":[8.5,14.125,8.625,14.25],"texture":"#0"}}},{"name":"black_iron_greataxe_175","from":[8.5,3.875,7.75],"to":[9.125,4.125,8.25],"rotation":{"angle":0,"axis":"y","origin":[-1.375,0,7.9375]},"faces":{"north":{"uv":[10.5,14.125,9.875,14.375],"texture":"#0"},"east":{"uv":[10.375,14.125,10.5,14.375],"texture":"#0"},"south":{"uv":[9.875,14.125,10.5,14.375],"texture":"#0"},"west":{"uv":[9.875,14.125,10,14.375],"texture":"#0"},"up":{"uv":[9.875,14.125,10.5,14.25],"texture":"#0"},"down":{"uv":[9.875,14.25,10.5,14.375],"texture":"#0"}}},{"name":"black_iron_greataxe_176","from":[9.125,4,7.75],"to":[9.25,4.125,8.25],"rotation":{"angle":0,"axis":"y","origin":[-1.375,0,7.9375]},"faces":{"north":{"uv":[10.625,14.125,10.5,14.25],"texture":"#0"},"east":{"uv":[10.5,14.125,10.625,14.25],"texture":"#0"},"south":{"uv":[10.5,14.125,10.625,14.25],"texture":"#0"},"west":{"uv":[10.5,14.125,10.625,14.25],"texture":"#0"},"up":{"uv":[10.5,14.125,10.625,14.25],"texture":"#0"},"down":{"uv":[10.5,14.125,10.625,14.25],"texture":"#0"}}},{"name":"black_iron_greataxe_177","from":[8.125,2.125,7.75],"to":[8.25,2.5,8.25],"rotation":{"angle":0,"axis":"y","origin":[-1.375,0,7.9375]},"faces":{"north":{"uv":[7.375,14.25,7.25,14.625],"texture":"#0"},"east":{"uv":[7.25,14.25,7.375,14.625],"texture":"#0"},"south":{"uv":[7.25,14.25,7.375,14.625],"texture":"#0"},"west":{"uv":[7.25,14.25,7.375,14.625],"texture":"#0"},"up":{"uv":[7.25,14.25,7.375,14.375],"texture":"#0"},"down":{"uv":[7.25,14.5,7.375,14.625],"texture":"#0"}}},{"name":"black_iron_greataxe_178","from":[8,2,7.75],"to":[8.125,2.375,8.25],"rotation":{"angle":0,"axis":"y","origin":[-1.375,0,7.9375]},"faces":{"north":{"uv":[7.25,14.375,7.125,14.75],"texture":"#0"},"east":{"uv":[7.125,14.375,7.25,14.75],"texture":"#0"},"south":{"uv":[7.125,14.375,7.25,14.75],"texture":"#0"},"west":{"uv":[7.125,14.375,7.25,14.75],"texture":"#0"},"up":{"uv":[7.125,14.375,7.25,14.5],"texture":"#0"},"down":{"uv":[7.125,14.625,7.25,14.75],"texture":"#0"}}},{"name":"black_iron_greataxe_179","from":[9.125,2.25,7.75],"to":[9.25,2.375,8.25],"rotation":{"angle":0,"axis":"y","origin":[-1.375,0,7.9375]},"faces":{"north":{"uv":[8.375,14.375,8.25,14.5],"texture":"#0"},"east":{"uv":[8.25,14.375,8.375,14.5],"texture":"#0"},"south":{"uv":[8.25,14.375,8.375,14.5],"texture":"#0"},"west":{"uv":[8.25,14.375,8.375,14.5],"texture":"#0"},"up":{"uv":[8.25,14.375,8.375,14.5],"texture":"#0"},"down":{"uv":[8.25,14.375,8.375,14.5],"texture":"#0"}}},{"name":"black_iron_greataxe_180","from":[8.625,3.25,7.8125],"to":[9,3.875,8.1875],"rotation":{"angle":0,"axis":"y","origin":[-1.375,0,7.9375]},"faces":{"north":{"uv":[11.5,14.375,11.125,15],"texture":"#0"},"east":{"uv":[11.375,14.375,11.5,15],"texture":"#0"},"south":{"uv":[11.125,14.375,11.5,15],"texture":"#0"},"west":{"uv":[11.125,14.375,11.25,15],"texture":"#0"},"up":{"uv":[11.125,14.375,11.5,14.5],"texture":"#0"},"down":{"uv":[11.125,14.875,11.5,15],"texture":"#0"}}},{"name":"black_iron_greataxe_181","from":[9.375,2,7.75],"to":[9.5,2.25,8.25],"rotation":{"angle":0,"axis":"y","origin":[-1.375,0,7.9375]},"faces":{"north":{"uv":[8.625,14.5,8.5,14.75],"texture":"#0"},"east":{"uv":[8.5,14.5,8.625,14.75],"texture":"#0"},"south":{"uv":[8.5,14.5,8.625,14.75],"texture":"#0"},"west":{"uv":[8.5,14.5,8.625,14.75],"texture":"#0"},"up":{"uv":[8.5,14.5,8.625,14.625],"texture":"#0"},"down":{"uv":[8.5,14.625,8.625,14.75],"texture":"#0"}}},{"name":"black_iron_greataxe_182","from":[9.25,1.875,7.75],"to":[9.375,2.125,8.25],"rotation":{"angle":0,"axis":"y","origin":[-1.375,0,7.9375]},"faces":{"north":{"uv":[8.5,14.625,8.375,14.875],"texture":"#0"},"east":{"uv":[8.375,14.625,8.5,14.875],"texture":"#0"},"south":{"uv":[8.375,14.625,8.5,14.875],"texture":"#0"},"west":{"uv":[8.375,14.625,8.5,14.875],"texture":"#0"},"up":{"uv":[8.375,14.625,8.5,14.75],"texture":"#0"},"down":{"uv":[8.375,14.75,8.5,14.875],"texture":"#0"}}},{"name":"black_iron_greataxe_183","from":[8.5,2,7.8125],"to":[9.125,2.125,8.1875],"rotation":{"angle":0,"axis":"y","origin":[-1.375,0,7.9375]},"faces":{"north":{"uv":[9.75,14.625,9.125,14.75],"texture":"#0"},"east":{"uv":[9.625,14.625,9.75,14.75],"texture":"#0"},"south":{"uv":[9.125,14.625,9.75,14.75],"texture":"#0"},"west":{"uv":[9.125,14.625,9.25,14.75],"texture":"#0"},"up":{"uv":[9.125,14.625,9.75,14.75],"texture":"#0"},"down":{"uv":[9.125,14.625,9.75,14.75],"texture":"#0"}}},{"name":"black_iron_greataxe_184","from":[8.375,1.625,7.75],"to":[9.125,2,8.25],"rotation":{"angle":0,"axis":"y","origin":[-1.375,0,7.9375]},"faces":{"north":{"uv":[8.25,14.75,7.5,15.125],"texture":"#0"},"east":{"uv":[8.125,14.75,8.25,15.125],"texture":"#0"},"south":{"uv":[7.5,14.75,8.25,15.125],"texture":"#0"},"west":{"uv":[7.5,14.75,7.625,15.125],"texture":"#0"},"up":{"uv":[7.5,14.75,8.25,14.875],"texture":"#0"},"down":{"uv":[7.5,15,8.25,15.125],"texture":"#0"}}},{"name":"black_iron_greataxe_185","from":[9.125,1.75,7.75],"to":[9.25,2,8.25],"rotation":{"angle":0,"axis":"y","origin":[-1.375,0,7.9375]},"faces":{"north":{"uv":[8.375,14.75,8.25,15],"texture":"#0"},"east":{"uv":[8.25,14.75,8.375,15],"texture":"#0"},"south":{"uv":[8.25,14.75,8.375,15],"texture":"#0"},"west":{"uv":[8.25,14.75,8.375,15],"texture":"#0"},"up":{"uv":[8.25,14.75,8.375,14.875],"texture":"#0"},"down":{"uv":[8.25,14.875,8.375,15],"texture":"#0"}}},{"name":"black_iron_greataxe_186","from":[8.25,1.625,7.75],"to":[8.375,1.75,8.25],"rotation":{"angle":0,"axis":"y","origin":[-1.375,0,7.9375]},"faces":{"north":{"uv":[7.5,15,7.375,15.125],"texture":"#0"},"east":{"uv":[7.375,15,7.5,15.125],"texture":"#0"},"south":{"uv":[7.375,15,7.5,15.125],"texture":"#0"},"west":{"uv":[7.375,15,7.5,15.125],"texture":"#0"},"up":{"uv":[7.375,15,7.5,15.125],"texture":"#0"},"down":{"uv":[7.375,15,7.5,15.125],"texture":"#0"}}},{"name":"black_iron_greataxe_187","from":[8.375,3,7.75],"to":[9.25,3.25,8.25],"rotation":{"angle":0,"axis":"y","origin":[-1.375,0,7.9375]},"faces":{"north":{"uv":[10.625,15,9.75,15.25],"texture":"#0"},"east":{"uv":[10.5,15,10.625,15.25],"texture":"#0"},"south":{"uv":[9.75,15,10.625,15.25],"texture":"#0"},"west":{"uv":[9.75,15,9.875,15.25],"texture":"#0"},"up":{"uv":[9.75,15,10.625,15.125],"texture":"#0"},"down":{"uv":[9.75,15.125,10.625,15.25],"texture":"#0"}}},{"name":"black_iron_greataxe_188","from":[9.25,3.125,7.75],"to":[9.375,3.25,8.25],"rotation":{"angle":0,"axis":"y","origin":[-1.375,0,7.9375]},"faces":{"north":{"uv":[10.75,15,10.625,15.125],"texture":"#0"},"east":{"uv":[10.625,15,10.75,15.125],"texture":"#0"},"south":{"uv":[10.625,15,10.75,15.125],"texture":"#0"},"west":{"uv":[10.625,15,10.75,15.125],"texture":"#0"},"up":{"uv":[10.625,15,10.75,15.125],"texture":"#0"},"down":{"uv":[10.625,15,10.75,15.125],"texture":"#0"}}},{"name":"black_iron_greataxe_189","from":[8.5,2.875,7.75],"to":[9.125,3,8.25],"rotation":{"angle":0,"axis":"y","origin":[-1.375,0,7.9375]},"faces":{"north":{"uv":[10.5,15.25,9.875,15.375],"texture":"#0"},"east":{"uv":[10.375,15.25,10.5,15.375],"texture":"#0"},"south":{"uv":[9.875,15.25,10.5,15.375],"texture":"#0"},"west":{"uv":[9.875,15.25,10,15.375],"texture":"#0"},"up":{"uv":[9.875,15.25,10.5,15.375],"texture":"#0"},"down":{"uv":[9.875,15.25,10.5,15.375],"texture":"#0"}}}],"gui_light":"front","display":{"thirdperson_righthand":{"rotation":[0,-90,0],"translation":[0,-6.25,-0.75],"scale":[2.6,2.6,2.6]},"thirdperson_lefthand":{"rotation":[0,90,0],"translation":[0,-6.25,-0.75],"scale":[2.6,2.6,2.6]},"firstperson_righthand":{"rotation":[-15,-90,0],"translation":[-1.5,1.75,5.25],"scale":[1.4,1.4,1.4]},"firstperson_lefthand":{"rotation":[-15,90,0],"translation":[-1.5,1.75,5.25],"scale":[1.4,1.4,1.4]},"ground":{"rotation":[0,0,45],"translation":[1.25,0.75,0.25]},"gui":{"rotation":[0,0,-45],"translation":[-3,-2.5,0],"scale":[1.4,1.4,1]},"head":{"rotation":[0,0,45],"translation":[3.75,11.75,0],"scale":[2,2,2]},"fixed":{"rotation":[0,0,90],"translation":[8.75,-3.75,-0.75],"scale":[4,4,4]}}}