{"textures":{"0":"fantasy_weapons:item/crystal_frostblade","particle":"fantasy_weapons:item/crystal_frostblade"},"elements":[{"name":"crystal_frostblade_0","from":[7.9375,14.875,7.96875],"to":[8.0625,15.5,8.03125],"rotation":{"angle":0,"axis":"y","origin":[0.0625,0,7.9375]},"faces":{"north":{"uv":[2,0.5,1.875,1.125],"texture":"#0"},"east":{"uv":[1.875,0.5,2,1.125],"texture":"#0"},"south":{"uv":[1.875,0.5,2,1.125],"texture":"#0"},"west":{"uv":[1.875,0.5,2,1.125],"texture":"#0"},"up":{"uv":[1.875,0.5,2,0.625],"texture":"#0"},"down":{"uv":[1.875,1,2,1.125],"texture":"#0"}}},{"name":"crystal_frostblade_1","from":[7.8125,14,7.96875],"to":[7.9375,15,8.03125],"rotation":{"angle":0,"axis":"y","origin":[0.0625,0,7.9375]},"faces":{"north":{"uv":[1.875,1,1.75,2],"texture":"#0"},"east":{"uv":[1.75,1,1.875,2],"texture":"#0"},"south":{"uv":[1.75,1,1.875,2],"texture":"#0"},"west":{"uv":[1.75,1,1.875,2],"texture":"#0"},"up":{"uv":[1.75,1,1.875,1.125],"texture":"#0"},"down":{"uv":[1.75,1.875,1.875,2],"texture":"#0"}}},{"name":"crystal_frostblade_2","from":[8.0625,14,7.96875],"to":[8.1875,15,8.03125],"rotation":{"angle":0,"axis":"y","origin":[0.0625,0,7.9375]},"faces":{"north":{"uv":[2.125,1,2,2],"texture":"#0"},"east":{"uv":[2,1,2.125,2],"texture":"#0"},"south":{"uv":[2,1,2.125,2],"texture":"#0"},"west":{"uv":[2,1,2.125,2],"texture":"#0"},"up":{"uv":[2,1,2.125,1.125],"texture":"#0"},"down":{"uv":[2,1.875,2.125,2],"texture":"#0"}}},{"name":"crystal_frostblade_3","from":[7.9375,13.75,7.9375],"to":[8.0625,14.875,8.0625],"rotation":{"angle":0,"axis":"y","origin":[0.0625,0,7.9375]},"faces":{"north":{"uv":[3.5,1.125,3.375,2.25],"texture":"#0"},"east":{"uv":[3.375,1.125,3.5,2.25],"texture":"#0"},"south":{"uv":[3.375,1.125,3.5,2.25],"texture":"#0"},"west":{"uv":[3.375,1.125,3.5,2.25],"texture":"#0"},"up":{"uv":[3.375,1.125,3.5,1.25],"texture":"#0"},"down":{"uv":[3.375,2.125,3.5,2.25],"texture":"#0"}}},{"name":"crystal_frostblade_4","from":[7.6875,6.25,7.96875],"to":[7.8125,14.125,8.03125],"rotation":{"angle":0,"axis":"y","origin":[0.0625,0,7.9375]},"faces":{"north":{"uv":[1.75,1.875,1.625,9.75],"texture":"#0"},"east":{"uv":[1.625,1.875,1.75,9.75],"texture":"#0"},"south":{"uv":[1.625,1.875,1.75,9.75],"texture":"#0"},"west":{"uv":[1.625,1.875,1.75,9.75],"texture":"#0"},"up":{"uv":[1.625,1.875,1.75,2],"texture":"#0"},"down":{"uv":[1.625,9.625,1.75,9.75],"texture":"#0"}}},{"name":"crystal_frostblade_5","from":[8.1875,6.25,7.96875],"to":[8.3125,14.125,8.03125],"rotation":{"angle":0,"axis":"y","origin":[0.0625,0,7.9375]},"faces":{"north":{"uv":[2.25,1.875,2.125,9.75],"texture":"#0"},"east":{"uv":[2.125,1.875,2.25,9.75],"texture":"#0"},"south":{"uv":[2.125,1.875,2.25,9.75],"texture":"#0"},"west":{"uv":[2.125,1.875,2.25,9.75],"texture":"#0"},"up":{"uv":[2.125,1.875,2.25,2],"texture":"#0"},"down":{"uv":[2.125,9.625,2.25,9.75],"texture":"#0"}}},{"name":"crystal_frostblade_6","from":[7.8125,5,7.9375],"to":[7.9375,14,8.0625],"rotation":{"angle":0,"axis":"y","origin":[0.0625,0,7.9375]},"faces":{"north":{"uv":[3.375,2,3.25,11],"texture":"#0"},"east":{"uv":[3.25,2,3.375,11],"texture":"#0"},"south":{"uv":[3.25,2,3.375,11],"texture":"#0"},"west":{"uv":[3.25,2,3.375,11],"texture":"#0"},"up":{"uv":[3.25,2,3.375,2.125],"texture":"#0"},"down":{"uv":[3.25,10.875,3.375,11],"texture":"#0"}}},{"name":"crystal_frostblade_7","from":[8.0625,5,7.9375],"to":[8.1875,14,8.0625],"rotation":{"angle":0,"axis":"y","origin":[0.0625,0,7.9375]},"faces":{"north":{"uv":[3.625,2,3.5,11],"texture":"#0"},"east":{"uv":[3.5,2,3.625,11],"texture":"#0"},"south":{"uv":[3.5,2,3.625,11],"texture":"#0"},"west":{"uv":[3.5,2,3.625,11],"texture":"#0"},"up":{"uv":[3.5,2,3.625,2.125],"texture":"#0"},"down":{"uv":[3.5,10.875,3.625,11],"texture":"#0"}}},{"name":"crystal_frostblade_8","from":[7.9375,4.25,7.9375],"to":[8.0625,13.75,8.0625],"rotation":{"angle":0,"axis":"y","origin":[0.0625,0,7.9375]},"faces":{"north":{"uv":[4.625,2.25,4.5,11.75],"texture":"#0"},"east":{"uv":[4.5,2.25,4.625,11.75],"texture":"#0"},"south":{"uv":[4.5,2.25,4.625,11.75],"texture":"#0"},"west":{"uv":[4.5,2.25,4.625,11.75],"texture":"#0"},"up":{"uv":[4.5,2.25,4.625,2.375],"texture":"#0"},"down":{"uv":[4.5,11.625,4.625,11.75],"texture":"#0"}}},{"name":"crystal_frostblade_9","from":[7.9375,3.625,7.8125],"to":[8.0625,4.25,8.1875],"rotation":{"angle":0,"axis":"y","origin":[0.0625,0,7.9375]},"faces":{"north":{"uv":[8,9.5,7.875,10.125],"texture":"#0"},"east":{"uv":[7.875,9.5,8,10.125],"texture":"#0"},"south":{"uv":[7.875,9.5,8,10.125],"texture":"#0"},"west":{"uv":[7.875,9.5,8,10.125],"texture":"#0"},"up":{"uv":[7.875,9.5,8,9.625],"texture":"#0"},"down":{"uv":[7.875,10,8,10.125],"texture":"#0"}}},{"name":"crystal_frostblade_10","from":[7.5625,5,7.96875],"to":[7.6875,6.375,8.03125],"rotation":{"angle":0,"axis":"y","origin":[0.0625,0,7.9375]},"faces":{"north":{"uv":[1.625,9.625,1.5,11],"texture":"#0"},"east":{"uv":[1.5,9.625,1.625,11],"texture":"#0"},"south":{"uv":[1.5,9.625,1.625,11],"texture":"#0"},"west":{"uv":[1.5,9.625,1.625,11],"texture":"#0"},"up":{"uv":[1.5,9.625,1.625,9.75],"texture":"#0"},"down":{"uv":[1.5,10.875,1.625,11],"texture":"#0"}}},{"name":"crystal_frostblade_11","from":[8.3125,5,7.96875],"to":[8.4375,6.375,8.03125],"rotation":{"angle":0,"axis":"y","origin":[0.0625,0,7.9375]},"faces":{"north":{"uv":[2.375,9.625,2.25,11],"texture":"#0"},"east":{"uv":[2.25,9.625,2.375,11],"texture":"#0"},"south":{"uv":[2.25,9.625,2.375,11],"texture":"#0"},"west":{"uv":[2.25,9.625,2.375,11],"texture":"#0"},"up":{"uv":[2.25,9.625,2.375,9.75],"texture":"#0"},"down":{"uv":[2.25,10.875,2.375,11],"texture":"#0"}}},{"name":"crystal_frostblade_12","from":[7.8125,3.75,7.8125],"to":[7.9375,4.125,8.1875],"rotation":{"angle":0,"axis":"y","origin":[0.0625,0,7.9375]},"faces":{"north":{"uv":[7.875,9.625,7.75,10],"texture":"#0"},"east":{"uv":[7.75,9.625,7.875,10],"texture":"#0"},"south":{"uv":[7.75,9.625,7.875,10],"texture":"#0"},"west":{"uv":[7.75,9.625,7.875,10],"texture":"#0"},"up":{"uv":[7.75,9.625,7.875,9.75],"texture":"#0"},"down":{"uv":[7.75,9.875,7.875,10],"texture":"#0"}}},{"name":"crystal_frostblade_13","from":[8.0625,3.75,7.8125],"to":[8.1875,4.125,8.1875],"rotation":{"angle":0,"axis":"y","origin":[0.0625,0,7.9375]},"faces":{"north":{"uv":[8.125,9.625,8,10],"texture":"#0"},"east":{"uv":[8,9.625,8.125,10],"texture":"#0"},"south":{"uv":[8,9.625,8.125,10],"texture":"#0"},"west":{"uv":[8,9.625,8.125,10],"texture":"#0"},"up":{"uv":[8,9.625,8.125,9.75],"texture":"#0"},"down":{"uv":[8,9.875,8.125,10],"texture":"#0"}}},{"name":"crystal_frostblade_14","from":[7.6875,4.875,7.9375],"to":[7.8125,6.25,8.0625],"rotation":{"angle":0,"axis":"y","origin":[0.0625,0,7.9375]},"faces":{"north":{"uv":[3.25,9.75,3.125,11.125],"texture":"#0"},"east":{"uv":[3.125,9.75,3.25,11.125],"texture":"#0"},"south":{"uv":[3.125,9.75,3.25,11.125],"texture":"#0"},"west":{"uv":[3.125,9.75,3.25,11.125],"texture":"#0"},"up":{"uv":[3.125,9.75,3.25,9.875],"texture":"#0"},"down":{"uv":[3.125,11,3.25,11.125],"texture":"#0"}}},{"name":"crystal_frostblade_15","from":[8.1875,4.875,7.9375],"to":[8.3125,6.25,8.0625],"rotation":{"angle":0,"axis":"y","origin":[0.0625,0,7.9375]},"faces":{"north":{"uv":[3.75,9.75,3.625,11.125],"texture":"#0"},"east":{"uv":[3.625,9.75,3.75,11.125],"texture":"#0"},"south":{"uv":[3.625,9.75,3.75,11.125],"texture":"#0"},"west":{"uv":[3.625,9.75,3.75,11.125],"texture":"#0"},"up":{"uv":[3.625,9.75,3.75,9.875],"texture":"#0"},"down":{"uv":[3.625,11,3.75,11.125],"texture":"#0"}}},{"name":"crystal_frostblade_16","from":[6.5625,3.875,7.9375],"to":[7.8125,4,8.0625],"rotation":{"angle":0,"axis":"y","origin":[0.0625,0,7.9375]},"faces":{"north":{"uv":[7.75,9.75,6.5,9.875],"texture":"#0"},"east":{"uv":[7.625,9.75,7.75,9.875],"texture":"#0"},"south":{"uv":[6.5,9.75,7.75,9.875],"texture":"#0"},"west":{"uv":[6.5,9.75,6.625,9.875],"texture":"#0"},"up":{"uv":[6.5,9.75,7.75,9.875],"texture":"#0"},"down":{"uv":[6.5,9.75,7.75,9.875],"texture":"#0"}}},{"name":"crystal_frostblade_17","from":[8.1875,3.875,7.9375],"to":[9.4375,4,8.0625],"rotation":{"angle":0,"axis":"y","origin":[0.0625,0,7.9375]},"faces":{"north":{"uv":[9.375,9.75,8.125,9.875],"texture":"#0"},"east":{"uv":[9.25,9.75,9.375,9.875],"texture":"#0"},"south":{"uv":[8.125,9.75,9.375,9.875],"texture":"#0"},"west":{"uv":[8.125,9.75,8.25,9.875],"texture":"#0"},"up":{"uv":[8.125,9.75,9.375,9.875],"texture":"#0"},"down":{"uv":[8.125,9.75,9.375,9.875],"texture":"#0"}}},{"name":"crystal_frostblade_18","from":[7.0625,4,7.9375],"to":[7.1875,4.5,8.0625],"rotation":{"angle":0,"axis":"y","origin":[0.0625,0,7.9375]},"faces":{"north":{"uv":[7.125,10.375,7,10.875],"texture":"#0"},"east":{"uv":[7,10.375,7.125,10.875],"texture":"#0"},"south":{"uv":[7,10.375,7.125,10.875],"texture":"#0"},"west":{"uv":[7,10.375,7.125,10.875],"texture":"#0"},"up":{"uv":[7,10.375,7.125,10.5],"texture":"#0"},"down":{"uv":[7,10.75,7.125,10.875],"texture":"#0"}}},{"name":"crystal_frostblade_19","from":[8.8125,4,7.9375],"to":[8.9375,4.5,8.0625],"rotation":{"angle":0,"axis":"y","origin":[0.0625,0,7.9375]},"faces":{"north":{"uv":[8.875,10.375,8.75,10.875],"texture":"#0"},"east":{"uv":[8.75,10.375,8.875,10.875],"texture":"#0"},"south":{"uv":[8.75,10.375,8.875,10.875],"texture":"#0"},"west":{"uv":[8.75,10.375,8.875,10.875],"texture":"#0"},"up":{"uv":[8.75,10.375,8.875,10.5],"texture":"#0"},"down":{"uv":[8.75,10.75,8.875,10.875],"texture":"#0"}}},{"name":"crystal_frostblade_20","from":[6.9375,4,7.9375],"to":[7.0625,4.375,8.0625],"rotation":{"angle":0,"axis":"y","origin":[0.0625,0,7.9375]},"faces":{"north":{"uv":[7,10.5,6.875,10.875],"texture":"#0"},"east":{"uv":[6.875,10.5,7,10.875],"texture":"#0"},"south":{"uv":[6.875,10.5,7,10.875],"texture":"#0"},"west":{"uv":[6.875,10.5,7,10.875],"texture":"#0"},"up":{"uv":[6.875,10.5,7,10.625],"texture":"#0"},"down":{"uv":[6.875,10.75,7,10.875],"texture":"#0"}}},{"name":"crystal_frostblade_21","from":[8.9375,4,7.9375],"to":[9.0625,4.375,8.0625],"rotation":{"angle":0,"axis":"y","origin":[0.0625,0,7.9375]},"faces":{"north":{"uv":[9,10.5,8.875,10.875],"texture":"#0"},"east":{"uv":[8.875,10.5,9,10.875],"texture":"#0"},"south":{"uv":[8.875,10.5,9,10.875],"texture":"#0"},"west":{"uv":[8.875,10.5,9,10.875],"texture":"#0"},"up":{"uv":[8.875,10.5,9,10.625],"texture":"#0"},"down":{"uv":[8.875,10.75,9,10.875],"texture":"#0"}}},{"name":"crystal_frostblade_22","from":[6.6875,4,7.9375],"to":[6.9375,4.25,8.0625],"rotation":{"angle":0,"axis":"y","origin":[0.0625,0,7.9375]},"faces":{"north":{"uv":[6.875,10.625,6.625,10.875],"texture":"#0"},"east":{"uv":[6.75,10.625,6.875,10.875],"texture":"#0"},"south":{"uv":[6.625,10.625,6.875,10.875],"texture":"#0"},"west":{"uv":[6.625,10.625,6.75,10.875],"texture":"#0"},"up":{"uv":[6.625,10.625,6.875,10.75],"texture":"#0"},"down":{"uv":[6.625,10.75,6.875,10.875],"texture":"#0"}}},{"name":"crystal_frostblade_23","from":[9.0625,4,7.9375],"to":[9.3125,4.25,8.0625],"rotation":{"angle":0,"axis":"y","origin":[0.0625,0,7.9375]},"faces":{"north":{"uv":[9.25,10.625,9,10.875],"texture":"#0"},"east":{"uv":[9.125,10.625,9.25,10.875],"texture":"#0"},"south":{"uv":[9,10.625,9.25,10.875],"texture":"#0"},"west":{"uv":[9,10.625,9.125,10.875],"texture":"#0"},"up":{"uv":[9,10.625,9.25,10.75],"texture":"#0"},"down":{"uv":[9,10.75,9.25,10.875],"texture":"#0"}}},{"name":"crystal_frostblade_24","from":[6.3125,3.75,7.9375],"to":[6.5625,4.125,8.0625],"rotation":{"angle":0,"axis":"y","origin":[0.0625,0,7.9375]},"faces":{"north":{"uv":[6.5,10.75,6.25,11.125],"texture":"#0"},"east":{"uv":[6.375,10.75,6.5,11.125],"texture":"#0"},"south":{"uv":[6.25,10.75,6.5,11.125],"texture":"#0"},"west":{"uv":[6.25,10.75,6.375,11.125],"texture":"#0"},"up":{"uv":[6.25,10.75,6.5,10.875],"texture":"#0"},"down":{"uv":[6.25,11,6.5,11.125],"texture":"#0"}}},{"name":"crystal_frostblade_25","from":[6.5625,4,7.9375],"to":[6.6875,4.125,8.0625],"rotation":{"angle":0,"axis":"y","origin":[0.0625,0,7.9375]},"faces":{"north":{"uv":[6.625,10.75,6.5,10.875],"texture":"#0"},"east":{"uv":[6.5,10.75,6.625,10.875],"texture":"#0"},"south":{"uv":[6.5,10.75,6.625,10.875],"texture":"#0"},"west":{"uv":[6.5,10.75,6.625,10.875],"texture":"#0"},"up":{"uv":[6.5,10.75,6.625,10.875],"texture":"#0"},"down":{"uv":[6.5,10.75,6.625,10.875],"texture":"#0"}}},{"name":"crystal_frostblade_26","from":[9.3125,4,7.9375],"to":[9.6875,4.125,8.0625],"rotation":{"angle":0,"axis":"y","origin":[0.0625,0,7.9375]},"faces":{"north":{"uv":[9.625,10.75,9.25,10.875],"texture":"#0"},"east":{"uv":[9.5,10.75,9.625,10.875],"texture":"#0"},"south":{"uv":[9.25,10.75,9.625,10.875],"texture":"#0"},"west":{"uv":[9.25,10.75,9.375,10.875],"texture":"#0"},"up":{"uv":[9.25,10.75,9.625,10.875],"texture":"#0"},"down":{"uv":[9.25,10.75,9.625,10.875],"texture":"#0"}}},{"name":"crystal_frostblade_27","from":[7.4375,4.75,7.96875],"to":[7.5625,5.125,8.03125],"rotation":{"angle":0,"axis":"y","origin":[0.0625,0,7.9375]},"faces":{"north":{"uv":[1.5,10.875,1.375,11.25],"texture":"#0"},"east":{"uv":[1.375,10.875,1.5,11.25],"texture":"#0"},"south":{"uv":[1.375,10.875,1.5,11.25],"texture":"#0"},"west":{"uv":[1.375,10.875,1.5,11.25],"texture":"#0"},"up":{"uv":[1.375,10.875,1.5,11],"texture":"#0"},"down":{"uv":[1.375,11.125,1.5,11.25],"texture":"#0"}}},{"name":"crystal_frostblade_28","from":[8.4375,4.75,7.96875],"to":[8.5625,5.125,8.03125],"rotation":{"angle":0,"axis":"y","origin":[0.0625,0,7.9375]},"faces":{"north":{"uv":[2.5,10.875,2.375,11.25],"texture":"#0"},"east":{"uv":[2.375,10.875,2.5,11.25],"texture":"#0"},"south":{"uv":[2.375,10.875,2.5,11.25],"texture":"#0"},"west":{"uv":[2.375,10.875,2.5,11.25],"texture":"#0"},"up":{"uv":[2.375,10.875,2.5,11],"texture":"#0"},"down":{"uv":[2.375,11.125,2.5,11.25],"texture":"#0"}}},{"name":"crystal_frostblade_29","from":[5.9375,3.875,7.9375],"to":[6.3125,4,8.0625],"rotation":{"angle":0,"axis":"y","origin":[0.0625,0,7.9375]},"faces":{"north":{"uv":[6.25,10.875,5.875,11],"texture":"#0"},"east":{"uv":[6.125,10.875,6.25,11],"texture":"#0"},"south":{"uv":[5.875,10.875,6.25,11],"texture":"#0"},"west":{"uv":[5.875,10.875,6,11],"texture":"#0"},"up":{"uv":[5.875,10.875,6.25,11],"texture":"#0"},"down":{"uv":[5.875,10.875,6.25,11],"texture":"#0"}}},{"name":"crystal_frostblade_30","from":[9.4375,3.75,7.9375],"to":[9.6875,4,8.0625],"rotation":{"angle":0,"axis":"y","origin":[0.0625,0,7.9375]},"faces":{"north":{"uv":[9.625,10.875,9.375,11.125],"texture":"#0"},"east":{"uv":[9.5,10.875,9.625,11.125],"texture":"#0"},"south":{"uv":[9.375,10.875,9.625,11.125],"texture":"#0"},"west":{"uv":[9.375,10.875,9.5,11.125],"texture":"#0"},"up":{"uv":[9.375,10.875,9.625,11],"texture":"#0"},"down":{"uv":[9.375,11,9.625,11.125],"texture":"#0"}}},{"name":"crystal_frostblade_31","from":[9.6875,3.875,7.9375],"to":[10.0625,4,8.0625],"rotation":{"angle":0,"axis":"y","origin":[0.0625,0,7.9375]},"faces":{"north":{"uv":[10,10.875,9.625,11],"texture":"#0"},"east":{"uv":[9.875,10.875,10,11],"texture":"#0"},"south":{"uv":[9.625,10.875,10,11],"texture":"#0"},"west":{"uv":[9.625,10.875,9.75,11],"texture":"#0"},"up":{"uv":[9.625,10.875,10,11],"texture":"#0"},"down":{"uv":[9.625,10.875,10,11],"texture":"#0"}}},{"name":"crystal_frostblade_32","from":[7.5625,4.875,7.9375],"to":[7.6875,5,8.0625],"rotation":{"angle":0,"axis":"y","origin":[0.0625,0,7.9375]},"faces":{"north":{"uv":[3.125,11,3,11.125],"texture":"#0"},"east":{"uv":[3,11,3.125,11.125],"texture":"#0"},"south":{"uv":[3,11,3.125,11.125],"texture":"#0"},"west":{"uv":[3,11,3.125,11.125],"texture":"#0"},"up":{"uv":[3,11,3.125,11.125],"texture":"#0"},"down":{"uv":[3,11,3.125,11.125],"texture":"#0"}}},{"name":"crystal_frostblade_33","from":[8.3125,4.875,7.9375],"to":[8.4375,5,8.0625],"rotation":{"angle":0,"axis":"y","origin":[0.0625,0,7.9375]},"faces":{"north":{"uv":[3.875,11,3.75,11.125],"texture":"#0"},"east":{"uv":[3.75,11,3.875,11.125],"texture":"#0"},"south":{"uv":[3.75,11,3.875,11.125],"texture":"#0"},"west":{"uv":[3.75,11,3.875,11.125],"texture":"#0"},"up":{"uv":[3.75,11,3.875,11.125],"texture":"#0"},"down":{"uv":[3.75,11,3.875,11.125],"texture":"#0"}}},{"name":"crystal_frostblade_34","from":[7.8125,4.625,7.9375],"to":[7.9375,5,8.0625],"rotation":{"angle":0,"axis":"y","origin":[0.0625,0,7.9375]},"faces":{"north":{"uv":[4.5,11,4.375,11.375],"texture":"#0"},"east":{"uv":[4.375,11,4.5,11.375],"texture":"#0"},"south":{"uv":[4.375,11,4.5,11.375],"texture":"#0"},"west":{"uv":[4.375,11,4.5,11.375],"texture":"#0"},"up":{"uv":[4.375,11,4.5,11.125],"texture":"#0"},"down":{"uv":[4.375,11.25,4.5,11.375],"texture":"#0"}}},{"name":"crystal_frostblade_35","from":[8.0625,4.625,7.9375],"to":[8.1875,5,8.0625],"rotation":{"angle":0,"axis":"y","origin":[0.0625,0,7.9375]},"faces":{"north":{"uv":[4.75,11,4.625,11.375],"texture":"#0"},"east":{"uv":[4.625,11,4.75,11.375],"texture":"#0"},"south":{"uv":[4.625,11,4.75,11.375],"texture":"#0"},"west":{"uv":[4.625,11,4.75,11.375],"texture":"#0"},"up":{"uv":[4.625,11,4.75,11.125],"texture":"#0"},"down":{"uv":[4.625,11.25,4.75,11.375],"texture":"#0"}}},{"name":"crystal_frostblade_36","from":[6.5625,3.75,7.9375],"to":[7.1875,3.875,8.0625],"rotation":{"angle":0,"axis":"y","origin":[0.0625,0,7.9375]},"faces":{"north":{"uv":[7.125,11,6.5,11.125],"texture":"#0"},"east":{"uv":[7,11,7.125,11.125],"texture":"#0"},"south":{"uv":[6.5,11,7.125,11.125],"texture":"#0"},"west":{"uv":[6.5,11,6.625,11.125],"texture":"#0"},"up":{"uv":[6.5,11,7.125,11.125],"texture":"#0"},"down":{"uv":[6.5,11,7.125,11.125],"texture":"#0"}}},{"name":"crystal_frostblade_37","from":[8.8125,3.625,7.9375],"to":[9.3125,3.875,8.0625],"rotation":{"angle":0,"axis":"y","origin":[0.0625,0,7.9375]},"faces":{"north":{"uv":[9.25,11,8.75,11.25],"texture":"#0"},"east":{"uv":[9.125,11,9.25,11.25],"texture":"#0"},"south":{"uv":[8.75,11,9.25,11.25],"texture":"#0"},"west":{"uv":[8.75,11,8.875,11.25],"texture":"#0"},"up":{"uv":[8.75,11,9.25,11.125],"texture":"#0"},"down":{"uv":[8.75,11.125,9.25,11.25],"texture":"#0"}}},{"name":"crystal_frostblade_38","from":[9.3125,3.75,7.9375],"to":[9.4375,3.875,8.0625],"rotation":{"angle":0,"axis":"y","origin":[0.0625,0,7.9375]},"faces":{"north":{"uv":[9.375,11,9.25,11.125],"texture":"#0"},"east":{"uv":[9.25,11,9.375,11.125],"texture":"#0"},"south":{"uv":[9.25,11,9.375,11.125],"texture":"#0"},"west":{"uv":[9.25,11,9.375,11.125],"texture":"#0"},"up":{"uv":[9.25,11,9.375,11.125],"texture":"#0"},"down":{"uv":[9.25,11,9.375,11.125],"texture":"#0"}}},{"name":"crystal_frostblade_39","from":[7.3125,4.75,7.96875],"to":[7.4375,4.875,8.03125],"rotation":{"angle":0,"axis":"y","origin":[0.0625,0,7.9375]},"faces":{"north":{"uv":[1.375,11.125,1.25,11.25],"texture":"#0"},"east":{"uv":[1.25,11.125,1.375,11.25],"texture":"#0"},"south":{"uv":[1.25,11.125,1.375,11.25],"texture":"#0"},"west":{"uv":[1.25,11.125,1.375,11.25],"texture":"#0"},"up":{"uv":[1.25,11.125,1.375,11.25],"texture":"#0"},"down":{"uv":[1.25,11.125,1.375,11.25],"texture":"#0"}}},{"name":"crystal_frostblade_40","from":[7.5625,4.625,7.96875],"to":[7.6875,4.875,8.03125],"rotation":{"angle":0,"axis":"y","origin":[0.0625,0,7.9375]},"faces":{"north":{"uv":[1.625,11.125,1.5,11.375],"texture":"#0"},"east":{"uv":[1.5,11.125,1.625,11.375],"texture":"#0"},"south":{"uv":[1.5,11.125,1.625,11.375],"texture":"#0"},"west":{"uv":[1.5,11.125,1.625,11.375],"texture":"#0"},"up":{"uv":[1.5,11.125,1.625,11.25],"texture":"#0"},"down":{"uv":[1.5,11.25,1.625,11.375],"texture":"#0"}}},{"name":"crystal_frostblade_41","from":[8.3125,4.625,7.96875],"to":[8.4375,4.875,8.03125],"rotation":{"angle":0,"axis":"y","origin":[0.0625,0,7.9375]},"faces":{"north":{"uv":[2.375,11.125,2.25,11.375],"texture":"#0"},"east":{"uv":[2.25,11.125,2.375,11.375],"texture":"#0"},"south":{"uv":[2.25,11.125,2.375,11.375],"texture":"#0"},"west":{"uv":[2.25,11.125,2.375,11.375],"texture":"#0"},"up":{"uv":[2.25,11.125,2.375,11.25],"texture":"#0"},"down":{"uv":[2.25,11.25,2.375,11.375],"texture":"#0"}}},{"name":"crystal_frostblade_42","from":[8.5625,4.75,7.96875],"to":[8.6875,4.875,8.03125],"rotation":{"angle":0,"axis":"y","origin":[0.0625,0,7.9375]},"faces":{"north":{"uv":[2.625,11.125,2.5,11.25],"texture":"#0"},"east":{"uv":[2.5,11.125,2.625,11.25],"texture":"#0"},"south":{"uv":[2.5,11.125,2.625,11.25],"texture":"#0"},"west":{"uv":[2.5,11.125,2.625,11.25],"texture":"#0"},"up":{"uv":[2.5,11.125,2.625,11.25],"texture":"#0"},"down":{"uv":[2.5,11.125,2.625,11.25],"texture":"#0"}}},{"name":"crystal_frostblade_43","from":[7.6875,4.75,7.9375],"to":[7.8125,4.875,8.0625],"rotation":{"angle":0,"axis":"y","origin":[0.0625,0,7.9375]},"faces":{"north":{"uv":[4.375,11.125,4.25,11.25],"texture":"#0"},"east":{"uv":[4.25,11.125,4.375,11.25],"texture":"#0"},"south":{"uv":[4.25,11.125,4.375,11.25],"texture":"#0"},"west":{"uv":[4.25,11.125,4.375,11.25],"texture":"#0"},"up":{"uv":[4.25,11.125,4.375,11.25],"texture":"#0"},"down":{"uv":[4.25,11.125,4.375,11.25],"texture":"#0"}}},{"name":"crystal_frostblade_44","from":[8.1875,4.75,7.9375],"to":[8.3125,4.875,8.0625],"rotation":{"angle":0,"axis":"y","origin":[0.0625,0,7.9375]},"faces":{"north":{"uv":[4.875,11.125,4.75,11.25],"texture":"#0"},"east":{"uv":[4.75,11.125,4.875,11.25],"texture":"#0"},"south":{"uv":[4.75,11.125,4.875,11.25],"texture":"#0"},"west":{"uv":[4.75,11.125,4.875,11.25],"texture":"#0"},"up":{"uv":[4.75,11.125,4.875,11.25],"texture":"#0"},"down":{"uv":[4.75,11.125,4.875,11.25],"texture":"#0"}}},{"name":"crystal_frostblade_45","from":[6.6875,3.625,7.9375],"to":[7.1875,3.75,8.0625],"rotation":{"angle":0,"axis":"y","origin":[0.0625,0,7.9375]},"faces":{"north":{"uv":[7.125,11.125,6.625,11.25],"texture":"#0"},"east":{"uv":[7,11.125,7.125,11.25],"texture":"#0"},"south":{"uv":[6.625,11.125,7.125,11.25],"texture":"#0"},"west":{"uv":[6.625,11.125,6.75,11.25],"texture":"#0"},"up":{"uv":[6.625,11.125,7.125,11.25],"texture":"#0"},"down":{"uv":[6.625,11.125,7.125,11.25],"texture":"#0"}}},{"name":"crystal_frostblade_46","from":[7.6875,4.25,7.96875],"to":[7.8125,4.75,8.03125],"rotation":{"angle":0,"axis":"y","origin":[0.0625,0,7.9375]},"faces":{"north":{"uv":[1.75,11.25,1.625,11.75],"texture":"#0"},"east":{"uv":[1.625,11.25,1.75,11.75],"texture":"#0"},"south":{"uv":[1.625,11.25,1.75,11.75],"texture":"#0"},"west":{"uv":[1.625,11.25,1.75,11.75],"texture":"#0"},"up":{"uv":[1.625,11.25,1.75,11.375],"texture":"#0"},"down":{"uv":[1.625,11.625,1.75,11.75],"texture":"#0"}}},{"name":"crystal_frostblade_47","from":[8.1875,4.25,7.96875],"to":[8.3125,4.75,8.03125],"rotation":{"angle":0,"axis":"y","origin":[0.0625,0,7.9375]},"faces":{"north":{"uv":[2.25,11.25,2.125,11.75],"texture":"#0"},"east":{"uv":[2.125,11.25,2.25,11.75],"texture":"#0"},"south":{"uv":[2.125,11.25,2.25,11.75],"texture":"#0"},"west":{"uv":[2.125,11.25,2.25,11.75],"texture":"#0"},"up":{"uv":[2.125,11.25,2.25,11.375],"texture":"#0"},"down":{"uv":[2.125,11.625,2.25,11.75],"texture":"#0"}}},{"name":"crystal_frostblade_48","from":[6.9375,3.5,7.9375],"to":[7.1875,3.625,8.0625],"rotation":{"angle":0,"axis":"y","origin":[0.0625,0,7.9375]},"faces":{"north":{"uv":[7.125,11.25,6.875,11.375],"texture":"#0"},"east":{"uv":[7,11.25,7.125,11.375],"texture":"#0"},"south":{"uv":[6.875,11.25,7.125,11.375],"texture":"#0"},"west":{"uv":[6.875,11.25,7,11.375],"texture":"#0"},"up":{"uv":[6.875,11.25,7.125,11.375],"texture":"#0"},"down":{"uv":[6.875,11.25,7.125,11.375],"texture":"#0"}}},{"name":"crystal_frostblade_49","from":[8.8125,3.5,7.9375],"to":[9.0625,3.625,8.0625],"rotation":{"angle":0,"axis":"y","origin":[0.0625,0,7.9375]},"faces":{"north":{"uv":[9,11.25,8.75,11.375],"texture":"#0"},"east":{"uv":[8.875,11.25,9,11.375],"texture":"#0"},"south":{"uv":[8.75,11.25,9,11.375],"texture":"#0"},"west":{"uv":[8.75,11.25,8.875,11.375],"texture":"#0"},"up":{"uv":[8.75,11.25,9,11.375],"texture":"#0"},"down":{"uv":[8.75,11.25,9,11.375],"texture":"#0"}}},{"name":"crystal_frostblade_50","from":[7.8125,4.25,7.9375],"to":[7.9375,4.625,8.0625],"rotation":{"angle":0,"axis":"y","origin":[0.0625,0,7.9375]},"faces":{"north":{"uv":[3.375,11.375,3.25,11.75],"texture":"#0"},"east":{"uv":[3.25,11.375,3.375,11.75],"texture":"#0"},"south":{"uv":[3.25,11.375,3.375,11.75],"texture":"#0"},"west":{"uv":[3.25,11.375,3.375,11.75],"texture":"#0"},"up":{"uv":[3.25,11.375,3.375,11.5],"texture":"#0"},"down":{"uv":[3.25,11.625,3.375,11.75],"texture":"#0"}}},{"name":"crystal_frostblade_51","from":[8.0625,4.25,7.9375],"to":[8.1875,4.625,8.0625],"rotation":{"angle":0,"axis":"y","origin":[0.0625,0,7.9375]},"faces":{"north":{"uv":[3.625,11.375,3.5,11.75],"texture":"#0"},"east":{"uv":[3.5,11.375,3.625,11.75],"texture":"#0"},"south":{"uv":[3.5,11.375,3.625,11.75],"texture":"#0"},"west":{"uv":[3.5,11.375,3.625,11.75],"texture":"#0"},"up":{"uv":[3.5,11.375,3.625,11.5],"texture":"#0"},"down":{"uv":[3.5,11.625,3.625,11.75],"texture":"#0"}}},{"name":"crystal_frostblade_52","from":[7.0625,3.375,7.9375],"to":[7.1875,3.5,8.0625],"rotation":{"angle":0,"axis":"y","origin":[0.0625,0,7.9375]},"faces":{"north":{"uv":[7.125,11.375,7,11.5],"texture":"#0"},"east":{"uv":[7,11.375,7.125,11.5],"texture":"#0"},"south":{"uv":[7,11.375,7.125,11.5],"texture":"#0"},"west":{"uv":[7,11.375,7.125,11.5],"texture":"#0"},"up":{"uv":[7,11.375,7.125,11.5],"texture":"#0"},"down":{"uv":[7,11.375,7.125,11.5],"texture":"#0"}}},{"name":"crystal_frostblade_53","from":[8.8125,3.375,7.9375],"to":[8.9375,3.5,8.0625],"rotation":{"angle":0,"axis":"y","origin":[0.0625,0,7.9375]},"faces":{"north":{"uv":[8.875,11.375,8.75,11.5],"texture":"#0"},"east":{"uv":[8.75,11.375,8.875,11.5],"texture":"#0"},"south":{"uv":[8.75,11.375,8.875,11.5],"texture":"#0"},"west":{"uv":[8.75,11.375,8.875,11.5],"texture":"#0"},"up":{"uv":[8.75,11.375,8.875,11.5],"texture":"#0"},"down":{"uv":[8.75,11.375,8.875,11.5],"texture":"#0"}}},{"name":"crystal_frostblade_54","from":[7.5625,4,7.8125],"to":[7.8125,4.25,8.1875],"rotation":{"angle":0,"axis":"y","origin":[0.0625,0,7.9375]},"faces":{"north":{"uv":[7.75,11.75,7.5,12],"texture":"#0"},"east":{"uv":[7.625,11.75,7.75,12],"texture":"#0"},"south":{"uv":[7.5,11.75,7.75,12],"texture":"#0"},"west":{"uv":[7.5,11.75,7.625,12],"texture":"#0"},"up":{"uv":[7.5,11.75,7.75,11.875],"texture":"#0"},"down":{"uv":[7.5,11.875,7.75,12],"texture":"#0"}}},{"name":"crystal_frostblade_55","from":[7.8125,4.125,7.8125],"to":[7.9375,4.25,8.1875],"rotation":{"angle":0,"axis":"y","origin":[0.0625,0,7.9375]},"faces":{"north":{"uv":[7.875,11.75,7.75,11.875],"texture":"#0"},"east":{"uv":[7.75,11.75,7.875,11.875],"texture":"#0"},"south":{"uv":[7.75,11.75,7.875,11.875],"texture":"#0"},"west":{"uv":[7.75,11.75,7.875,11.875],"texture":"#0"},"up":{"uv":[7.75,11.75,7.875,11.875],"texture":"#0"},"down":{"uv":[7.75,11.75,7.875,11.875],"texture":"#0"}}},{"name":"crystal_frostblade_56","from":[8.0625,4.125,7.8125],"to":[8.4375,4.25,8.1875],"rotation":{"angle":0,"axis":"y","origin":[0.0625,0,7.9375]},"faces":{"north":{"uv":[8.375,11.75,8,11.875],"texture":"#0"},"east":{"uv":[8.25,11.75,8.375,11.875],"texture":"#0"},"south":{"uv":[8,11.75,8.375,11.875],"texture":"#0"},"west":{"uv":[8,11.75,8.125,11.875],"texture":"#0"},"up":{"uv":[8,11.75,8.375,11.875],"texture":"#0"},"down":{"uv":[8,11.75,8.375,11.875],"texture":"#0"}}},{"name":"crystal_frostblade_57","from":[7.1875,4,7.8125],"to":[7.5625,4.125,8.1875],"rotation":{"angle":0,"axis":"y","origin":[0.0625,0,7.9375]},"faces":{"north":{"uv":[7.5,11.875,7.125,12],"texture":"#0"},"east":{"uv":[7.375,11.875,7.5,12],"texture":"#0"},"south":{"uv":[7.125,11.875,7.5,12],"texture":"#0"},"west":{"uv":[7.125,11.875,7.25,12],"texture":"#0"},"up":{"uv":[7.125,11.875,7.5,12],"texture":"#0"},"down":{"uv":[7.125,11.875,7.5,12],"texture":"#0"}}},{"name":"crystal_frostblade_58","from":[8.1875,4,7.8125],"to":[8.8125,4.125,8.1875],"rotation":{"angle":0,"axis":"y","origin":[0.0625,0,7.9375]},"faces":{"north":{"uv":[8.75,11.875,8.125,12],"texture":"#0"},"east":{"uv":[8.625,11.875,8.75,12],"texture":"#0"},"south":{"uv":[8.125,11.875,8.75,12],"texture":"#0"},"west":{"uv":[8.125,11.875,8.25,12],"texture":"#0"},"up":{"uv":[8.125,11.875,8.75,12],"texture":"#0"},"down":{"uv":[8.125,11.875,8.75,12],"texture":"#0"}}},{"name":"crystal_frostblade_59","from":[7.1875,3.75,7.8125],"to":[7.8125,3.875,8.1875],"rotation":{"angle":0,"axis":"y","origin":[0.0625,0,7.9375]},"faces":{"north":{"uv":[7.75,12.125,7.125,12.25],"texture":"#0"},"east":{"uv":[7.625,12.125,7.75,12.25],"texture":"#0"},"south":{"uv":[7.125,12.125,7.75,12.25],"texture":"#0"},"west":{"uv":[7.125,12.125,7.25,12.25],"texture":"#0"},"up":{"uv":[7.125,12.125,7.75,12.25],"texture":"#0"},"down":{"uv":[7.125,12.125,7.75,12.25],"texture":"#0"}}},{"name":"crystal_frostblade_60","from":[8.1875,3.625,7.8125],"to":[8.4375,3.875,8.1875],"rotation":{"angle":0,"axis":"y","origin":[0.0625,0,7.9375]},"faces":{"north":{"uv":[8.375,12.125,8.125,12.375],"texture":"#0"},"east":{"uv":[8.25,12.125,8.375,12.375],"texture":"#0"},"south":{"uv":[8.125,12.125,8.375,12.375],"texture":"#0"},"west":{"uv":[8.125,12.125,8.25,12.375],"texture":"#0"},"up":{"uv":[8.125,12.125,8.375,12.25],"texture":"#0"},"down":{"uv":[8.125,12.25,8.375,12.375],"texture":"#0"}}},{"name":"crystal_frostblade_61","from":[8.4375,3.75,7.8125],"to":[8.8125,3.875,8.1875],"rotation":{"angle":0,"axis":"y","origin":[0.0625,0,7.9375]},"faces":{"north":{"uv":[8.75,12.125,8.375,12.25],"texture":"#0"},"east":{"uv":[8.625,12.125,8.75,12.25],"texture":"#0"},"south":{"uv":[8.375,12.125,8.75,12.25],"texture":"#0"},"west":{"uv":[8.375,12.125,8.5,12.25],"texture":"#0"},"up":{"uv":[8.375,12.125,8.75,12.25],"texture":"#0"},"down":{"uv":[8.375,12.125,8.75,12.25],"texture":"#0"}}},{"name":"crystal_frostblade_62","from":[7.5625,3.625,7.8125],"to":[7.9375,3.75,8.1875],"rotation":{"angle":0,"axis":"y","origin":[0.0625,0,7.9375]},"faces":{"north":{"uv":[7.875,12.25,7.5,12.375],"texture":"#0"},"east":{"uv":[7.75,12.25,7.875,12.375],"texture":"#0"},"south":{"uv":[7.5,12.25,7.875,12.375],"texture":"#0"},"west":{"uv":[7.5,12.25,7.625,12.375],"texture":"#0"},"up":{"uv":[7.5,12.25,7.875,12.375],"texture":"#0"},"down":{"uv":[7.5,12.25,7.875,12.375],"texture":"#0"}}},{"name":"crystal_frostblade_63","from":[8.0625,3.5,7.8125],"to":[8.1875,3.75,8.1875],"rotation":{"angle":0,"axis":"y","origin":[0.0625,0,7.9375]},"faces":{"north":{"uv":[8.125,12.25,8,12.5],"texture":"#0"},"east":{"uv":[8,12.25,8.125,12.5],"texture":"#0"},"south":{"uv":[8,12.25,8.125,12.5],"texture":"#0"},"west":{"uv":[8,12.25,8.125,12.5],"texture":"#0"},"up":{"uv":[8,12.25,8.125,12.375],"texture":"#0"},"down":{"uv":[8,12.375,8.125,12.5],"texture":"#0"}}},{"name":"crystal_frostblade_64","from":[7.6875,3.5,7.8125],"to":[8.0625,3.625,8.1875],"rotation":{"angle":0,"axis":"y","origin":[0.0625,0,7.9375]},"faces":{"north":{"uv":[8,12.375,7.625,12.5],"texture":"#0"},"east":{"uv":[7.875,12.375,8,12.5],"texture":"#0"},"south":{"uv":[7.625,12.375,8,12.5],"texture":"#0"},"west":{"uv":[7.625,12.375,7.75,12.5],"texture":"#0"},"up":{"uv":[7.625,12.375,8,12.5],"texture":"#0"},"down":{"uv":[7.625,12.375,8,12.5],"texture":"#0"}}},{"name":"crystal_frostblade_65","from":[8.1875,3.5,7.8125],"to":[8.3125,3.625,8.1875],"rotation":{"angle":0,"axis":"y","origin":[0.0625,0,7.9375]},"faces":{"north":{"uv":[8.25,12.375,8.125,12.5],"texture":"#0"},"east":{"uv":[8.125,12.375,8.25,12.5],"texture":"#0"},"south":{"uv":[8.125,12.375,8.25,12.5],"texture":"#0"},"west":{"uv":[8.125,12.375,8.25,12.5],"texture":"#0"},"up":{"uv":[8.125,12.375,8.25,12.5],"texture":"#0"},"down":{"uv":[8.125,12.375,8.25,12.5],"texture":"#0"}}},{"name":"crystal_frostblade_66","from":[7.8125,1.5,7.8125],"to":[8.1875,3.5,8.1875],"rotation":{"angle":0,"axis":"y","origin":[0.0625,0,7.9375]},"faces":{"north":{"uv":[8.875,12.5,8.5,14.5],"texture":"#0"},"east":{"uv":[8.75,12.5,8.875,14.5],"texture":"#0"},"south":{"uv":[8.5,12.5,8.875,14.5],"texture":"#0"},"west":{"uv":[8.5,12.5,8.625,14.5],"texture":"#0"},"up":{"uv":[8.5,12.5,8.875,12.625],"texture":"#0"},"down":{"uv":[8.5,14.375,8.875,14.5],"texture":"#0"}}},{"name":"crystal_frostblade_67","from":[7.6875,1.375,7.8125],"to":[8.3125,1.5,8.1875],"rotation":{"angle":0,"axis":"y","origin":[0.0625,0,7.9375]},"faces":{"north":{"uv":[8.25,14.5,7.625,14.625],"texture":"#0"},"east":{"uv":[8.125,14.5,8.25,14.625],"texture":"#0"},"south":{"uv":[7.625,14.5,8.25,14.625],"texture":"#0"},"west":{"uv":[7.625,14.5,7.75,14.625],"texture":"#0"},"up":{"uv":[7.625,14.5,8.25,14.625],"texture":"#0"},"down":{"uv":[7.625,14.5,8.25,14.625],"texture":"#0"}}},{"name":"crystal_frostblade_68","from":[7.8125,0.375,7.90625],"to":[8.1875,1.375,8.09375],"rotation":{"angle":0,"axis":"y","origin":[0.0625,0,7.9375]},"faces":{"north":{"uv":[8.125,14.625,7.75,15.625],"texture":"#0"},"east":{"uv":[8,14.625,8.125,15.625],"texture":"#0"},"south":{"uv":[7.75,14.625,8.125,15.625],"texture":"#0"},"west":{"uv":[7.75,14.625,7.875,15.625],"texture":"#0"},"up":{"uv":[7.75,14.625,8.125,14.75],"texture":"#0"},"down":{"uv":[7.75,15.5,8.125,15.625],"texture":"#0"}}},{"name":"crystal_frostblade_69","from":[7.6875,0.75,7.90625],"to":[7.8125,1.125,8.09375],"rotation":{"angle":0,"axis":"y","origin":[0.0625,0,7.9375]},"faces":{"north":{"uv":[7.75,14.875,7.625,15.25],"texture":"#0"},"east":{"uv":[7.625,14.875,7.75,15.25],"texture":"#0"},"south":{"uv":[7.625,14.875,7.75,15.25],"texture":"#0"},"west":{"uv":[7.625,14.875,7.75,15.25],"texture":"#0"},"up":{"uv":[7.625,14.875,7.75,15],"texture":"#0"},"down":{"uv":[7.625,15.125,7.75,15.25],"texture":"#0"}}},{"name":"crystal_frostblade_70","from":[8.1875,0.75,7.90625],"to":[8.3125,1.125,8.09375],"rotation":{"angle":0,"axis":"y","origin":[0.0625,0,7.9375]},"faces":{"north":{"uv":[8.25,14.875,8.125,15.25],"texture":"#0"},"east":{"uv":[8.125,14.875,8.25,15.25],"texture":"#0"},"south":{"uv":[8.125,14.875,8.25,15.25],"texture":"#0"},"west":{"uv":[8.125,14.875,8.25,15.25],"texture":"#0"},"up":{"uv":[8.125,14.875,8.25,15],"texture":"#0"},"down":{"uv":[8.125,15.125,8.25,15.25],"texture":"#0"}}},{"name":"crystal_frostblade_71","from":[7.4375,0.875,7.90625],"to":[7.6875,1,8.09375],"rotation":{"angle":0,"axis":"y","origin":[0.0625,0,7.9375]},"faces":{"north":{"uv":[7.625,15,7.375,15.125],"texture":"#0"},"east":{"uv":[7.5,15,7.625,15.125],"texture":"#0"},"south":{"uv":[7.375,15,7.625,15.125],"texture":"#0"},"west":{"uv":[7.375,15,7.5,15.125],"texture":"#0"},"up":{"uv":[7.375,15,7.625,15.125],"texture":"#0"},"down":{"uv":[7.375,15,7.625,15.125],"texture":"#0"}}},{"name":"crystal_frostblade_72","from":[8.3125,0.875,7.90625],"to":[8.5625,1,8.09375],"rotation":{"angle":0,"axis":"y","origin":[0.0625,0,7.9375]},"faces":{"north":{"uv":[8.5,15,8.25,15.125],"texture":"#0"},"east":{"uv":[8.375,15,8.5,15.125],"texture":"#0"},"south":{"uv":[8.25,15,8.5,15.125],"texture":"#0"},"west":{"uv":[8.25,15,8.375,15.125],"texture":"#0"},"up":{"uv":[8.25,15,8.5,15.125],"texture":"#0"},"down":{"uv":[8.25,15,8.5,15.125],"texture":"#0"}}},{"name":"crystal_frostblade_73","from":[7.9375,0,7.90625],"to":[8.0625,0.375,8.09375],"rotation":{"angle":0,"axis":"y","origin":[0.0625,0,7.9375]},"faces":{"north":{"uv":[8,15.625,7.875,16],"texture":"#0"},"east":{"uv":[7.875,15.625,8,16],"texture":"#0"},"south":{"uv":[7.875,15.625,8,16],"texture":"#0"},"west":{"uv":[7.875,15.625,8,16],"texture":"#0"},"up":{"uv":[7.875,15.625,8,15.75],"texture":"#0"},"down":{"uv":[7.875,15.875,8,16],"texture":"#0"}}}],"gui_light":"front","display":{"thirdperson_righthand":{"rotation":[0,-90,0],"translation":[0,11.25,1.5],"scale":[2.4,2.4,2.4]},"thirdperson_lefthand":{"rotation":[0,-90,0],"translation":[0,11.25,1.5],"scale":[2.4,2.4,2.4]},"firstperson_righthand":{"rotation":[10,-90,0],"translation":[-1.5,9.75,4.75],"scale":[1.4,1.4,1.4]},"firstperson_lefthand":{"rotation":[10,-90,0],"translation":[-1.5,9.75,4.75],"scale":[1.4,1.4,1.4]},"ground":{"rotation":[0,0,45],"translation":[0,1.5,0.25]},"gui":{"rotation":[0,0,-45],"translation":[0.25,0,0],"scale":[1.4,1.4,1]},"head":{"rotation":[0,0,45],"translation":[1,17.75,0],"scale":[2,2,2]},"fixed":{"rotation":[0,0,90],"translation":[2.25,-0.25,-0.5],"scale":[4,4,4]}}}