{"textures":{"1":"fantasy_weapons:item/iron_greataxe","particle":"fantasy_weapons:item/iron_greataxe"},"elements":[{"name":"iron_greataxe_0","from":[8.65625,19.25,7.84375],"to":[9.15625,19.5,8.34375],"rotation":{"angle":0,"axis":"y","origin":[0.40625,0,7.84375]},"faces":{"north":{"uv":[8.625,0.75,8.125,1],"texture":"#1"},"east":{"uv":[8.5,0.75,8.625,1],"texture":"#1"},"south":{"uv":[8.125,0.75,8.625,1],"texture":"#1"},"west":{"uv":[8.125,0.75,8.25,1],"texture":"#1"},"up":{"uv":[8.125,0.75,8.625,0.875],"texture":"#1"},"down":{"uv":[8.125,0.875,8.625,1],"texture":"#1"}}},{"name":"iron_greataxe_1","from":[6.03125,16,8.03125],"to":[6.53125,19.25,8.15625],"rotation":{"angle":0,"axis":"y","origin":[0.40625,0,7.84375]},"faces":{"north":{"uv":[2.75,1,2.25,4.25],"texture":"#1"},"east":{"uv":[2.625,1,2.75,4.25],"texture":"#1"},"south":{"uv":[2.25,1,2.75,4.25],"texture":"#1"},"west":{"uv":[2.25,1,2.375,4.25],"texture":"#1"},"up":{"uv":[2.25,1,2.75,1.125],"texture":"#1"},"down":{"uv":[2.25,4.125,2.75,4.25],"texture":"#1"}}},{"name":"iron_greataxe_2","from":[6.53125,16.25,7.96875],"to":[7.03125,19.25,8.21875],"rotation":{"angle":0,"axis":"y","origin":[0.40625,0,7.84375]},"faces":{"north":{"uv":[4,1,3.5,4],"texture":"#1"},"east":{"uv":[3.875,1,4,4],"texture":"#1"},"south":{"uv":[3.5,1,4,4],"texture":"#1"},"west":{"uv":[3.5,1,3.625,4],"texture":"#1"},"up":{"uv":[3.5,1,4,1.125],"texture":"#1"},"down":{"uv":[3.5,3.875,4,4],"texture":"#1"}}},{"name":"iron_greataxe_3","from":[7.03125,17.125,7.90625],"to":[7.78125,19.25,8.28125],"rotation":{"angle":0,"axis":"y","origin":[0.40625,0,7.84375]},"faces":{"north":{"uv":[5.5,1,4.75,3.125],"texture":"#1"},"east":{"uv":[5.375,1,5.5,3.125],"texture":"#1"},"south":{"uv":[4.75,1,5.5,3.125],"texture":"#1"},"west":{"uv":[4.75,1,4.875,3.125],"texture":"#1"},"up":{"uv":[4.75,1,5.5,1.125],"texture":"#1"},"down":{"uv":[4.75,3,5.5,3.125],"texture":"#1"}}},{"name":"iron_greataxe_4","from":[8.53125,19,7.71875],"to":[9.28125,19.25,8.46875],"rotation":{"angle":0,"axis":"y","origin":[0.40625,0,7.84375]},"faces":{"north":{"uv":[8,1,7.25,1.25],"texture":"#1"},"east":{"uv":[7.875,1,8,1.25],"texture":"#1"},"south":{"uv":[7.25,1,8,1.25],"texture":"#1"},"west":{"uv":[7.25,1,7.375,1.25],"texture":"#1"},"up":{"uv":[7.25,1,8,1.125],"texture":"#1"},"down":{"uv":[7.25,1.125,8,1.25],"texture":"#1"}}},{"name":"iron_greataxe_5","from":[7.78125,17.25,7.90625],"to":[7.90625,19.125,8.28125],"rotation":{"angle":0,"axis":"y","origin":[0.40625,0,7.84375]},"faces":{"north":{"uv":[5.625,1.125,5.5,3],"texture":"#1"},"east":{"uv":[5.5,1.125,5.625,3],"texture":"#1"},"south":{"uv":[5.5,1.125,5.625,3],"texture":"#1"},"west":{"uv":[5.5,1.125,5.625,3],"texture":"#1"},"up":{"uv":[5.5,1.125,5.625,1.25],"texture":"#1"},"down":{"uv":[5.5,2.875,5.625,3],"texture":"#1"}}},{"name":"iron_greataxe_6","from":[7.90625,17.375,7.96875],"to":[8.65625,19,8.21875],"rotation":{"angle":0,"axis":"y","origin":[0.40625,0,7.84375]},"faces":{"north":{"uv":[6.75,1.25,6,2.875],"texture":"#1"},"east":{"uv":[6.625,1.25,6.75,2.875],"texture":"#1"},"south":{"uv":[6,1.25,6.75,2.875],"texture":"#1"},"west":{"uv":[6,1.25,6.125,2.875],"texture":"#1"},"up":{"uv":[6,1.25,6.75,1.375],"texture":"#1"},"down":{"uv":[6,2.75,6.75,2.875],"texture":"#1"}}},{"name":"iron_greataxe_7","from":[8.65625,16.75,7.84375],"to":[9.15625,19,8.34375],"rotation":{"angle":0,"axis":"y","origin":[0.40625,0,7.84375]},"faces":{"north":{"uv":[9.625,1.25,9.125,3.5],"texture":"#1"},"east":{"uv":[9.5,1.25,9.625,3.5],"texture":"#1"},"south":{"uv":[9.125,1.25,9.625,3.5],"texture":"#1"},"west":{"uv":[9.125,1.25,9.25,3.5],"texture":"#1"},"up":{"uv":[9.125,1.25,9.625,1.375],"texture":"#1"},"down":{"uv":[9.125,3.375,9.625,3.5],"texture":"#1"}}},{"name":"iron_greataxe_8","from":[9.15625,18.25,7.84375],"to":[9.90625,19,7.96875],"rotation":{"angle":0,"axis":"y","origin":[0.40625,0,7.84375]},"faces":{"north":{"uv":[11.125,1.25,10.375,2],"texture":"#1"},"east":{"uv":[11,1.25,11.125,2],"texture":"#1"},"south":{"uv":[10.375,1.25,11.125,2],"texture":"#1"},"west":{"uv":[10.375,1.25,10.5,2],"texture":"#1"},"up":{"uv":[10.375,1.25,11.125,1.375],"texture":"#1"},"down":{"uv":[10.375,1.875,11.125,2],"texture":"#1"}}},{"name":"iron_greataxe_9","from":[8.65625,1,7.84375],"to":[9.15625,15.625,8.34375],"rotation":{"angle":0,"axis":"y","origin":[0.40625,0,7.84375]},"faces":{"north":{"uv":[13.875,1.25,13.375,15.875],"texture":"#1"},"east":{"uv":[13.75,1.25,13.875,15.875],"texture":"#1"},"south":{"uv":[13.375,1.25,13.875,15.875],"texture":"#1"},"west":{"uv":[13.375,1.25,13.5,15.875],"texture":"#1"},"up":{"uv":[13.375,1.25,13.875,1.375],"texture":"#1"},"down":{"uv":[13.375,15.75,13.875,15.875],"texture":"#1"}}},{"name":"iron_greataxe_10","from":[9.15625,17.375,7.84375],"to":[9.65625,18.25,7.96875],"rotation":{"angle":0,"axis":"y","origin":[0.40625,0,7.84375]},"faces":{"north":{"uv":[10.875,2,10.375,2.875],"texture":"#1"},"east":{"uv":[10.75,2,10.875,2.875],"texture":"#1"},"south":{"uv":[10.375,2,10.875,2.875],"texture":"#1"},"west":{"uv":[10.375,2,10.5,2.875],"texture":"#1"},"up":{"uv":[10.375,2,10.875,2.125],"texture":"#1"},"down":{"uv":[10.375,2.75,10.875,2.875],"texture":"#1"}}},{"name":"iron_greataxe_11","from":[9.65625,18,7.84375],"to":[9.78125,18.25,7.96875],"rotation":{"angle":0,"axis":"y","origin":[0.40625,0,7.84375]},"faces":{"north":{"uv":[11,2,10.875,2.25],"texture":"#1"},"east":{"uv":[10.875,2,11,2.25],"texture":"#1"},"south":{"uv":[10.875,2,11,2.25],"texture":"#1"},"west":{"uv":[10.875,2,11,2.25],"texture":"#1"},"up":{"uv":[10.875,2,11,2.125],"texture":"#1"},"down":{"uv":[10.875,2.125,11,2.25],"texture":"#1"}}},{"name":"iron_greataxe_12","from":[7.03125,16.5,7.90625],"to":[7.65625,17.125,8.28125],"rotation":{"angle":0,"axis":"y","origin":[0.40625,0,7.84375]},"faces":{"north":{"uv":[5.375,3.125,4.75,3.75],"texture":"#1"},"east":{"uv":[5.25,3.125,5.375,3.75],"texture":"#1"},"south":{"uv":[4.75,3.125,5.375,3.75],"texture":"#1"},"west":{"uv":[4.75,3.125,4.875,3.75],"texture":"#1"},"up":{"uv":[4.75,3.125,5.375,3.25],"texture":"#1"},"down":{"uv":[4.75,3.625,5.375,3.75],"texture":"#1"}}},{"name":"iron_greataxe_13","from":[8.53125,16.5,7.71875],"to":[9.28125,16.75,8.46875],"rotation":{"angle":0,"axis":"y","origin":[0.40625,0,7.84375]},"faces":{"north":{"uv":[8,3.5,7.25,3.75],"texture":"#1"},"east":{"uv":[7.875,3.5,8,3.75],"texture":"#1"},"south":{"uv":[7.25,3.5,8,3.75],"texture":"#1"},"west":{"uv":[7.25,3.5,7.375,3.75],"texture":"#1"},"up":{"uv":[7.25,3.5,8,3.625],"texture":"#1"},"down":{"uv":[7.25,3.625,8,3.75],"texture":"#1"}}},{"name":"iron_greataxe_14","from":[7.03125,14.875,7.96875],"to":[7.15625,16.5,8.21875],"rotation":{"angle":0,"axis":"y","origin":[0.40625,0,7.84375]},"faces":{"north":{"uv":[4.125,3.75,4,5.375],"texture":"#1"},"east":{"uv":[4,3.75,4.125,5.375],"texture":"#1"},"south":{"uv":[4,3.75,4.125,5.375],"texture":"#1"},"west":{"uv":[4,3.75,4.125,5.375],"texture":"#1"},"up":{"uv":[4,3.75,4.125,3.875],"texture":"#1"},"down":{"uv":[4,5.25,4.125,5.375],"texture":"#1"}}},{"name":"iron_greataxe_15","from":[7.15625,15.875,7.90625],"to":[7.65625,16.5,8.28125],"rotation":{"angle":0,"axis":"y","origin":[0.40625,0,7.84375]},"faces":{"north":{"uv":[5.375,3.75,4.875,4.375],"texture":"#1"},"east":{"uv":[5.25,3.75,5.375,4.375],"texture":"#1"},"south":{"uv":[4.875,3.75,5.375,4.375],"texture":"#1"},"west":{"uv":[4.875,3.75,5,4.375],"texture":"#1"},"up":{"uv":[4.875,3.75,5.375,3.875],"texture":"#1"},"down":{"uv":[4.875,4.25,5.375,4.375],"texture":"#1"}}},{"name":"iron_greataxe_16","from":[8.65625,15.875,7.84375],"to":[9.15625,16.5,8.34375],"rotation":{"angle":0,"axis":"y","origin":[0.40625,0,7.84375]},"faces":{"north":{"uv":[9.625,3.75,9.125,4.375],"texture":"#1"},"east":{"uv":[9.5,3.75,9.625,4.375],"texture":"#1"},"south":{"uv":[9.125,3.75,9.625,4.375],"texture":"#1"},"west":{"uv":[9.125,3.75,9.25,4.375],"texture":"#1"},"up":{"uv":[9.125,3.75,9.625,3.875],"texture":"#1"},"down":{"uv":[9.125,4.25,9.625,4.375],"texture":"#1"}}},{"name":"iron_greataxe_17","from":[6.53125,14.625,8.03125],"to":[6.65625,16.25,8.15625],"rotation":{"angle":0,"axis":"y","origin":[0.40625,0,7.84375]},"faces":{"north":{"uv":[2.875,4,2.75,5.625],"texture":"#1"},"east":{"uv":[2.75,4,2.875,5.625],"texture":"#1"},"south":{"uv":[2.75,4,2.875,5.625],"texture":"#1"},"west":{"uv":[2.75,4,2.875,5.625],"texture":"#1"},"up":{"uv":[2.75,4,2.875,4.125],"texture":"#1"},"down":{"uv":[2.75,5.5,2.875,5.625],"texture":"#1"}}},{"name":"iron_greataxe_18","from":[6.65625,15.625,7.96875],"to":[7.03125,16.25,8.21875],"rotation":{"angle":0,"axis":"y","origin":[0.40625,0,7.84375]},"faces":{"north":{"uv":[4,4,3.625,4.625],"texture":"#1"},"east":{"uv":[3.875,4,4,4.625],"texture":"#1"},"south":{"uv":[3.625,4,4,4.625],"texture":"#1"},"west":{"uv":[3.625,4,3.75,4.625],"texture":"#1"},"up":{"uv":[3.625,4,4,4.125],"texture":"#1"},"down":{"uv":[3.625,4.5,4,4.625],"texture":"#1"}}},{"name":"iron_greataxe_19","from":[6.15625,15.375,8.03125],"to":[6.53125,16,8.15625],"rotation":{"angle":0,"axis":"y","origin":[0.40625,0,7.84375]},"faces":{"north":{"uv":[2.75,4.25,2.375,4.875],"texture":"#1"},"east":{"uv":[2.625,4.25,2.75,4.875],"texture":"#1"},"south":{"uv":[2.375,4.25,2.75,4.875],"texture":"#1"},"west":{"uv":[2.375,4.25,2.5,4.875],"texture":"#1"},"up":{"uv":[2.375,4.25,2.75,4.375],"texture":"#1"},"down":{"uv":[2.375,4.75,2.75,4.875],"texture":"#1"}}},{"name":"iron_greataxe_20","from":[7.15625,14.75,7.96875],"to":[7.28125,15.875,8.21875],"rotation":{"angle":0,"axis":"y","origin":[0.40625,0,7.84375]},"faces":{"north":{"uv":[4.25,4.375,4.125,5.5],"texture":"#1"},"east":{"uv":[4.125,4.375,4.25,5.5],"texture":"#1"},"south":{"uv":[4.125,4.375,4.25,5.5],"texture":"#1"},"west":{"uv":[4.125,4.375,4.25,5.5],"texture":"#1"},"up":{"uv":[4.125,4.375,4.25,4.5],"texture":"#1"},"down":{"uv":[4.125,5.375,4.25,5.5],"texture":"#1"}}},{"name":"iron_greataxe_21","from":[7.28125,15.5,7.90625],"to":[7.65625,15.875,8.28125],"rotation":{"angle":0,"axis":"y","origin":[0.40625,0,7.84375]},"faces":{"north":{"uv":[5.375,4.375,5,4.75],"texture":"#1"},"east":{"uv":[5.25,4.375,5.375,4.75],"texture":"#1"},"south":{"uv":[5,4.375,5.375,4.75],"texture":"#1"},"west":{"uv":[5,4.375,5.125,4.75],"texture":"#1"},"up":{"uv":[5,4.375,5.375,4.5],"texture":"#1"},"down":{"uv":[5,4.625,5.375,4.75],"texture":"#1"}}},{"name":"iron_greataxe_22","from":[8.53125,15.625,7.71875],"to":[9.28125,15.875,8.46875],"rotation":{"angle":0,"axis":"y","origin":[0.40625,0,7.84375]},"faces":{"north":{"uv":[8,4.375,7.25,4.625],"texture":"#1"},"east":{"uv":[7.875,4.375,8,4.625],"texture":"#1"},"south":{"uv":[7.25,4.375,8,4.625],"texture":"#1"},"west":{"uv":[7.25,4.375,7.375,4.625],"texture":"#1"},"up":{"uv":[7.25,4.375,8,4.5],"texture":"#1"},"down":{"uv":[7.25,4.5,8,4.625],"texture":"#1"}}},{"name":"iron_greataxe_23","from":[6.65625,14.5,8.03125],"to":[6.78125,15.625,8.15625],"rotation":{"angle":0,"axis":"y","origin":[0.40625,0,7.84375]},"faces":{"north":{"uv":[3,4.625,2.875,5.75],"texture":"#1"},"east":{"uv":[2.875,4.625,3,5.75],"texture":"#1"},"south":{"uv":[2.875,4.625,3,5.75],"texture":"#1"},"west":{"uv":[2.875,4.625,3,5.75],"texture":"#1"},"up":{"uv":[2.875,4.625,3,4.75],"texture":"#1"},"down":{"uv":[2.875,5.625,3,5.75],"texture":"#1"}}},{"name":"iron_greataxe_24","from":[6.78125,15.25,7.96875],"to":[7.03125,15.625,8.21875],"rotation":{"angle":0,"axis":"y","origin":[0.40625,0,7.84375]},"faces":{"north":{"uv":[4,4.625,3.75,5],"texture":"#1"},"east":{"uv":[3.875,4.625,4,5],"texture":"#1"},"south":{"uv":[3.75,4.625,4,5],"texture":"#1"},"west":{"uv":[3.75,4.625,3.875,5],"texture":"#1"},"up":{"uv":[3.75,4.625,4,4.75],"texture":"#1"},"down":{"uv":[3.75,4.875,4,5],"texture":"#1"}}},{"name":"iron_greataxe_25","from":[7.28125,14.625,7.96875],"to":[7.40625,15.5,8.21875],"rotation":{"angle":0,"axis":"y","origin":[0.40625,0,7.84375]},"faces":{"north":{"uv":[4.375,4.75,4.25,5.625],"texture":"#1"},"east":{"uv":[4.25,4.75,4.375,5.625],"texture":"#1"},"south":{"uv":[4.25,4.75,4.375,5.625],"texture":"#1"},"west":{"uv":[4.25,4.75,4.375,5.625],"texture":"#1"},"up":{"uv":[4.25,4.75,4.375,4.875],"texture":"#1"},"down":{"uv":[4.25,5.5,4.375,5.625],"texture":"#1"}}},{"name":"iron_greataxe_26","from":[7.40625,15.25,7.90625],"to":[7.65625,15.5,8.28125],"rotation":{"angle":0,"axis":"y","origin":[0.40625,0,7.84375]},"faces":{"north":{"uv":[5.375,4.75,5.125,5],"texture":"#1"},"east":{"uv":[5.25,4.75,5.375,5],"texture":"#1"},"south":{"uv":[5.125,4.75,5.375,5],"texture":"#1"},"west":{"uv":[5.125,4.75,5.25,5],"texture":"#1"},"up":{"uv":[5.125,4.75,5.375,4.875],"texture":"#1"},"down":{"uv":[5.125,4.875,5.375,5],"texture":"#1"}}},{"name":"iron_greataxe_27","from":[6.28125,15,8.03125],"to":[6.53125,15.375,8.15625],"rotation":{"angle":0,"axis":"y","origin":[0.40625,0,7.84375]},"faces":{"north":{"uv":[2.75,4.875,2.5,5.25],"texture":"#1"},"east":{"uv":[2.625,4.875,2.75,5.25],"texture":"#1"},"south":{"uv":[2.5,4.875,2.75,5.25],"texture":"#1"},"west":{"uv":[2.5,4.875,2.625,5.25],"texture":"#1"},"up":{"uv":[2.5,4.875,2.75,5],"texture":"#1"},"down":{"uv":[2.5,5.125,2.75,5.25],"texture":"#1"}}},{"name":"iron_greataxe_28","from":[7.65625,15,7.90625],"to":[7.78125,15.375,8.28125],"rotation":{"angle":0,"axis":"y","origin":[0.40625,0,7.84375]},"faces":{"north":{"uv":[5.5,4.875,5.375,5.25],"texture":"#1"},"east":{"uv":[5.375,4.875,5.5,5.25],"texture":"#1"},"south":{"uv":[5.375,4.875,5.5,5.25],"texture":"#1"},"west":{"uv":[5.375,4.875,5.5,5.25],"texture":"#1"},"up":{"uv":[5.375,4.875,5.5,5],"texture":"#1"},"down":{"uv":[5.375,5.125,5.5,5.25],"texture":"#1"}}},{"name":"iron_greataxe_29","from":[6.78125,14.375,8.03125],"to":[6.90625,15.25,8.15625],"rotation":{"angle":0,"axis":"y","origin":[0.40625,0,7.84375]},"faces":{"north":{"uv":[3.125,5,3,5.875],"texture":"#1"},"east":{"uv":[3,5,3.125,5.875],"texture":"#1"},"south":{"uv":[3,5,3.125,5.875],"texture":"#1"},"west":{"uv":[3,5,3.125,5.875],"texture":"#1"},"up":{"uv":[3,5,3.125,5.125],"texture":"#1"},"down":{"uv":[3,5.75,3.125,5.875],"texture":"#1"}}},{"name":"iron_greataxe_30","from":[6.90625,15,7.96875],"to":[7.03125,15.25,8.21875],"rotation":{"angle":0,"axis":"y","origin":[0.40625,0,7.84375]},"faces":{"north":{"uv":[4,5,3.875,5.25],"texture":"#1"},"east":{"uv":[3.875,5,4,5.25],"texture":"#1"},"south":{"uv":[3.875,5,4,5.25],"texture":"#1"},"west":{"uv":[3.875,5,4,5.25],"texture":"#1"},"up":{"uv":[3.875,5,4,5.125],"texture":"#1"},"down":{"uv":[3.875,5.125,4,5.25],"texture":"#1"}}},{"name":"iron_greataxe_31","from":[7.40625,14.5,7.96875],"to":[7.53125,15.25,8.21875],"rotation":{"angle":0,"axis":"y","origin":[0.40625,0,7.84375]},"faces":{"north":{"uv":[4.5,5,4.375,5.75],"texture":"#1"},"east":{"uv":[4.375,5,4.5,5.75],"texture":"#1"},"south":{"uv":[4.375,5,4.5,5.75],"texture":"#1"},"west":{"uv":[4.375,5,4.5,5.75],"texture":"#1"},"up":{"uv":[4.375,5,4.5,5.125],"texture":"#1"},"down":{"uv":[4.375,5.625,4.5,5.75],"texture":"#1"}}},{"name":"iron_greataxe_32","from":[7.53125,15.125,7.90625],"to":[7.65625,15.25,8.28125],"rotation":{"angle":0,"axis":"y","origin":[0.40625,0,7.84375]},"faces":{"north":{"uv":[5.375,5,5.25,5.125],"texture":"#1"},"east":{"uv":[5.25,5,5.375,5.125],"texture":"#1"},"south":{"uv":[5.25,5,5.375,5.125],"texture":"#1"},"west":{"uv":[5.25,5,5.375,5.125],"texture":"#1"},"up":{"uv":[5.25,5,5.375,5.125],"texture":"#1"},"down":{"uv":[5.25,5,5.375,5.125],"texture":"#1"}}},{"name":"iron_greataxe_33","from":[7.78125,14.875,7.90625],"to":[7.90625,15.25,8.28125],"rotation":{"angle":0,"axis":"y","origin":[0.40625,0,7.84375]},"faces":{"north":{"uv":[5.625,5,5.5,5.375],"texture":"#1"},"east":{"uv":[5.5,5,5.625,5.375],"texture":"#1"},"south":{"uv":[5.5,5,5.625,5.375],"texture":"#1"},"west":{"uv":[5.5,5,5.625,5.375],"texture":"#1"},"up":{"uv":[5.5,5,5.625,5.125],"texture":"#1"},"down":{"uv":[5.5,5.25,5.625,5.375],"texture":"#1"}}},{"name":"iron_greataxe_34","from":[7.53125,14.375,7.96875],"to":[7.65625,15.125,8.21875],"rotation":{"angle":0,"axis":"y","origin":[0.40625,0,7.84375]},"faces":{"north":{"uv":[4.625,5.125,4.5,5.875],"texture":"#1"},"east":{"uv":[4.5,5.125,4.625,5.875],"texture":"#1"},"south":{"uv":[4.5,5.125,4.625,5.875],"texture":"#1"},"west":{"uv":[4.5,5.125,4.625,5.875],"texture":"#1"},"up":{"uv":[4.5,5.125,4.625,5.25],"texture":"#1"},"down":{"uv":[4.5,5.75,4.625,5.875],"texture":"#1"}}},{"name":"iron_greataxe_35","from":[7.90625,14.75,7.90625],"to":[8.03125,15.125,8.28125],"rotation":{"angle":0,"axis":"y","origin":[0.40625,0,7.84375]},"faces":{"north":{"uv":[5.75,5.125,5.625,5.5],"texture":"#1"},"east":{"uv":[5.625,5.125,5.75,5.5],"texture":"#1"},"south":{"uv":[5.625,5.125,5.75,5.5],"texture":"#1"},"west":{"uv":[5.625,5.125,5.75,5.5],"texture":"#1"},"up":{"uv":[5.625,5.125,5.75,5.25],"texture":"#1"},"down":{"uv":[5.625,5.375,5.75,5.5],"texture":"#1"}}},{"name":"iron_greataxe_36","from":[6.40625,14.75,8.03125],"to":[6.53125,15,8.15625],"rotation":{"angle":0,"axis":"y","origin":[0.40625,0,7.84375]},"faces":{"north":{"uv":[2.75,5.25,2.625,5.5],"texture":"#1"},"east":{"uv":[2.625,5.25,2.75,5.5],"texture":"#1"},"south":{"uv":[2.625,5.25,2.75,5.5],"texture":"#1"},"west":{"uv":[2.625,5.25,2.75,5.5],"texture":"#1"},"up":{"uv":[2.625,5.25,2.75,5.375],"texture":"#1"},"down":{"uv":[2.625,5.375,2.75,5.5],"texture":"#1"}}},{"name":"iron_greataxe_37","from":[6.90625,14.25,8.03125],"to":[7.03125,15,8.15625],"rotation":{"angle":0,"axis":"y","origin":[0.40625,0,7.84375]},"faces":{"north":{"uv":[3.25,5.25,3.125,6],"texture":"#1"},"east":{"uv":[3.125,5.25,3.25,6],"texture":"#1"},"south":{"uv":[3.125,5.25,3.25,6],"texture":"#1"},"west":{"uv":[3.125,5.25,3.25,6],"texture":"#1"},"up":{"uv":[3.125,5.25,3.25,5.375],"texture":"#1"},"down":{"uv":[3.125,5.875,3.25,6],"texture":"#1"}}},{"name":"iron_greataxe_38","from":[7.65625,14.25,7.96875],"to":[7.78125,15,8.21875],"rotation":{"angle":0,"axis":"y","origin":[0.40625,0,7.84375]},"faces":{"north":{"uv":[4.75,5.25,4.625,6],"texture":"#1"},"east":{"uv":[4.625,5.25,4.75,6],"texture":"#1"},"south":{"uv":[4.625,5.25,4.75,6],"texture":"#1"},"west":{"uv":[4.625,5.25,4.75,6],"texture":"#1"},"up":{"uv":[4.625,5.25,4.75,5.375],"texture":"#1"},"down":{"uv":[4.625,5.875,4.75,6],"texture":"#1"}}},{"name":"iron_greataxe_39","from":[8.03125,14.75,7.90625],"to":[8.15625,15,8.28125],"rotation":{"angle":0,"axis":"y","origin":[0.40625,0,7.84375]},"faces":{"north":{"uv":[5.875,5.25,5.75,5.5],"texture":"#1"},"east":{"uv":[5.75,5.25,5.875,5.5],"texture":"#1"},"south":{"uv":[5.75,5.25,5.875,5.5],"texture":"#1"},"west":{"uv":[5.75,5.25,5.875,5.5],"texture":"#1"},"up":{"uv":[5.75,5.25,5.875,5.375],"texture":"#1"},"down":{"uv":[5.75,5.375,5.875,5.5],"texture":"#1"}}},{"name":"iron_greataxe_40","from":[7.03125,14.125,8.03125],"to":[7.15625,14.875,8.15625],"rotation":{"angle":0,"axis":"y","origin":[0.40625,0,7.84375]},"faces":{"north":{"uv":[3.375,5.375,3.25,6.125],"texture":"#1"},"east":{"uv":[3.25,5.375,3.375,6.125],"texture":"#1"},"south":{"uv":[3.25,5.375,3.375,6.125],"texture":"#1"},"west":{"uv":[3.25,5.375,3.375,6.125],"texture":"#1"},"up":{"uv":[3.25,5.375,3.375,5.5],"texture":"#1"},"down":{"uv":[3.25,6,3.375,6.125],"texture":"#1"}}},{"name":"iron_greataxe_41","from":[7.78125,14.25,7.96875],"to":[7.90625,14.875,8.21875],"rotation":{"angle":0,"axis":"y","origin":[0.40625,0,7.84375]},"faces":{"north":{"uv":[4.875,5.375,4.75,6],"texture":"#1"},"east":{"uv":[4.75,5.375,4.875,6],"texture":"#1"},"south":{"uv":[4.75,5.375,4.875,6],"texture":"#1"},"west":{"uv":[4.75,5.375,4.875,6],"texture":"#1"},"up":{"uv":[4.75,5.375,4.875,5.5],"texture":"#1"},"down":{"uv":[4.75,5.875,4.875,6],"texture":"#1"}}},{"name":"iron_greataxe_42","from":[7.15625,14,8.03125],"to":[7.28125,14.75,8.15625],"rotation":{"angle":0,"axis":"y","origin":[0.40625,0,7.84375]},"faces":{"north":{"uv":[3.5,5.5,3.375,6.25],"texture":"#1"},"east":{"uv":[3.375,5.5,3.5,6.25],"texture":"#1"},"south":{"uv":[3.375,5.5,3.5,6.25],"texture":"#1"},"west":{"uv":[3.375,5.5,3.5,6.25],"texture":"#1"},"up":{"uv":[3.375,5.5,3.5,5.625],"texture":"#1"},"down":{"uv":[3.375,6.125,3.5,6.25],"texture":"#1"}}},{"name":"iron_greataxe_43","from":[7.90625,14.5,7.96875],"to":[8.03125,14.75,8.21875],"rotation":{"angle":0,"axis":"y","origin":[0.40625,0,7.84375]},"faces":{"north":{"uv":[5,5.5,4.875,5.75],"texture":"#1"},"east":{"uv":[4.875,5.5,5,5.75],"texture":"#1"},"south":{"uv":[4.875,5.5,5,5.75],"texture":"#1"},"west":{"uv":[4.875,5.5,5,5.75],"texture":"#1"},"up":{"uv":[4.875,5.5,5,5.625],"texture":"#1"},"down":{"uv":[4.875,5.625,5,5.75],"texture":"#1"}}},{"name":"iron_greataxe_44","from":[7.28125,13.875,8.03125],"to":[7.40625,14.625,8.15625],"rotation":{"angle":0,"axis":"y","origin":[0.40625,0,7.84375]},"faces":{"north":{"uv":[3.625,5.625,3.5,6.375],"texture":"#1"},"east":{"uv":[3.5,5.625,3.625,6.375],"texture":"#1"},"south":{"uv":[3.5,5.625,3.625,6.375],"texture":"#1"},"west":{"uv":[3.5,5.625,3.625,6.375],"texture":"#1"},"up":{"uv":[3.5,5.625,3.625,5.75],"texture":"#1"},"down":{"uv":[3.5,6.25,3.625,6.375],"texture":"#1"}}},{"name":"iron_greataxe_45","from":[7.40625,13.75,8.03125],"to":[7.53125,14.5,8.15625],"rotation":{"angle":0,"axis":"y","origin":[0.40625,0,7.84375]},"faces":{"north":{"uv":[3.75,5.75,3.625,6.5],"texture":"#1"},"east":{"uv":[3.625,5.75,3.75,6.5],"texture":"#1"},"south":{"uv":[3.625,5.75,3.75,6.5],"texture":"#1"},"west":{"uv":[3.625,5.75,3.75,6.5],"texture":"#1"},"up":{"uv":[3.625,5.75,3.75,5.875],"texture":"#1"},"down":{"uv":[3.625,6.375,3.75,6.5],"texture":"#1"}}},{"name":"iron_greataxe_46","from":[7.53125,13.75,8.03125],"to":[7.65625,14.375,8.15625],"rotation":{"angle":0,"axis":"y","origin":[0.40625,0,7.84375]},"faces":{"north":{"uv":[3.875,5.875,3.75,6.5],"texture":"#1"},"east":{"uv":[3.75,5.875,3.875,6.5],"texture":"#1"},"south":{"uv":[3.75,5.875,3.875,6.5],"texture":"#1"},"west":{"uv":[3.75,5.875,3.875,6.5],"texture":"#1"},"up":{"uv":[3.75,5.875,3.875,6],"texture":"#1"},"down":{"uv":[3.75,6.375,3.875,6.5],"texture":"#1"}}},{"name":"iron_greataxe_47","from":[7.65625,14,8.03125],"to":[7.78125,14.25,8.15625],"rotation":{"angle":0,"axis":"y","origin":[0.40625,0,7.84375]},"faces":{"north":{"uv":[4,6,3.875,6.25],"texture":"#1"},"east":{"uv":[3.875,6,4,6.25],"texture":"#1"},"south":{"uv":[3.875,6,4,6.25],"texture":"#1"},"west":{"uv":[3.875,6,4,6.25],"texture":"#1"},"up":{"uv":[3.875,6,4,6.125],"texture":"#1"},"down":{"uv":[3.875,6.125,4,6.25],"texture":"#1"}}},{"name":"iron_greataxe_48","from":[8.53125,0.75,7.71875],"to":[9.28125,1,8.46875],"rotation":{"angle":0,"axis":"y","origin":[0.40625,0,7.84375]},"faces":{"north":{"uv":[8,14.625,7.25,14.875],"texture":"#1"},"east":{"uv":[7.875,14.625,8,14.875],"texture":"#1"},"south":{"uv":[7.25,14.625,8,14.875],"texture":"#1"},"west":{"uv":[7.25,14.625,7.375,14.875],"texture":"#1"},"up":{"uv":[7.25,14.625,8,14.75],"texture":"#1"},"down":{"uv":[7.25,14.75,8,14.875],"texture":"#1"}}},{"name":"iron_greataxe_49","from":[8.65625,0.625,7.84375],"to":[9.15625,0.75,8.34375],"rotation":{"angle":0,"axis":"y","origin":[0.40625,0,7.84375]},"faces":{"north":{"uv":[8.625,14.875,8.125,15],"texture":"#1"},"east":{"uv":[8.5,14.875,8.625,15],"texture":"#1"},"south":{"uv":[8.125,14.875,8.625,15],"texture":"#1"},"west":{"uv":[8.125,14.875,8.25,15],"texture":"#1"},"up":{"uv":[8.125,14.875,8.625,15],"texture":"#1"},"down":{"uv":[8.125,14.875,8.625,15],"texture":"#1"}}},{"name":"iron_greataxe_50","from":[8.53125,0.375,7.71875],"to":[9.28125,0.625,8.46875],"rotation":{"angle":0,"axis":"y","origin":[0.40625,0,7.84375]},"faces":{"north":{"uv":[8,15,7.25,15.25],"texture":"#1"},"east":{"uv":[7.875,15,8,15.25],"texture":"#1"},"south":{"uv":[7.25,15,8,15.25],"texture":"#1"},"west":{"uv":[7.25,15,7.375,15.25],"texture":"#1"},"up":{"uv":[7.25,15,8,15.125],"texture":"#1"},"down":{"uv":[7.25,15.125,8,15.25],"texture":"#1"}}},{"name":"iron_greataxe_51","from":[8.65625,0.125,7.84375],"to":[9.15625,0.375,8.34375],"rotation":{"angle":0,"axis":"y","origin":[0.40625,0,7.84375]},"faces":{"north":{"uv":[8.625,15.25,8.125,15.5],"texture":"#1"},"east":{"uv":[8.5,15.25,8.625,15.5],"texture":"#1"},"south":{"uv":[8.125,15.25,8.625,15.5],"texture":"#1"},"west":{"uv":[8.125,15.25,8.25,15.5],"texture":"#1"},"up":{"uv":[8.125,15.25,8.625,15.375],"texture":"#1"},"down":{"uv":[8.125,15.375,8.625,15.5],"texture":"#1"}}}],"gui_light":"front","display":{"thirdperson_righthand":{"rotation":[0,-90,0],"translation":[0.25,-5.25,-0.5],"scale":[2.5,2.5,2.5]},"thirdperson_lefthand":{"rotation":[0,90,0],"translation":[-0.25,-5.25,-0.5],"scale":[2.4,2.4,2.4]},"firstperson_righthand":{"rotation":[-15,-90,0],"translation":[-1.5,2,5],"scale":[1.4,1.4,1.4]},"firstperson_lefthand":{"rotation":[-15,90,0],"translation":[-1.5,2,5],"scale":[1.4,1.4,1.4]},"ground":{"rotation":[0,0,45],"translation":[0,1.5,0.25]},"gui":{"rotation":[0,0,-45],"translation":[-3,-2.5,0],"scale":[1.4,1.4,1]},"head":{"rotation":[0,0,45],"translation":[1.5,13.25,0],"scale":[2,2,2]},"fixed":{"rotation":[0,0,90],"translation":[8.75,-2.25,-1.25],"scale":[4,4,4]}}}