{"textures":{"0":"fantasy_weapons:item/solstice","particle":"fantasy_weapons:item/solstice"},"elements":[{"name":"solstice_0","from":[7.9375,16.375,7.75],"to":[8.0625,17.125,7.875],"faces":{"north":{"uv":[12.875,0,12.75,0.75],"texture":"#0"},"east":{"uv":[12.75,0,12.875,0.75],"texture":"#0"},"south":{"uv":[12.75,0,12.875,0.75],"texture":"#0"},"west":{"uv":[12.75,0,12.875,0.75],"texture":"#0"},"up":{"uv":[12.75,0,12.875,0.125],"texture":"#0"},"down":{"uv":[12.75,0.625,12.875,0.75],"texture":"#0"}}},{"name":"solstice_1","from":[7.8125,15.875,7.75],"to":[7.9375,16.875,7.875],"faces":{"north":{"uv":[12.75,0.25,12.625,1.25],"texture":"#0"},"east":{"uv":[12.625,0.25,12.75,1.25],"texture":"#0"},"south":{"uv":[12.625,0.25,12.75,1.25],"texture":"#0"},"west":{"uv":[12.625,0.25,12.75,1.25],"texture":"#0"},"up":{"uv":[12.625,0.25,12.75,0.375],"texture":"#0"},"down":{"uv":[12.625,1.125,12.75,1.25],"texture":"#0"}}},{"name":"solstice_2","from":[8.0625,15.875,7.75],"to":[8.1875,16.875,7.875],"faces":{"north":{"uv":[13,0.25,12.875,1.25],"texture":"#0"},"east":{"uv":[12.875,0.25,13,1.25],"texture":"#0"},"south":{"uv":[12.875,0.25,13,1.25],"texture":"#0"},"west":{"uv":[12.875,0.25,13,1.25],"texture":"#0"},"up":{"uv":[12.875,0.25,13,0.375],"texture":"#0"},"down":{"uv":[12.875,1.125,13,1.25],"texture":"#0"}}},{"name":"solstice_3","from":[7.6875,15.125,7.75],"to":[7.8125,16.5,7.875],"faces":{"north":{"uv":[12.625,0.625,12.5,2],"texture":"#0"},"east":{"uv":[12.5,0.625,12.625,2],"texture":"#0"},"south":{"uv":[12.5,0.625,12.625,2],"texture":"#0"},"west":{"uv":[12.5,0.625,12.625,2],"texture":"#0"},"up":{"uv":[12.5,0.625,12.625,0.75],"texture":"#0"},"down":{"uv":[12.5,1.875,12.625,2],"texture":"#0"}}},{"name":"solstice_4","from":[8.1875,15.125,7.75],"to":[8.3125,16.5,7.875],"faces":{"north":{"uv":[13.125,0.625,13,2],"texture":"#0"},"east":{"uv":[13,0.625,13.125,2],"texture":"#0"},"south":{"uv":[13,0.625,13.125,2],"texture":"#0"},"west":{"uv":[13,0.625,13.125,2],"texture":"#0"},"up":{"uv":[13,0.625,13.125,0.75],"texture":"#0"},"down":{"uv":[13,1.875,13.125,2],"texture":"#0"}}},{"name":"solstice_5","from":[7.9375,15,7.6875],"to":[8.0625,16.375,7.9375],"faces":{"north":{"uv":[10,0.75,9.875,2.125],"texture":"#0"},"east":{"uv":[9.875,0.75,10,2.125],"texture":"#0"},"south":{"uv":[9.875,0.75,10,2.125],"texture":"#0"},"west":{"uv":[9.875,0.75,10,2.125],"texture":"#0"},"up":{"uv":[9.875,0.75,10,0.875],"texture":"#0"},"down":{"uv":[9.875,2,10,2.125],"texture":"#0"}}},{"name":"solstice_6","from":[7.5625,14.125,7.75],"to":[7.6875,16,7.875],"faces":{"north":{"uv":[12.5,1.125,12.375,3],"texture":"#0"},"east":{"uv":[12.375,1.125,12.5,3],"texture":"#0"},"south":{"uv":[12.375,1.125,12.5,3],"texture":"#0"},"west":{"uv":[12.375,1.125,12.5,3],"texture":"#0"},"up":{"uv":[12.375,1.125,12.5,1.25],"texture":"#0"},"down":{"uv":[12.375,2.875,12.5,3],"texture":"#0"}}},{"name":"solstice_7","from":[8.3125,14.125,7.75],"to":[8.4375,16,7.875],"faces":{"north":{"uv":[13.25,1.125,13.125,3],"texture":"#0"},"east":{"uv":[13.125,1.125,13.25,3],"texture":"#0"},"south":{"uv":[13.125,1.125,13.25,3],"texture":"#0"},"west":{"uv":[13.125,1.125,13.25,3],"texture":"#0"},"up":{"uv":[13.125,1.125,13.25,1.25],"texture":"#0"},"down":{"uv":[13.125,2.875,13.25,3],"texture":"#0"}}},{"name":"solstice_8","from":[7.8125,14,7.6875],"to":[7.9375,15.875,7.9375],"faces":{"north":{"uv":[9.875,1.25,9.75,3.125],"texture":"#0"},"east":{"uv":[9.75,1.25,9.875,3.125],"texture":"#0"},"south":{"uv":[9.75,1.25,9.875,3.125],"texture":"#0"},"west":{"uv":[9.75,1.25,9.875,3.125],"texture":"#0"},"up":{"uv":[9.75,1.25,9.875,1.375],"texture":"#0"},"down":{"uv":[9.75,3,9.875,3.125],"texture":"#0"}}},{"name":"solstice_9","from":[8.0625,14,7.6875],"to":[8.1875,15.875,7.9375],"faces":{"north":{"uv":[10.125,1.25,10,3.125],"texture":"#0"},"east":{"uv":[10,1.25,10.125,3.125],"texture":"#0"},"south":{"uv":[10,1.25,10.125,3.125],"texture":"#0"},"west":{"uv":[10,1.25,10.125,3.125],"texture":"#0"},"up":{"uv":[10,1.25,10.125,1.375],"texture":"#0"},"down":{"uv":[10,3,10.125,3.125],"texture":"#0"}}},{"name":"solstice_10","from":[7.4375,12.25,7.75],"to":[7.5625,15.25,7.875],"faces":{"north":{"uv":[12.375,1.875,12.25,4.875],"texture":"#0"},"east":{"uv":[12.25,1.875,12.375,4.875],"texture":"#0"},"south":{"uv":[12.25,1.875,12.375,4.875],"texture":"#0"},"west":{"uv":[12.25,1.875,12.375,4.875],"texture":"#0"},"up":{"uv":[12.25,1.875,12.375,2],"texture":"#0"},"down":{"uv":[12.25,4.75,12.375,4.875],"texture":"#0"}}},{"name":"solstice_11","from":[8.4375,12.25,7.75],"to":[8.5625,15.25,7.875],"faces":{"north":{"uv":[13.375,1.875,13.25,4.875],"texture":"#0"},"east":{"uv":[13.25,1.875,13.375,4.875],"texture":"#0"},"south":{"uv":[13.25,1.875,13.375,4.875],"texture":"#0"},"west":{"uv":[13.25,1.875,13.375,4.875],"texture":"#0"},"up":{"uv":[13.25,1.875,13.375,2],"texture":"#0"},"down":{"uv":[13.25,4.75,13.375,4.875],"texture":"#0"}}},{"name":"solstice_12","from":[7.6875,12.125,7.6875],"to":[7.8125,15.125,7.9375],"faces":{"north":{"uv":[9.75,2,9.625,5],"texture":"#0"},"east":{"uv":[9.625,2,9.75,5],"texture":"#0"},"south":{"uv":[9.625,2,9.75,5],"texture":"#0"},"west":{"uv":[9.625,2,9.75,5],"texture":"#0"},"up":{"uv":[9.625,2,9.75,2.125],"texture":"#0"},"down":{"uv":[9.625,4.875,9.75,5],"texture":"#0"}}},{"name":"solstice_13","from":[8.1875,12.125,7.6875],"to":[8.3125,15.125,7.9375],"faces":{"north":{"uv":[10.25,2,10.125,5],"texture":"#0"},"east":{"uv":[10.125,2,10.25,5],"texture":"#0"},"south":{"uv":[10.125,2,10.25,5],"texture":"#0"},"west":{"uv":[10.125,2,10.25,5],"texture":"#0"},"up":{"uv":[10.125,2,10.25,2.125],"texture":"#0"},"down":{"uv":[10.125,4.875,10.25,5],"texture":"#0"}}},{"name":"solstice_14","from":[7.9375,8.125,7.625],"to":[8.0625,15,8],"faces":{"north":{"uv":[15,2.125,14.875,9],"texture":"#0"},"east":{"uv":[14.875,2.125,15,9],"texture":"#0"},"south":{"uv":[14.875,2.125,15,9],"texture":"#0"},"west":{"uv":[14.875,2.125,15,9],"texture":"#0"},"up":{"uv":[14.875,2.125,15,2.25],"texture":"#0"},"down":{"uv":[14.875,8.875,15,9],"texture":"#0"}}},{"name":"solstice_15","from":[7.3125,10,7.75],"to":[7.4375,14.25,7.875],"faces":{"north":{"uv":[12.25,2.875,12.125,7.125],"texture":"#0"},"east":{"uv":[12.125,2.875,12.25,7.125],"texture":"#0"},"south":{"uv":[12.125,2.875,12.25,7.125],"texture":"#0"},"west":{"uv":[12.125,2.875,12.25,7.125],"texture":"#0"},"up":{"uv":[12.125,2.875,12.25,3],"texture":"#0"},"down":{"uv":[12.125,7,12.25,7.125],"texture":"#0"}}},{"name":"solstice_16","from":[8.5625,10,7.75],"to":[8.6875,14.25,7.875],"faces":{"north":{"uv":[13.5,2.875,13.375,7.125],"texture":"#0"},"east":{"uv":[13.375,2.875,13.5,7.125],"texture":"#0"},"south":{"uv":[13.375,2.875,13.5,7.125],"texture":"#0"},"west":{"uv":[13.375,2.875,13.5,7.125],"texture":"#0"},"up":{"uv":[13.375,2.875,13.5,3],"texture":"#0"},"down":{"uv":[13.375,7,13.5,7.125],"texture":"#0"}}},{"name":"solstice_17","from":[7.5625,9.875,7.6875],"to":[7.6875,14.125,7.9375],"faces":{"north":{"uv":[9.625,3,9.5,7.25],"texture":"#0"},"east":{"uv":[9.5,3,9.625,7.25],"texture":"#0"},"south":{"uv":[9.5,3,9.625,7.25],"texture":"#0"},"west":{"uv":[9.5,3,9.625,7.25],"texture":"#0"},"up":{"uv":[9.5,3,9.625,3.125],"texture":"#0"},"down":{"uv":[9.5,7.125,9.625,7.25],"texture":"#0"}}},{"name":"solstice_18","from":[8.3125,9.875,7.6875],"to":[8.4375,14.125,7.9375],"faces":{"north":{"uv":[10.375,3,10.25,7.25],"texture":"#0"},"east":{"uv":[10.25,3,10.375,7.25],"texture":"#0"},"south":{"uv":[10.25,3,10.375,7.25],"texture":"#0"},"west":{"uv":[10.25,3,10.375,7.25],"texture":"#0"},"up":{"uv":[10.25,3,10.375,3.125],"texture":"#0"},"down":{"uv":[10.25,7.125,10.375,7.25],"texture":"#0"}}},{"name":"solstice_19","from":[7.8125,7.5,7.625],"to":[7.9375,14,8],"faces":{"north":{"uv":[14.875,3.125,14.75,9.625],"texture":"#0"},"east":{"uv":[14.75,3.125,14.875,9.625],"texture":"#0"},"south":{"uv":[14.75,3.125,14.875,9.625],"texture":"#0"},"west":{"uv":[14.75,3.125,14.875,9.625],"texture":"#0"},"up":{"uv":[14.75,3.125,14.875,3.25],"texture":"#0"},"down":{"uv":[14.75,9.5,14.875,9.625],"texture":"#0"}}},{"name":"solstice_20","from":[8.0625,7.5,7.625],"to":[8.1875,14,8],"faces":{"north":{"uv":[15.125,3.125,15,9.625],"texture":"#0"},"east":{"uv":[15,3.125,15.125,9.625],"texture":"#0"},"south":{"uv":[15,3.125,15.125,9.625],"texture":"#0"},"west":{"uv":[15,3.125,15.125,9.625],"texture":"#0"},"up":{"uv":[15,3.125,15.125,3.25],"texture":"#0"},"down":{"uv":[15,9.5,15.125,9.625],"texture":"#0"}}},{"name":"solstice_21","from":[7.9375,7.625,7.5],"to":[8.0625,8.125,8.125],"faces":{"north":{"uv":[3,4.125,2.875,4.625],"texture":"#0"},"east":{"uv":[2.875,4.125,3,4.625],"texture":"#0"},"south":{"uv":[2.875,4.125,3,4.625],"texture":"#0"},"west":{"uv":[2.875,4.125,3,4.625],"texture":"#0"},"up":{"uv":[2.875,4.125,3,4.25],"texture":"#0"},"down":{"uv":[2.875,4.5,3,4.625],"texture":"#0"}}},{"name":"solstice_22","from":[7.1875,8,7.75],"to":[7.3125,12.375,7.875],"faces":{"north":{"uv":[12.125,4.75,12,9.125],"texture":"#0"},"east":{"uv":[12,4.75,12.125,9.125],"texture":"#0"},"south":{"uv":[12,4.75,12.125,9.125],"texture":"#0"},"west":{"uv":[12,4.75,12.125,9.125],"texture":"#0"},"up":{"uv":[12,4.75,12.125,4.875],"texture":"#0"},"down":{"uv":[12,9,12.125,9.125],"texture":"#0"}}},{"name":"solstice_23","from":[8.6875,8,7.75],"to":[8.8125,12.375,7.875],"faces":{"north":{"uv":[13.625,4.75,13.5,9.125],"texture":"#0"},"east":{"uv":[13.5,4.75,13.625,9.125],"texture":"#0"},"south":{"uv":[13.5,4.75,13.625,9.125],"texture":"#0"},"west":{"uv":[13.5,4.75,13.625,9.125],"texture":"#0"},"up":{"uv":[13.5,4.75,13.625,4.875],"texture":"#0"},"down":{"uv":[13.5,9,13.625,9.125],"texture":"#0"}}},{"name":"solstice_24","from":[7.9375,7.375,7.5],"to":[8.0625,7.625,8.125],"faces":{"north":{"uv":[3,4.875,2.875,5.125],"texture":"#0"},"east":{"uv":[2.875,4.875,3,5.125],"texture":"#0"},"south":{"uv":[2.875,4.875,3,5.125],"texture":"#0"},"west":{"uv":[2.875,4.875,3,5.125],"texture":"#0"},"up":{"uv":[2.875,4.875,3,5],"texture":"#0"},"down":{"uv":[2.875,5,3,5.125],"texture":"#0"}}},{"name":"solstice_25","from":[7.4375,8.125,7.6875],"to":[7.5625,12.25,7.9375],"faces":{"north":{"uv":[9.5,4.875,9.375,9],"texture":"#0"},"east":{"uv":[9.375,4.875,9.5,9],"texture":"#0"},"south":{"uv":[9.375,4.875,9.5,9],"texture":"#0"},"west":{"uv":[9.375,4.875,9.5,9],"texture":"#0"},"up":{"uv":[9.375,4.875,9.5,5],"texture":"#0"},"down":{"uv":[9.375,8.875,9.5,9],"texture":"#0"}}},{"name":"solstice_26","from":[8.4375,8.125,7.6875],"to":[8.5625,12.25,7.9375],"faces":{"north":{"uv":[10.5,4.875,10.375,9],"texture":"#0"},"east":{"uv":[10.375,4.875,10.5,9],"texture":"#0"},"south":{"uv":[10.375,4.875,10.5,9],"texture":"#0"},"west":{"uv":[10.375,4.875,10.5,9],"texture":"#0"},"up":{"uv":[10.375,4.875,10.5,5],"texture":"#0"},"down":{"uv":[10.375,8.875,10.5,9],"texture":"#0"}}},{"name":"solstice_27","from":[7.8125,7.125,7.5],"to":[7.9375,7.5,8.125],"faces":{"north":{"uv":[2.875,5,2.75,5.375],"texture":"#0"},"east":{"uv":[2.75,5,2.875,5.375],"texture":"#0"},"south":{"uv":[2.75,5,2.875,5.375],"texture":"#0"},"west":{"uv":[2.75,5,2.875,5.375],"texture":"#0"},"up":{"uv":[2.75,5,2.875,5.125],"texture":"#0"},"down":{"uv":[2.75,5.25,2.875,5.375],"texture":"#0"}}},{"name":"solstice_28","from":[8.0625,7.125,7.5],"to":[8.1875,7.5,8.125],"faces":{"north":{"uv":[3.125,5,3,5.375],"texture":"#0"},"east":{"uv":[3,5,3.125,5.375],"texture":"#0"},"south":{"uv":[3,5,3.125,5.375],"texture":"#0"},"west":{"uv":[3,5,3.125,5.375],"texture":"#0"},"up":{"uv":[3,5,3.125,5.125],"texture":"#0"},"down":{"uv":[3,5.25,3.125,5.375],"texture":"#0"}}},{"name":"solstice_29","from":[7.6875,7.375,7.625],"to":[7.8125,12.125,8],"faces":{"north":{"uv":[14.75,5,14.625,9.75],"texture":"#0"},"east":{"uv":[14.625,5,14.75,9.75],"texture":"#0"},"south":{"uv":[14.625,5,14.75,9.75],"texture":"#0"},"west":{"uv":[14.625,5,14.75,9.75],"texture":"#0"},"up":{"uv":[14.625,5,14.75,5.125],"texture":"#0"},"down":{"uv":[14.625,9.625,14.75,9.75],"texture":"#0"}}},{"name":"solstice_30","from":[8.1875,7.375,7.625],"to":[8.3125,12.125,8],"faces":{"north":{"uv":[15.25,5,15.125,9.75],"texture":"#0"},"east":{"uv":[15.125,5,15.25,9.75],"texture":"#0"},"south":{"uv":[15.125,5,15.25,9.75],"texture":"#0"},"west":{"uv":[15.125,5,15.25,9.75],"texture":"#0"},"up":{"uv":[15.125,5,15.25,5.125],"texture":"#0"},"down":{"uv":[15.125,9.625,15.25,9.75],"texture":"#0"}}},{"name":"solstice_31","from":[7.6875,7.25,7.5],"to":[7.8125,7.375,8.125],"faces":{"north":{"uv":[2.75,5.125,2.625,5.25],"texture":"#0"},"east":{"uv":[2.625,5.125,2.75,5.25],"texture":"#0"},"south":{"uv":[2.625,5.125,2.75,5.25],"texture":"#0"},"west":{"uv":[2.625,5.125,2.75,5.25],"texture":"#0"},"up":{"uv":[2.625,5.125,2.75,5.25],"texture":"#0"},"down":{"uv":[2.625,5.125,2.75,5.25],"texture":"#0"}}},{"name":"solstice_32","from":[8.1875,7.25,7.5],"to":[8.3125,7.375,8.125],"faces":{"north":{"uv":[3.25,5.125,3.125,5.25],"texture":"#0"},"east":{"uv":[3.125,5.125,3.25,5.25],"texture":"#0"},"south":{"uv":[3.125,5.125,3.25,5.25],"texture":"#0"},"west":{"uv":[3.125,5.125,3.25,5.25],"texture":"#0"},"up":{"uv":[3.125,5.125,3.25,5.25],"texture":"#0"},"down":{"uv":[3.125,5.125,3.25,5.25],"texture":"#0"}}},{"name":"solstice_33","from":[7.9375,7,7.5],"to":[8.0625,7.25,8.125],"faces":{"north":{"uv":[3,5.25,2.875,5.5],"texture":"#0"},"east":{"uv":[2.875,5.25,3,5.5],"texture":"#0"},"south":{"uv":[2.875,5.25,3,5.5],"texture":"#0"},"west":{"uv":[2.875,5.25,3,5.5],"texture":"#0"},"up":{"uv":[2.875,5.25,3,5.375],"texture":"#0"},"down":{"uv":[2.875,5.375,3,5.5],"texture":"#0"}}},{"name":"solstice_34","from":[7.9375,6.75,7.5],"to":[8.0625,7,8.125],"faces":{"north":{"uv":[3,5.75,2.875,6],"texture":"#0"},"east":{"uv":[2.875,5.75,3,6],"texture":"#0"},"south":{"uv":[2.875,5.75,3,6],"texture":"#0"},"west":{"uv":[2.875,5.75,3,6],"texture":"#0"},"up":{"uv":[2.875,5.75,3,5.875],"texture":"#0"},"down":{"uv":[2.875,5.875,3,6],"texture":"#0"}}},{"name":"solstice_35","from":[7.9375,6.5,7.5],"to":[8.0625,6.75,8.125],"faces":{"north":{"uv":[3,6.25,2.875,6.5],"texture":"#0"},"east":{"uv":[2.875,6.25,3,6.5],"texture":"#0"},"south":{"uv":[2.875,6.25,3,6.5],"texture":"#0"},"west":{"uv":[2.875,6.25,3,6.5],"texture":"#0"},"up":{"uv":[2.875,6.25,3,6.375],"texture":"#0"},"down":{"uv":[2.875,6.375,3,6.5],"texture":"#0"}}},{"name":"solstice_36","from":[7.8125,6.375,7.5],"to":[7.9375,6.625,8.125],"faces":{"north":{"uv":[2.875,6.375,2.75,6.625],"texture":"#0"},"east":{"uv":[2.75,6.375,2.875,6.625],"texture":"#0"},"south":{"uv":[2.75,6.375,2.875,6.625],"texture":"#0"},"west":{"uv":[2.75,6.375,2.875,6.625],"texture":"#0"},"up":{"uv":[2.75,6.375,2.875,6.5],"texture":"#0"},"down":{"uv":[2.75,6.5,2.875,6.625],"texture":"#0"}}},{"name":"solstice_37","from":[8.0625,6.375,7.5],"to":[8.1875,6.625,8.125],"faces":{"north":{"uv":[3.125,6.375,3,6.625],"texture":"#0"},"east":{"uv":[3,6.375,3.125,6.625],"texture":"#0"},"south":{"uv":[3,6.375,3.125,6.625],"texture":"#0"},"west":{"uv":[3,6.375,3.125,6.625],"texture":"#0"},"up":{"uv":[3,6.375,3.125,6.5],"texture":"#0"},"down":{"uv":[3,6.5,3.125,6.625],"texture":"#0"}}},{"name":"solstice_38","from":[7.6875,6.125,7.5],"to":[7.8125,6.5,8.125],"faces":{"north":{"uv":[2.75,6.5,2.625,6.875],"texture":"#0"},"east":{"uv":[2.625,6.5,2.75,6.875],"texture":"#0"},"south":{"uv":[2.625,6.5,2.75,6.875],"texture":"#0"},"west":{"uv":[2.625,6.5,2.75,6.875],"texture":"#0"},"up":{"uv":[2.625,6.5,2.75,6.625],"texture":"#0"},"down":{"uv":[2.625,6.75,2.75,6.875],"texture":"#0"}}},{"name":"solstice_39","from":[8.1875,6.125,7.5],"to":[8.3125,6.5,8.125],"faces":{"north":{"uv":[3.25,6.5,3.125,6.875],"texture":"#0"},"east":{"uv":[3.125,6.5,3.25,6.875],"texture":"#0"},"south":{"uv":[3.125,6.5,3.25,6.875],"texture":"#0"},"west":{"uv":[3.125,6.5,3.25,6.875],"texture":"#0"},"up":{"uv":[3.125,6.5,3.25,6.625],"texture":"#0"},"down":{"uv":[3.125,6.75,3.25,6.875],"texture":"#0"}}},{"name":"solstice_40","from":[7.4375,6.25,7.5],"to":[7.6875,6.375,8.125],"faces":{"north":{"uv":[2.625,6.625,2.375,6.75],"texture":"#0"},"east":{"uv":[2.5,6.625,2.625,6.75],"texture":"#0"},"south":{"uv":[2.375,6.625,2.625,6.75],"texture":"#0"},"west":{"uv":[2.375,6.625,2.5,6.75],"texture":"#0"},"up":{"uv":[2.375,6.625,2.625,6.75],"texture":"#0"},"down":{"uv":[2.375,6.625,2.625,6.75],"texture":"#0"}}},{"name":"solstice_41","from":[8.3125,6.25,7.5],"to":[8.5625,6.375,8.125],"faces":{"north":{"uv":[3.5,6.625,3.25,6.75],"texture":"#0"},"east":{"uv":[3.375,6.625,3.5,6.75],"texture":"#0"},"south":{"uv":[3.25,6.625,3.5,6.75],"texture":"#0"},"west":{"uv":[3.25,6.625,3.375,6.75],"texture":"#0"},"up":{"uv":[3.25,6.625,3.5,6.75],"texture":"#0"},"down":{"uv":[3.25,6.625,3.5,6.75],"texture":"#0"}}},{"name":"solstice_42","from":[7.8125,6,7.5],"to":[7.9375,6.25,8.125],"faces":{"north":{"uv":[2.875,6.75,2.75,7],"texture":"#0"},"east":{"uv":[2.75,6.75,2.875,7],"texture":"#0"},"south":{"uv":[2.75,6.75,2.875,7],"texture":"#0"},"west":{"uv":[2.75,6.75,2.875,7],"texture":"#0"},"up":{"uv":[2.75,6.75,2.875,6.875],"texture":"#0"},"down":{"uv":[2.75,6.875,2.875,7],"texture":"#0"}}},{"name":"solstice_43","from":[8.0625,6,7.5],"to":[8.1875,6.25,8.125],"faces":{"north":{"uv":[3.125,6.75,3,7],"texture":"#0"},"east":{"uv":[3,6.75,3.125,7],"texture":"#0"},"south":{"uv":[3,6.75,3.125,7],"texture":"#0"},"west":{"uv":[3,6.75,3.125,7],"texture":"#0"},"up":{"uv":[3,6.75,3.125,6.875],"texture":"#0"},"down":{"uv":[3,6.875,3.125,7],"texture":"#0"}}},{"name":"solstice_44","from":[7.9375,5.875,7.5],"to":[8.0625,6.125,8.125],"faces":{"north":{"uv":[3,6.875,2.875,7.125],"texture":"#0"},"east":{"uv":[2.875,6.875,3,7.125],"texture":"#0"},"south":{"uv":[2.875,6.875,3,7.125],"texture":"#0"},"west":{"uv":[2.875,6.875,3,7.125],"texture":"#0"},"up":{"uv":[2.875,6.875,3,7],"texture":"#0"},"down":{"uv":[2.875,7,3,7.125],"texture":"#0"}}},{"name":"solstice_45","from":[7.0625,8.125,7.75],"to":[7.1875,10.125,7.875],"faces":{"north":{"uv":[12,7,11.875,9],"texture":"#0"},"east":{"uv":[11.875,7,12,9],"texture":"#0"},"south":{"uv":[11.875,7,12,9],"texture":"#0"},"west":{"uv":[11.875,7,12,9],"texture":"#0"},"up":{"uv":[11.875,7,12,7.125],"texture":"#0"},"down":{"uv":[11.875,8.875,12,9],"texture":"#0"}}},{"name":"solstice_46","from":[8.8125,8.125,7.75],"to":[8.9375,10.125,7.875],"faces":{"north":{"uv":[13.75,7,13.625,9],"texture":"#0"},"east":{"uv":[13.625,7,13.75,9],"texture":"#0"},"south":{"uv":[13.625,7,13.75,9],"texture":"#0"},"west":{"uv":[13.625,7,13.75,9],"texture":"#0"},"up":{"uv":[13.625,7,13.75,7.125],"texture":"#0"},"down":{"uv":[13.625,8.875,13.75,9],"texture":"#0"}}},{"name":"solstice_47","from":[7.3125,8.25,7.6875],"to":[7.4375,10,7.9375],"faces":{"north":{"uv":[9.375,7.125,9.25,8.875],"texture":"#0"},"east":{"uv":[9.25,7.125,9.375,8.875],"texture":"#0"},"south":{"uv":[9.25,7.125,9.375,8.875],"texture":"#0"},"west":{"uv":[9.25,7.125,9.375,8.875],"texture":"#0"},"up":{"uv":[9.25,7.125,9.375,7.25],"texture":"#0"},"down":{"uv":[9.25,8.75,9.375,8.875],"texture":"#0"}}},{"name":"solstice_48","from":[8.5625,8.25,7.6875],"to":[8.6875,10,7.9375],"faces":{"north":{"uv":[10.625,7.125,10.5,8.875],"texture":"#0"},"east":{"uv":[10.5,7.125,10.625,8.875],"texture":"#0"},"south":{"uv":[10.5,7.125,10.625,8.875],"texture":"#0"},"west":{"uv":[10.5,7.125,10.625,8.875],"texture":"#0"},"up":{"uv":[10.5,7.125,10.625,7.25],"texture":"#0"},"down":{"uv":[10.5,8.75,10.625,8.875],"texture":"#0"}}},{"name":"solstice_49","from":[7.8125,5.5,7.5],"to":[7.9375,6,8.125],"faces":{"north":{"uv":[2.875,7.25,2.75,7.75],"texture":"#0"},"east":{"uv":[2.75,7.25,2.875,7.75],"texture":"#0"},"south":{"uv":[2.75,7.25,2.875,7.75],"texture":"#0"},"west":{"uv":[2.75,7.25,2.875,7.75],"texture":"#0"},"up":{"uv":[2.75,7.25,2.875,7.375],"texture":"#0"},"down":{"uv":[2.75,7.625,2.875,7.75],"texture":"#0"}}},{"name":"solstice_50","from":[8.0625,5.5,7.5],"to":[8.1875,6,8.125],"faces":{"north":{"uv":[3.125,7.25,3,7.75],"texture":"#0"},"east":{"uv":[3,7.25,3.125,7.75],"texture":"#0"},"south":{"uv":[3,7.25,3.125,7.75],"texture":"#0"},"west":{"uv":[3,7.25,3.125,7.75],"texture":"#0"},"up":{"uv":[3,7.25,3.125,7.375],"texture":"#0"},"down":{"uv":[3,7.625,3.125,7.75],"texture":"#0"}}},{"name":"solstice_51","from":[7.5625,6.375,7.625],"to":[7.6875,9.875,8],"faces":{"north":{"uv":[14.625,7.25,14.5,10.75],"texture":"#0"},"east":{"uv":[14.5,7.25,14.625,10.75],"texture":"#0"},"south":{"uv":[14.5,7.25,14.625,10.75],"texture":"#0"},"west":{"uv":[14.5,7.25,14.625,10.75],"texture":"#0"},"up":{"uv":[14.5,7.25,14.625,7.375],"texture":"#0"},"down":{"uv":[14.5,10.625,14.625,10.75],"texture":"#0"}}},{"name":"solstice_52","from":[8.3125,6.375,7.625],"to":[8.4375,9.875,8],"faces":{"north":{"uv":[15.375,7.25,15.25,10.75],"texture":"#0"},"east":{"uv":[15.25,7.25,15.375,10.75],"texture":"#0"},"south":{"uv":[15.25,7.25,15.375,10.75],"texture":"#0"},"west":{"uv":[15.25,7.25,15.375,10.75],"texture":"#0"},"up":{"uv":[15.25,7.25,15.375,7.375],"texture":"#0"},"down":{"uv":[15.25,10.625,15.375,10.75],"texture":"#0"}}},{"name":"solstice_53","from":[7.9375,5.5,7.5],"to":[8.0625,5.875,8.125],"faces":{"north":{"uv":[3,7.375,2.875,7.75],"texture":"#0"},"east":{"uv":[2.875,7.375,3,7.75],"texture":"#0"},"south":{"uv":[2.875,7.375,3,7.75],"texture":"#0"},"west":{"uv":[2.875,7.375,3,7.75],"texture":"#0"},"up":{"uv":[2.875,7.375,3,7.5],"texture":"#0"},"down":{"uv":[2.875,7.625,3,7.75],"texture":"#0"}}},{"name":"solstice_54","from":[7.0625,5.5,7.5],"to":[7.1875,6.375,8.125],"faces":{"north":{"uv":[2.125,7.625,2,8.5],"texture":"#0"},"east":{"uv":[2,7.625,2.125,8.5],"texture":"#0"},"south":{"uv":[2,7.625,2.125,8.5],"texture":"#0"},"west":{"uv":[2,7.625,2.125,8.5],"texture":"#0"},"up":{"uv":[2,7.625,2.125,7.75],"texture":"#0"},"down":{"uv":[2,8.375,2.125,8.5],"texture":"#0"}}},{"name":"solstice_55","from":[8.8125,5.5,7.5],"to":[8.9375,6.375,8.125],"faces":{"north":{"uv":[3.875,7.625,3.75,8.5],"texture":"#0"},"east":{"uv":[3.75,7.625,3.875,8.5],"texture":"#0"},"south":{"uv":[3.75,7.625,3.875,8.5],"texture":"#0"},"west":{"uv":[3.75,7.625,3.875,8.5],"texture":"#0"},"up":{"uv":[3.75,7.625,3.875,7.75],"texture":"#0"},"down":{"uv":[3.75,8.375,3.875,8.5],"texture":"#0"}}},{"name":"solstice_56","from":[7.1875,5.375,7.5],"to":[7.3125,6.25,8.125],"faces":{"north":{"uv":[2.25,7.75,2.125,8.625],"texture":"#0"},"east":{"uv":[2.125,7.75,2.25,8.625],"texture":"#0"},"south":{"uv":[2.125,7.75,2.25,8.625],"texture":"#0"},"west":{"uv":[2.125,7.75,2.25,8.625],"texture":"#0"},"up":{"uv":[2.125,7.75,2.25,7.875],"texture":"#0"},"down":{"uv":[2.125,8.5,2.25,8.625],"texture":"#0"}}},{"name":"solstice_57","from":[8.6875,5.375,7.5],"to":[8.8125,6.25,8.125],"faces":{"north":{"uv":[3.75,7.75,3.625,8.625],"texture":"#0"},"east":{"uv":[3.625,7.75,3.75,8.625],"texture":"#0"},"south":{"uv":[3.625,7.75,3.75,8.625],"texture":"#0"},"west":{"uv":[3.625,7.75,3.75,8.625],"texture":"#0"},"up":{"uv":[3.625,7.75,3.75,7.875],"texture":"#0"},"down":{"uv":[3.625,8.5,3.75,8.625],"texture":"#0"}}},{"name":"solstice_58","from":[7.3125,5.25,7.5],"to":[7.4375,6.125,8.125],"faces":{"north":{"uv":[2.375,7.875,2.25,8.75],"texture":"#0"},"east":{"uv":[2.25,7.875,2.375,8.75],"texture":"#0"},"south":{"uv":[2.25,7.875,2.375,8.75],"texture":"#0"},"west":{"uv":[2.25,7.875,2.375,8.75],"texture":"#0"},"up":{"uv":[2.25,7.875,2.375,8],"texture":"#0"},"down":{"uv":[2.25,8.625,2.375,8.75],"texture":"#0"}}},{"name":"solstice_59","from":[8.5625,5.25,7.5],"to":[8.6875,6.125,8.125],"faces":{"north":{"uv":[3.625,7.875,3.5,8.75],"texture":"#0"},"east":{"uv":[3.5,7.875,3.625,8.75],"texture":"#0"},"south":{"uv":[3.5,7.875,3.625,8.75],"texture":"#0"},"west":{"uv":[3.5,7.875,3.625,8.75],"texture":"#0"},"up":{"uv":[3.5,7.875,3.625,8],"texture":"#0"},"down":{"uv":[3.5,8.625,3.625,8.75],"texture":"#0"}}},{"name":"solstice_60","from":[6.9375,5.625,7.5],"to":[7.0625,6,8.125],"faces":{"north":{"uv":[2,8,1.875,8.375],"texture":"#0"},"east":{"uv":[1.875,8,2,8.375],"texture":"#0"},"south":{"uv":[1.875,8,2,8.375],"texture":"#0"},"west":{"uv":[1.875,8,2,8.375],"texture":"#0"},"up":{"uv":[1.875,8,2,8.125],"texture":"#0"},"down":{"uv":[1.875,8.25,2,8.375],"texture":"#0"}}},{"name":"solstice_61","from":[7.4375,5.375,7.5],"to":[7.5625,6,8.125],"faces":{"north":{"uv":[2.5,8,2.375,8.625],"texture":"#0"},"east":{"uv":[2.375,8,2.5,8.625],"texture":"#0"},"south":{"uv":[2.375,8,2.5,8.625],"texture":"#0"},"west":{"uv":[2.375,8,2.5,8.625],"texture":"#0"},"up":{"uv":[2.375,8,2.5,8.125],"texture":"#0"},"down":{"uv":[2.375,8.5,2.5,8.625],"texture":"#0"}}},{"name":"solstice_62","from":[8.4375,5.375,7.5],"to":[8.5625,6,8.125],"faces":{"north":{"uv":[3.5,8,3.375,8.625],"texture":"#0"},"east":{"uv":[3.375,8,3.5,8.625],"texture":"#0"},"south":{"uv":[3.375,8,3.5,8.625],"texture":"#0"},"west":{"uv":[3.375,8,3.5,8.625],"texture":"#0"},"up":{"uv":[3.375,8,3.5,8.125],"texture":"#0"},"down":{"uv":[3.375,8.5,3.5,8.625],"texture":"#0"}}},{"name":"solstice_63","from":[8.9375,5.625,7.5],"to":[9.0625,6,8.125],"faces":{"north":{"uv":[4,8,3.875,8.375],"texture":"#0"},"east":{"uv":[3.875,8,4,8.375],"texture":"#0"},"south":{"uv":[3.875,8,4,8.375],"texture":"#0"},"west":{"uv":[3.875,8,4,8.375],"texture":"#0"},"up":{"uv":[3.875,8,4,8.125],"texture":"#0"},"down":{"uv":[3.875,8.25,4,8.375],"texture":"#0"}}},{"name":"solstice_64","from":[6.8125,5.75,7.5],"to":[6.9375,5.875,8.125],"faces":{"north":{"uv":[1.875,8.125,1.75,8.25],"texture":"#0"},"east":{"uv":[1.75,8.125,1.875,8.25],"texture":"#0"},"south":{"uv":[1.75,8.125,1.875,8.25],"texture":"#0"},"west":{"uv":[1.75,8.125,1.875,8.25],"texture":"#0"},"up":{"uv":[1.75,8.125,1.875,8.25],"texture":"#0"},"down":{"uv":[1.75,8.125,1.875,8.25],"texture":"#0"}}},{"name":"solstice_65","from":[9.0625,5.75,7.5],"to":[9.1875,5.875,8.125],"faces":{"north":{"uv":[4.125,8.125,4,8.25],"texture":"#0"},"east":{"uv":[4,8.125,4.125,8.25],"texture":"#0"},"south":{"uv":[4,8.125,4.125,8.25],"texture":"#0"},"west":{"uv":[4,8.125,4.125,8.25],"texture":"#0"},"up":{"uv":[4,8.125,4.125,8.25],"texture":"#0"},"down":{"uv":[4,8.125,4.125,8.25],"texture":"#0"}}},{"name":"solstice_66","from":[7.3125,7.25,7.6875],"to":[7.4375,8.25,7.9375],"faces":{"north":{"uv":[12.25,8.875,12.125,9.875],"texture":"#0"},"east":{"uv":[12.125,8.875,12.25,9.875],"texture":"#0"},"south":{"uv":[12.125,8.875,12.25,9.875],"texture":"#0"},"west":{"uv":[12.125,8.875,12.25,9.875],"texture":"#0"},"up":{"uv":[12.125,8.875,12.25,9],"texture":"#0"},"down":{"uv":[12.125,9.75,12.25,9.875],"texture":"#0"}}},{"name":"solstice_67","from":[8.5625,7.25,7.6875],"to":[8.6875,8.25,7.9375],"faces":{"north":{"uv":[13.5,8.875,13.375,9.875],"texture":"#0"},"east":{"uv":[13.375,8.875,13.5,9.875],"texture":"#0"},"south":{"uv":[13.375,8.875,13.5,9.875],"texture":"#0"},"west":{"uv":[13.375,8.875,13.5,9.875],"texture":"#0"},"up":{"uv":[13.375,8.875,13.5,9],"texture":"#0"},"down":{"uv":[13.375,9.75,13.5,9.875],"texture":"#0"}}},{"name":"solstice_68","from":[7.4375,7.375,7.6875],"to":[7.5625,8.125,7.9375],"faces":{"north":{"uv":[12.375,9,12.25,9.75],"texture":"#0"},"east":{"uv":[12.25,9,12.375,9.75],"texture":"#0"},"south":{"uv":[12.25,9,12.375,9.75],"texture":"#0"},"west":{"uv":[12.25,9,12.375,9.75],"texture":"#0"},"up":{"uv":[12.25,9,12.375,9.125],"texture":"#0"},"down":{"uv":[12.25,9.625,12.375,9.75],"texture":"#0"}}},{"name":"solstice_69","from":[8.4375,7.375,7.6875],"to":[8.5625,8.125,7.9375],"faces":{"north":{"uv":[13.375,9,13.25,9.75],"texture":"#0"},"east":{"uv":[13.25,9,13.375,9.75],"texture":"#0"},"south":{"uv":[13.25,9,13.375,9.75],"texture":"#0"},"west":{"uv":[13.25,9,13.375,9.75],"texture":"#0"},"up":{"uv":[13.25,9,13.375,9.125],"texture":"#0"},"down":{"uv":[13.25,9.625,13.375,9.75],"texture":"#0"}}},{"name":"solstice_70","from":[6.0625,6.25,7.625],"to":[6.1875,6.375,8],"faces":{"north":{"uv":[1.125,9.625,1,9.75],"texture":"#0"},"east":{"uv":[1,9.625,1.125,9.75],"texture":"#0"},"south":{"uv":[1,9.625,1.125,9.75],"texture":"#0"},"west":{"uv":[1,9.625,1.125,9.75],"texture":"#0"},"up":{"uv":[1,9.625,1.125,9.75],"texture":"#0"},"down":{"uv":[1,9.625,1.125,9.75],"texture":"#0"}}},{"name":"solstice_71","from":[9.8125,6.25,7.625],"to":[9.9375,6.375,8],"faces":{"north":{"uv":[4.875,9.625,4.75,9.75],"texture":"#0"},"east":{"uv":[4.75,9.625,4.875,9.75],"texture":"#0"},"south":{"uv":[4.75,9.625,4.875,9.75],"texture":"#0"},"west":{"uv":[4.75,9.625,4.875,9.75],"texture":"#0"},"up":{"uv":[4.75,9.625,4.875,9.75],"texture":"#0"},"down":{"uv":[4.75,9.625,4.875,9.75],"texture":"#0"}}},{"name":"solstice_72","from":[6.1875,6.125,7.625],"to":[6.3125,6.25,8],"faces":{"north":{"uv":[1.25,9.75,1.125,9.875],"texture":"#0"},"east":{"uv":[1.125,9.75,1.25,9.875],"texture":"#0"},"south":{"uv":[1.125,9.75,1.25,9.875],"texture":"#0"},"west":{"uv":[1.125,9.75,1.25,9.875],"texture":"#0"},"up":{"uv":[1.125,9.75,1.25,9.875],"texture":"#0"},"down":{"uv":[1.125,9.75,1.25,9.875],"texture":"#0"}}},{"name":"solstice_73","from":[9.6875,6.125,7.625],"to":[9.8125,6.25,8],"faces":{"north":{"uv":[4.75,9.75,4.625,9.875],"texture":"#0"},"east":{"uv":[4.625,9.75,4.75,9.875],"texture":"#0"},"south":{"uv":[4.625,9.75,4.75,9.875],"texture":"#0"},"west":{"uv":[4.625,9.75,4.75,9.875],"texture":"#0"},"up":{"uv":[4.625,9.75,4.75,9.875],"texture":"#0"},"down":{"uv":[4.625,9.75,4.75,9.875],"texture":"#0"}}},{"name":"solstice_74","from":[7.4375,7,7.6875],"to":[7.5625,7.375,7.9375],"faces":{"north":{"uv":[9.5,9.75,9.375,10.125],"texture":"#0"},"east":{"uv":[9.375,9.75,9.5,10.125],"texture":"#0"},"south":{"uv":[9.375,9.75,9.5,10.125],"texture":"#0"},"west":{"uv":[9.375,9.75,9.5,10.125],"texture":"#0"},"up":{"uv":[9.375,9.75,9.5,9.875],"texture":"#0"},"down":{"uv":[9.375,10,9.5,10.125],"texture":"#0"}}},{"name":"solstice_75","from":[8.4375,7,7.6875],"to":[8.5625,7.375,7.9375],"faces":{"north":{"uv":[10.5,9.75,10.375,10.125],"texture":"#0"},"east":{"uv":[10.375,9.75,10.5,10.125],"texture":"#0"},"south":{"uv":[10.375,9.75,10.5,10.125],"texture":"#0"},"west":{"uv":[10.375,9.75,10.5,10.125],"texture":"#0"},"up":{"uv":[10.375,9.75,10.5,9.875],"texture":"#0"},"down":{"uv":[10.375,10,10.5,10.125],"texture":"#0"}}},{"name":"solstice_76","from":[7.9375,7.25,7.625],"to":[8.0625,7.375,8],"faces":{"north":{"uv":[15,9.75,14.875,9.875],"texture":"#0"},"east":{"uv":[14.875,9.75,15,9.875],"texture":"#0"},"south":{"uv":[14.875,9.75,15,9.875],"texture":"#0"},"west":{"uv":[14.875,9.75,15,9.875],"texture":"#0"},"up":{"uv":[14.875,9.75,15,9.875],"texture":"#0"},"down":{"uv":[14.875,9.75,15,9.875],"texture":"#0"}}},{"name":"solstice_77","from":[6.3125,6,7.625],"to":[6.4375,6.125,8],"faces":{"north":{"uv":[1.375,9.875,1.25,10],"texture":"#0"},"east":{"uv":[1.25,9.875,1.375,10],"texture":"#0"},"south":{"uv":[1.25,9.875,1.375,10],"texture":"#0"},"west":{"uv":[1.25,9.875,1.375,10],"texture":"#0"},"up":{"uv":[1.25,9.875,1.375,10],"texture":"#0"},"down":{"uv":[1.25,9.875,1.375,10],"texture":"#0"}}},{"name":"solstice_78","from":[9.5625,6,7.625],"to":[9.6875,6.125,8],"faces":{"north":{"uv":[4.625,9.875,4.5,10],"texture":"#0"},"east":{"uv":[4.5,9.875,4.625,10],"texture":"#0"},"south":{"uv":[4.5,9.875,4.625,10],"texture":"#0"},"west":{"uv":[4.5,9.875,4.625,10],"texture":"#0"},"up":{"uv":[4.5,9.875,4.625,10],"texture":"#0"},"down":{"uv":[4.5,9.875,4.625,10],"texture":"#0"}}},{"name":"solstice_79","from":[7.3125,6.875,7.6875],"to":[7.4375,7.25,7.9375],"faces":{"north":{"uv":[9.375,9.875,9.25,10.25],"texture":"#0"},"east":{"uv":[9.25,9.875,9.375,10.25],"texture":"#0"},"south":{"uv":[9.25,9.875,9.375,10.25],"texture":"#0"},"west":{"uv":[9.25,9.875,9.375,10.25],"texture":"#0"},"up":{"uv":[9.25,9.875,9.375,10],"texture":"#0"},"down":{"uv":[9.25,10.125,9.375,10.25],"texture":"#0"}}},{"name":"solstice_80","from":[8.5625,6.875,7.6875],"to":[8.6875,7.25,7.9375],"faces":{"north":{"uv":[10.625,9.875,10.5,10.25],"texture":"#0"},"east":{"uv":[10.5,9.875,10.625,10.25],"texture":"#0"},"south":{"uv":[10.5,9.875,10.625,10.25],"texture":"#0"},"west":{"uv":[10.5,9.875,10.625,10.25],"texture":"#0"},"up":{"uv":[10.5,9.875,10.625,10],"texture":"#0"},"down":{"uv":[10.5,10.125,10.625,10.25],"texture":"#0"}}},{"name":"solstice_81","from":[7.6875,6.5,7.625],"to":[7.8125,7.25,8],"faces":{"north":{"uv":[14.75,9.875,14.625,10.625],"texture":"#0"},"east":{"uv":[14.625,9.875,14.75,10.625],"texture":"#0"},"south":{"uv":[14.625,9.875,14.75,10.625],"texture":"#0"},"west":{"uv":[14.625,9.875,14.75,10.625],"texture":"#0"},"up":{"uv":[14.625,9.875,14.75,10],"texture":"#0"},"down":{"uv":[14.625,10.5,14.75,10.625],"texture":"#0"}}},{"name":"solstice_82","from":[8.1875,6.5,7.625],"to":[8.3125,7.25,8],"faces":{"north":{"uv":[15.25,9.875,15.125,10.625],"texture":"#0"},"east":{"uv":[15.125,9.875,15.25,10.625],"texture":"#0"},"south":{"uv":[15.125,9.875,15.25,10.625],"texture":"#0"},"west":{"uv":[15.125,9.875,15.25,10.625],"texture":"#0"},"up":{"uv":[15.125,9.875,15.25,10],"texture":"#0"},"down":{"uv":[15.125,10.5,15.25,10.625],"texture":"#0"}}},{"name":"solstice_83","from":[6.4375,5.75,7.625],"to":[6.6875,6,8],"faces":{"north":{"uv":[1.625,10,1.375,10.25],"texture":"#0"},"east":{"uv":[1.5,10,1.625,10.25],"texture":"#0"},"south":{"uv":[1.375,10,1.625,10.25],"texture":"#0"},"west":{"uv":[1.375,10,1.5,10.25],"texture":"#0"},"up":{"uv":[1.375,10,1.625,10.125],"texture":"#0"},"down":{"uv":[1.375,10.125,1.625,10.25],"texture":"#0"}}},{"name":"solstice_84","from":[9.3125,5.75,7.625],"to":[9.5625,6,8],"faces":{"north":{"uv":[4.5,10,4.25,10.25],"texture":"#0"},"east":{"uv":[4.375,10,4.5,10.25],"texture":"#0"},"south":{"uv":[4.25,10,4.5,10.25],"texture":"#0"},"west":{"uv":[4.25,10,4.375,10.25],"texture":"#0"},"up":{"uv":[4.25,10,4.5,10.125],"texture":"#0"},"down":{"uv":[4.25,10.125,4.5,10.25],"texture":"#0"}}},{"name":"solstice_85","from":[7.1875,6.75,7.6875],"to":[7.3125,7.125,7.9375],"faces":{"north":{"uv":[9.25,10,9.125,10.375],"texture":"#0"},"east":{"uv":[9.125,10,9.25,10.375],"texture":"#0"},"south":{"uv":[9.125,10,9.25,10.375],"texture":"#0"},"west":{"uv":[9.125,10,9.25,10.375],"texture":"#0"},"up":{"uv":[9.125,10,9.25,10.125],"texture":"#0"},"down":{"uv":[9.125,10.25,9.25,10.375],"texture":"#0"}}},{"name":"solstice_86","from":[8.6875,6.75,7.6875],"to":[8.8125,7.125,7.9375],"faces":{"north":{"uv":[10.75,10,10.625,10.375],"texture":"#0"},"east":{"uv":[10.625,10,10.75,10.375],"texture":"#0"},"south":{"uv":[10.625,10,10.75,10.375],"texture":"#0"},"west":{"uv":[10.625,10,10.75,10.375],"texture":"#0"},"up":{"uv":[10.625,10,10.75,10.125],"texture":"#0"},"down":{"uv":[10.625,10.25,10.75,10.375],"texture":"#0"}}},{"name":"solstice_87","from":[7.8125,6.625,7.625],"to":[7.9375,7.125,8],"faces":{"north":{"uv":[14.875,10,14.75,10.5],"texture":"#0"},"east":{"uv":[14.75,10,14.875,10.5],"texture":"#0"},"south":{"uv":[14.75,10,14.875,10.5],"texture":"#0"},"west":{"uv":[14.75,10,14.875,10.5],"texture":"#0"},"up":{"uv":[14.75,10,14.875,10.125],"texture":"#0"},"down":{"uv":[14.75,10.375,14.875,10.5],"texture":"#0"}}},{"name":"solstice_88","from":[8.0625,6.625,7.625],"to":[8.1875,7.125,8],"faces":{"north":{"uv":[15.125,10,15,10.5],"texture":"#0"},"east":{"uv":[15,10,15.125,10.5],"texture":"#0"},"south":{"uv":[15,10,15.125,10.5],"texture":"#0"},"west":{"uv":[15,10,15.125,10.5],"texture":"#0"},"up":{"uv":[15,10,15.125,10.125],"texture":"#0"},"down":{"uv":[15,10.375,15.125,10.5],"texture":"#0"}}},{"name":"solstice_89","from":[6.6875,5.5,7.625],"to":[6.8125,5.875,8],"faces":{"north":{"uv":[1.75,10.125,1.625,10.5],"texture":"#0"},"east":{"uv":[1.625,10.125,1.75,10.5],"texture":"#0"},"south":{"uv":[1.625,10.125,1.75,10.5],"texture":"#0"},"west":{"uv":[1.625,10.125,1.75,10.5],"texture":"#0"},"up":{"uv":[1.625,10.125,1.75,10.25],"texture":"#0"},"down":{"uv":[1.625,10.375,1.75,10.5],"texture":"#0"}}},{"name":"solstice_90","from":[9.1875,5.5,7.625],"to":[9.3125,5.875,8],"faces":{"north":{"uv":[4.25,10.125,4.125,10.5],"texture":"#0"},"east":{"uv":[4.125,10.125,4.25,10.5],"texture":"#0"},"south":{"uv":[4.125,10.125,4.25,10.5],"texture":"#0"},"west":{"uv":[4.125,10.125,4.25,10.5],"texture":"#0"},"up":{"uv":[4.125,10.125,4.25,10.25],"texture":"#0"},"down":{"uv":[4.125,10.375,4.25,10.5],"texture":"#0"}}},{"name":"solstice_91","from":[7.0625,6.625,7.6875],"to":[7.1875,7,7.9375],"faces":{"north":{"uv":[9.125,10.125,9,10.5],"texture":"#0"},"east":{"uv":[9,10.125,9.125,10.5],"texture":"#0"},"south":{"uv":[9,10.125,9.125,10.5],"texture":"#0"},"west":{"uv":[9,10.125,9.125,10.5],"texture":"#0"},"up":{"uv":[9,10.125,9.125,10.25],"texture":"#0"},"down":{"uv":[9,10.375,9.125,10.5],"texture":"#0"}}},{"name":"solstice_92","from":[8.8125,6.625,7.6875],"to":[8.9375,7,7.9375],"faces":{"north":{"uv":[10.875,10.125,10.75,10.5],"texture":"#0"},"east":{"uv":[10.75,10.125,10.875,10.5],"texture":"#0"},"south":{"uv":[10.75,10.125,10.875,10.5],"texture":"#0"},"west":{"uv":[10.75,10.125,10.875,10.5],"texture":"#0"},"up":{"uv":[10.75,10.125,10.875,10.25],"texture":"#0"},"down":{"uv":[10.75,10.375,10.875,10.5],"texture":"#0"}}},{"name":"solstice_93","from":[7.4375,6.375,7.625],"to":[7.5625,7,8],"faces":{"north":{"uv":[14.5,10.125,14.375,10.75],"texture":"#0"},"east":{"uv":[14.375,10.125,14.5,10.75],"texture":"#0"},"south":{"uv":[14.375,10.125,14.5,10.75],"texture":"#0"},"west":{"uv":[14.375,10.125,14.5,10.75],"texture":"#0"},"up":{"uv":[14.375,10.125,14.5,10.25],"texture":"#0"},"down":{"uv":[14.375,10.625,14.5,10.75],"texture":"#0"}}},{"name":"solstice_94","from":[8.4375,6.375,7.625],"to":[8.5625,7,8],"faces":{"north":{"uv":[15.5,10.125,15.375,10.75],"texture":"#0"},"east":{"uv":[15.375,10.125,15.5,10.75],"texture":"#0"},"south":{"uv":[15.375,10.125,15.5,10.75],"texture":"#0"},"west":{"uv":[15.375,10.125,15.5,10.75],"texture":"#0"},"up":{"uv":[15.375,10.125,15.5,10.25],"texture":"#0"},"down":{"uv":[15.375,10.625,15.5,10.75],"texture":"#0"}}},{"name":"solstice_95","from":[6.5625,5.625,7.625],"to":[6.6875,5.75,8],"faces":{"north":{"uv":[1.625,10.25,1.5,10.375],"texture":"#0"},"east":{"uv":[1.5,10.25,1.625,10.375],"texture":"#0"},"south":{"uv":[1.5,10.25,1.625,10.375],"texture":"#0"},"west":{"uv":[1.5,10.25,1.625,10.375],"texture":"#0"},"up":{"uv":[1.5,10.25,1.625,10.375],"texture":"#0"},"down":{"uv":[1.5,10.25,1.625,10.375],"texture":"#0"}}},{"name":"solstice_96","from":[6.8125,5.375,7.625],"to":[6.9375,5.75,8],"faces":{"north":{"uv":[1.875,10.25,1.75,10.625],"texture":"#0"},"east":{"uv":[1.75,10.25,1.875,10.625],"texture":"#0"},"south":{"uv":[1.75,10.25,1.875,10.625],"texture":"#0"},"west":{"uv":[1.75,10.25,1.875,10.625],"texture":"#0"},"up":{"uv":[1.75,10.25,1.875,10.375],"texture":"#0"},"down":{"uv":[1.75,10.5,1.875,10.625],"texture":"#0"}}},{"name":"solstice_97","from":[9.0625,5.375,7.625],"to":[9.1875,5.75,8],"faces":{"north":{"uv":[4.125,10.25,4,10.625],"texture":"#0"},"east":{"uv":[4,10.25,4.125,10.625],"texture":"#0"},"south":{"uv":[4,10.25,4.125,10.625],"texture":"#0"},"west":{"uv":[4,10.25,4.125,10.625],"texture":"#0"},"up":{"uv":[4,10.25,4.125,10.375],"texture":"#0"},"down":{"uv":[4,10.5,4.125,10.625],"texture":"#0"}}},{"name":"solstice_98","from":[9.3125,5.625,7.625],"to":[9.4375,5.75,8],"faces":{"north":{"uv":[4.375,10.25,4.25,10.375],"texture":"#0"},"east":{"uv":[4.25,10.25,4.375,10.375],"texture":"#0"},"south":{"uv":[4.25,10.25,4.375,10.375],"texture":"#0"},"west":{"uv":[4.25,10.25,4.375,10.375],"texture":"#0"},"up":{"uv":[4.25,10.25,4.375,10.375],"texture":"#0"},"down":{"uv":[4.25,10.25,4.375,10.375],"texture":"#0"}}},{"name":"solstice_99","from":[6.9375,6.5,7.6875],"to":[7.0625,6.875,7.9375],"faces":{"north":{"uv":[9,10.25,8.875,10.625],"texture":"#0"},"east":{"uv":[8.875,10.25,9,10.625],"texture":"#0"},"south":{"uv":[8.875,10.25,9,10.625],"texture":"#0"},"west":{"uv":[8.875,10.25,9,10.625],"texture":"#0"},"up":{"uv":[8.875,10.25,9,10.375],"texture":"#0"},"down":{"uv":[8.875,10.5,9,10.625],"texture":"#0"}}},{"name":"solstice_100","from":[8.9375,6.5,7.6875],"to":[9.0625,6.875,7.9375],"faces":{"north":{"uv":[11,10.25,10.875,10.625],"texture":"#0"},"east":{"uv":[10.875,10.25,11,10.625],"texture":"#0"},"south":{"uv":[10.875,10.25,11,10.625],"texture":"#0"},"west":{"uv":[10.875,10.25,11,10.625],"texture":"#0"},"up":{"uv":[10.875,10.25,11,10.375],"texture":"#0"},"down":{"uv":[10.875,10.5,11,10.625],"texture":"#0"}}},{"name":"solstice_101","from":[7.3125,6.125,7.625],"to":[7.4375,6.875,8],"faces":{"north":{"uv":[14.375,10.25,14.25,11],"texture":"#0"},"east":{"uv":[14.25,10.25,14.375,11],"texture":"#0"},"south":{"uv":[14.25,10.25,14.375,11],"texture":"#0"},"west":{"uv":[14.25,10.25,14.375,11],"texture":"#0"},"up":{"uv":[14.25,10.25,14.375,10.375],"texture":"#0"},"down":{"uv":[14.25,10.875,14.375,11],"texture":"#0"}}},{"name":"solstice_102","from":[8.5625,6.125,7.625],"to":[8.6875,6.875,8],"faces":{"north":{"uv":[15.625,10.25,15.5,11],"texture":"#0"},"east":{"uv":[15.5,10.25,15.625,11],"texture":"#0"},"south":{"uv":[15.5,10.25,15.625,11],"texture":"#0"},"west":{"uv":[15.5,10.25,15.625,11],"texture":"#0"},"up":{"uv":[15.5,10.25,15.625,10.375],"texture":"#0"},"down":{"uv":[15.5,10.875,15.625,11],"texture":"#0"}}},{"name":"solstice_103","from":[6.9375,5.25,7.625],"to":[7.0625,5.625,8],"faces":{"north":{"uv":[2,10.375,1.875,10.75],"texture":"#0"},"east":{"uv":[1.875,10.375,2,10.75],"texture":"#0"},"south":{"uv":[1.875,10.375,2,10.75],"texture":"#0"},"west":{"uv":[1.875,10.375,2,10.75],"texture":"#0"},"up":{"uv":[1.875,10.375,2,10.5],"texture":"#0"},"down":{"uv":[1.875,10.625,2,10.75],"texture":"#0"}}},{"name":"solstice_104","from":[8.9375,5.25,7.625],"to":[9.0625,5.625,8],"faces":{"north":{"uv":[4,10.375,3.875,10.75],"texture":"#0"},"east":{"uv":[3.875,10.375,4,10.75],"texture":"#0"},"south":{"uv":[3.875,10.375,4,10.75],"texture":"#0"},"west":{"uv":[3.875,10.375,4,10.75],"texture":"#0"},"up":{"uv":[3.875,10.375,4,10.5],"texture":"#0"},"down":{"uv":[3.875,10.625,4,10.75],"texture":"#0"}}},{"name":"solstice_105","from":[6.8125,6.625,7.6875],"to":[6.9375,6.75,7.9375],"faces":{"north":{"uv":[8.875,10.375,8.75,10.5],"texture":"#0"},"east":{"uv":[8.75,10.375,8.875,10.5],"texture":"#0"},"south":{"uv":[8.75,10.375,8.875,10.5],"texture":"#0"},"west":{"uv":[8.75,10.375,8.875,10.5],"texture":"#0"},"up":{"uv":[8.75,10.375,8.875,10.5],"texture":"#0"},"down":{"uv":[8.75,10.375,8.875,10.5],"texture":"#0"}}},{"name":"solstice_106","from":[9.0625,6.625,7.6875],"to":[9.1875,6.75,7.9375],"faces":{"north":{"uv":[11.125,10.375,11,10.5],"texture":"#0"},"east":{"uv":[11,10.375,11.125,10.5],"texture":"#0"},"south":{"uv":[11,10.375,11.125,10.5],"texture":"#0"},"west":{"uv":[11,10.375,11.125,10.5],"texture":"#0"},"up":{"uv":[11,10.375,11.125,10.5],"texture":"#0"},"down":{"uv":[11,10.375,11.125,10.5],"texture":"#0"}}},{"name":"solstice_107","from":[7.1875,6.25,7.625],"to":[7.3125,6.75,8],"faces":{"north":{"uv":[14.25,10.375,14.125,10.875],"texture":"#0"},"east":{"uv":[14.125,10.375,14.25,10.875],"texture":"#0"},"south":{"uv":[14.125,10.375,14.25,10.875],"texture":"#0"},"west":{"uv":[14.125,10.375,14.25,10.875],"texture":"#0"},"up":{"uv":[14.125,10.375,14.25,10.5],"texture":"#0"},"down":{"uv":[14.125,10.75,14.25,10.875],"texture":"#0"}}},{"name":"solstice_108","from":[8.6875,6.25,7.625],"to":[8.8125,6.75,8],"faces":{"north":{"uv":[15.75,10.375,15.625,10.875],"texture":"#0"},"east":{"uv":[15.625,10.375,15.75,10.875],"texture":"#0"},"south":{"uv":[15.625,10.375,15.75,10.875],"texture":"#0"},"west":{"uv":[15.625,10.375,15.75,10.875],"texture":"#0"},"up":{"uv":[15.625,10.375,15.75,10.5],"texture":"#0"},"down":{"uv":[15.625,10.75,15.75,10.875],"texture":"#0"}}},{"name":"solstice_109","from":[7.0625,5.125,7.625],"to":[7.1875,5.5,8],"faces":{"north":{"uv":[2.125,10.5,2,10.875],"texture":"#0"},"east":{"uv":[2,10.5,2.125,10.875],"texture":"#0"},"south":{"uv":[2,10.5,2.125,10.875],"texture":"#0"},"west":{"uv":[2,10.5,2.125,10.875],"texture":"#0"},"up":{"uv":[2,10.5,2.125,10.625],"texture":"#0"},"down":{"uv":[2,10.75,2.125,10.875],"texture":"#0"}}},{"name":"solstice_110","from":[8.8125,5.125,7.625],"to":[8.9375,5.5,8],"faces":{"north":{"uv":[3.875,10.5,3.75,10.875],"texture":"#0"},"east":{"uv":[3.75,10.5,3.875,10.875],"texture":"#0"},"south":{"uv":[3.75,10.5,3.875,10.875],"texture":"#0"},"west":{"uv":[3.75,10.5,3.875,10.875],"texture":"#0"},"up":{"uv":[3.75,10.5,3.875,10.625],"texture":"#0"},"down":{"uv":[3.75,10.75,3.875,10.875],"texture":"#0"}}},{"name":"solstice_111","from":[7.5625,5,7.3125],"to":[8.4375,5.5,8.3125],"faces":{"north":{"uv":[7.625,10.5,6.75,11],"texture":"#0"},"east":{"uv":[7.5,10.5,7.625,11],"texture":"#0"},"south":{"uv":[6.75,10.5,7.625,11],"texture":"#0"},"west":{"uv":[6.75,10.5,6.875,11],"texture":"#0"},"up":{"uv":[6.75,10.5,7.625,10.625],"texture":"#0"},"down":{"uv":[6.75,10.875,7.625,11],"texture":"#0"}}},{"name":"solstice_112","from":[7.0625,6.375,7.625],"to":[7.1875,6.625,8],"faces":{"north":{"uv":[14.125,10.5,14,10.75],"texture":"#0"},"east":{"uv":[14,10.5,14.125,10.75],"texture":"#0"},"south":{"uv":[14,10.5,14.125,10.75],"texture":"#0"},"west":{"uv":[14,10.5,14.125,10.75],"texture":"#0"},"up":{"uv":[14,10.5,14.125,10.625],"texture":"#0"},"down":{"uv":[14,10.625,14.125,10.75],"texture":"#0"}}},{"name":"solstice_113","from":[8.8125,6.375,7.625],"to":[8.9375,6.625,8],"faces":{"north":{"uv":[15.875,10.5,15.75,10.75],"texture":"#0"},"east":{"uv":[15.75,10.5,15.875,10.75],"texture":"#0"},"south":{"uv":[15.75,10.5,15.875,10.75],"texture":"#0"},"west":{"uv":[15.75,10.5,15.875,10.75],"texture":"#0"},"up":{"uv":[15.75,10.5,15.875,10.625],"texture":"#0"},"down":{"uv":[15.75,10.625,15.875,10.75],"texture":"#0"}}},{"name":"solstice_114","from":[7.1875,5.125,7.625],"to":[7.3125,5.375,8],"faces":{"north":{"uv":[2.25,10.625,2.125,10.875],"texture":"#0"},"east":{"uv":[2.125,10.625,2.25,10.875],"texture":"#0"},"south":{"uv":[2.125,10.625,2.25,10.875],"texture":"#0"},"west":{"uv":[2.125,10.625,2.25,10.875],"texture":"#0"},"up":{"uv":[2.125,10.625,2.25,10.75],"texture":"#0"},"down":{"uv":[2.125,10.75,2.25,10.875],"texture":"#0"}}},{"name":"solstice_115","from":[8.6875,5.125,7.625],"to":[8.8125,5.375,8],"faces":{"north":{"uv":[3.75,10.625,3.625,10.875],"texture":"#0"},"east":{"uv":[3.625,10.625,3.75,10.875],"texture":"#0"},"south":{"uv":[3.625,10.625,3.75,10.875],"texture":"#0"},"west":{"uv":[3.625,10.625,3.75,10.875],"texture":"#0"},"up":{"uv":[3.625,10.625,3.75,10.75],"texture":"#0"},"down":{"uv":[3.625,10.75,3.75,10.875],"texture":"#0"}}},{"name":"solstice_116","from":[7.4375,3.75,7.3125],"to":[7.5625,5.375,8.3125],"faces":{"north":{"uv":[6.75,10.625,6.625,12.25],"texture":"#0"},"east":{"uv":[6.625,10.625,6.75,12.25],"texture":"#0"},"south":{"uv":[6.625,10.625,6.75,12.25],"texture":"#0"},"west":{"uv":[6.625,10.625,6.75,12.25],"texture":"#0"},"up":{"uv":[6.625,10.625,6.75,10.75],"texture":"#0"},"down":{"uv":[6.625,12.125,6.75,12.25],"texture":"#0"}}},{"name":"solstice_117","from":[8.4375,3.75,7.3125],"to":[8.5625,5.375,8.3125],"faces":{"north":{"uv":[7.75,10.625,7.625,12.25],"texture":"#0"},"east":{"uv":[7.625,10.625,7.75,12.25],"texture":"#0"},"south":{"uv":[7.625,10.625,7.75,12.25],"texture":"#0"},"west":{"uv":[7.625,10.625,7.75,12.25],"texture":"#0"},"up":{"uv":[7.625,10.625,7.75,10.75],"texture":"#0"},"down":{"uv":[7.625,12.125,7.75,12.25],"texture":"#0"}}},{"name":"solstice_118","from":[7.9375,6.125,7.625],"to":[8.0625,6.5,8],"faces":{"north":{"uv":[15,10.625,14.875,11],"texture":"#0"},"east":{"uv":[14.875,10.625,15,11],"texture":"#0"},"south":{"uv":[14.875,10.625,15,11],"texture":"#0"},"west":{"uv":[14.875,10.625,15,11],"texture":"#0"},"up":{"uv":[14.875,10.625,15,10.75],"texture":"#0"},"down":{"uv":[14.875,10.875,15,11],"texture":"#0"}}},{"name":"solstice_119","from":[7.3125,3.875,7.3125],"to":[7.4375,5.25,8.3125],"faces":{"north":{"uv":[6.625,10.75,6.5,12.125],"texture":"#0"},"east":{"uv":[6.5,10.75,6.625,12.125],"texture":"#0"},"south":{"uv":[6.5,10.75,6.625,12.125],"texture":"#0"},"west":{"uv":[6.5,10.75,6.625,12.125],"texture":"#0"},"up":{"uv":[6.5,10.75,6.625,10.875],"texture":"#0"},"down":{"uv":[6.5,12,6.625,12.125],"texture":"#0"}}},{"name":"solstice_120","from":[8.5625,3.875,7.3125],"to":[8.6875,5.25,8.3125],"faces":{"north":{"uv":[7.875,10.75,7.75,12.125],"texture":"#0"},"east":{"uv":[7.75,10.75,7.875,12.125],"texture":"#0"},"south":{"uv":[7.75,10.75,7.875,12.125],"texture":"#0"},"west":{"uv":[7.75,10.75,7.875,12.125],"texture":"#0"},"up":{"uv":[7.75,10.75,7.875,10.875],"texture":"#0"},"down":{"uv":[7.75,12,7.875,12.125],"texture":"#0"}}},{"name":"solstice_121","from":[7.8125,6.25,7.625],"to":[7.9375,6.375,8],"faces":{"north":{"uv":[14.875,10.75,14.75,10.875],"texture":"#0"},"east":{"uv":[14.75,10.75,14.875,10.875],"texture":"#0"},"south":{"uv":[14.75,10.75,14.875,10.875],"texture":"#0"},"west":{"uv":[14.75,10.75,14.875,10.875],"texture":"#0"},"up":{"uv":[14.75,10.75,14.875,10.875],"texture":"#0"},"down":{"uv":[14.75,10.75,14.875,10.875],"texture":"#0"}}},{"name":"solstice_122","from":[8.0625,6.25,7.625],"to":[8.1875,6.375,8],"faces":{"north":{"uv":[15.125,10.75,15,10.875],"texture":"#0"},"east":{"uv":[15,10.75,15.125,10.875],"texture":"#0"},"south":{"uv":[15,10.75,15.125,10.875],"texture":"#0"},"west":{"uv":[15,10.75,15.125,10.875],"texture":"#0"},"up":{"uv":[15,10.75,15.125,10.875],"texture":"#0"},"down":{"uv":[15,10.75,15.125,10.875],"texture":"#0"}}},{"name":"solstice_123","from":[6.5625,5,7.75],"to":[6.8125,5.125,7.875],"faces":{"north":{"uv":[1.75,10.875,1.5,11],"texture":"#0"},"east":{"uv":[1.625,10.875,1.75,11],"texture":"#0"},"south":{"uv":[1.5,10.875,1.75,11],"texture":"#0"},"west":{"uv":[1.5,10.875,1.625,11],"texture":"#0"},"up":{"uv":[1.5,10.875,1.75,11],"texture":"#0"},"down":{"uv":[1.5,10.875,1.75,11],"texture":"#0"}}},{"name":"solstice_124","from":[9.1875,5,7.75],"to":[9.4375,5.125,7.875],"faces":{"north":{"uv":[4.375,10.875,4.125,11],"texture":"#0"},"east":{"uv":[4.25,10.875,4.375,11],"texture":"#0"},"south":{"uv":[4.125,10.875,4.375,11],"texture":"#0"},"west":{"uv":[4.125,10.875,4.25,11],"texture":"#0"},"up":{"uv":[4.125,10.875,4.375,11],"texture":"#0"},"down":{"uv":[4.125,10.875,4.375,11],"texture":"#0"}}},{"name":"solstice_125","from":[7.1875,4,7.3125],"to":[7.3125,5.125,8.3125],"faces":{"north":{"uv":[6.5,10.875,6.375,12],"texture":"#0"},"east":{"uv":[6.375,10.875,6.5,12],"texture":"#0"},"south":{"uv":[6.375,10.875,6.5,12],"texture":"#0"},"west":{"uv":[6.375,10.875,6.5,12],"texture":"#0"},"up":{"uv":[6.375,10.875,6.5,11],"texture":"#0"},"down":{"uv":[6.375,11.875,6.5,12],"texture":"#0"}}},{"name":"solstice_126","from":[8.6875,4,7.3125],"to":[8.8125,5.125,8.3125],"faces":{"north":{"uv":[8,10.875,7.875,12],"texture":"#0"},"east":{"uv":[7.875,10.875,8,12],"texture":"#0"},"south":{"uv":[7.875,10.875,8,12],"texture":"#0"},"west":{"uv":[7.875,10.875,8,12],"texture":"#0"},"up":{"uv":[7.875,10.875,8,11],"texture":"#0"},"down":{"uv":[7.875,11.875,8,12],"texture":"#0"}}},{"name":"solstice_127","from":[7.4375,6,7.625],"to":[7.6875,6.25,8],"faces":{"north":{"uv":[14.625,10.875,14.375,11.125],"texture":"#0"},"east":{"uv":[14.5,10.875,14.625,11.125],"texture":"#0"},"south":{"uv":[14.375,10.875,14.625,11.125],"texture":"#0"},"west":{"uv":[14.375,10.875,14.5,11.125],"texture":"#0"},"up":{"uv":[14.375,10.875,14.625,11],"texture":"#0"},"down":{"uv":[14.375,11,14.625,11.125],"texture":"#0"}}},{"name":"solstice_128","from":[8.3125,6,7.625],"to":[8.5625,6.25,8],"faces":{"north":{"uv":[15.5,10.875,15.25,11.125],"texture":"#0"},"east":{"uv":[15.375,10.875,15.5,11.125],"texture":"#0"},"south":{"uv":[15.25,10.875,15.5,11.125],"texture":"#0"},"west":{"uv":[15.25,10.875,15.375,11.125],"texture":"#0"},"up":{"uv":[15.25,10.875,15.5,11],"texture":"#0"},"down":{"uv":[15.25,11,15.5,11.125],"texture":"#0"}}},{"name":"solstice_129","from":[6.8125,4.875,7.75],"to":[7.0625,5,7.875],"faces":{"north":{"uv":[2,11,1.75,11.125],"texture":"#0"},"east":{"uv":[1.875,11,2,11.125],"texture":"#0"},"south":{"uv":[1.75,11,2,11.125],"texture":"#0"},"west":{"uv":[1.75,11,1.875,11.125],"texture":"#0"},"up":{"uv":[1.75,11,2,11.125],"texture":"#0"},"down":{"uv":[1.75,11,2,11.125],"texture":"#0"}}},{"name":"solstice_130","from":[8.9375,4.875,7.75],"to":[9.1875,5,7.875],"faces":{"north":{"uv":[4.125,11,3.875,11.125],"texture":"#0"},"east":{"uv":[4,11,4.125,11.125],"texture":"#0"},"south":{"uv":[3.875,11,4.125,11.125],"texture":"#0"},"west":{"uv":[3.875,11,4,11.125],"texture":"#0"},"up":{"uv":[3.875,11,4.125,11.125],"texture":"#0"},"down":{"uv":[3.875,11,4.125,11.125],"texture":"#0"}}},{"name":"solstice_131","from":[7.0625,4.125,7.3125],"to":[7.1875,5,8.3125],"faces":{"north":{"uv":[6.375,11,6.25,11.875],"texture":"#0"},"east":{"uv":[6.25,11,6.375,11.875],"texture":"#0"},"south":{"uv":[6.25,11,6.375,11.875],"texture":"#0"},"west":{"uv":[6.25,11,6.375,11.875],"texture":"#0"},"up":{"uv":[6.25,11,6.375,11.125],"texture":"#0"},"down":{"uv":[6.25,11.75,6.375,11.875],"texture":"#0"}}},{"name":"solstice_132","from":[7.5625,4.875,7.3125],"to":[7.8125,5,8.3125],"faces":{"north":{"uv":[7,11,6.75,11.125],"texture":"#0"},"east":{"uv":[6.875,11,7,11.125],"texture":"#0"},"south":{"uv":[6.75,11,7,11.125],"texture":"#0"},"west":{"uv":[6.75,11,6.875,11.125],"texture":"#0"},"up":{"uv":[6.75,11,7,11.125],"texture":"#0"},"down":{"uv":[6.75,11,7,11.125],"texture":"#0"}}},{"name":"solstice_133","from":[8.1875,4.875,7.3125],"to":[8.4375,5,8.3125],"faces":{"north":{"uv":[7.625,11,7.375,11.125],"texture":"#0"},"east":{"uv":[7.5,11,7.625,11.125],"texture":"#0"},"south":{"uv":[7.375,11,7.625,11.125],"texture":"#0"},"west":{"uv":[7.375,11,7.5,11.125],"texture":"#0"},"up":{"uv":[7.375,11,7.625,11.125],"texture":"#0"},"down":{"uv":[7.375,11,7.625,11.125],"texture":"#0"}}},{"name":"solstice_134","from":[8.8125,4.125,7.3125],"to":[8.9375,5,8.3125],"faces":{"north":{"uv":[8.125,11,8,11.875],"texture":"#0"},"east":{"uv":[8,11,8.125,11.875],"texture":"#0"},"south":{"uv":[8,11,8.125,11.875],"texture":"#0"},"west":{"uv":[8,11,8.125,11.875],"texture":"#0"},"up":{"uv":[8,11,8.125,11.125],"texture":"#0"},"down":{"uv":[8,11.75,8.125,11.875],"texture":"#0"}}},{"name":"solstice_135","from":[7.6875,5.5,7.625],"to":[7.8125,6.125,8],"faces":{"north":{"uv":[14.75,11,14.625,11.625],"texture":"#0"},"east":{"uv":[14.625,11,14.75,11.625],"texture":"#0"},"south":{"uv":[14.625,11,14.75,11.625],"texture":"#0"},"west":{"uv":[14.625,11,14.75,11.625],"texture":"#0"},"up":{"uv":[14.625,11,14.75,11.125],"texture":"#0"},"down":{"uv":[14.625,11.5,14.75,11.625],"texture":"#0"}}},{"name":"solstice_136","from":[8.1875,5.5,7.625],"to":[8.3125,6.125,8],"faces":{"north":{"uv":[15.25,11,15.125,11.625],"texture":"#0"},"east":{"uv":[15.125,11,15.25,11.625],"texture":"#0"},"south":{"uv":[15.125,11,15.25,11.625],"texture":"#0"},"west":{"uv":[15.125,11,15.25,11.625],"texture":"#0"},"up":{"uv":[15.125,11,15.25,11.125],"texture":"#0"},"down":{"uv":[15.125,11.5,15.25,11.625],"texture":"#0"}}},{"name":"solstice_137","from":[7.9375,4.25,7.5625],"to":[8.0625,4.875,8.0625],"faces":{"north":{"uv":[3,11.125,2.875,11.75],"texture":"#0"},"east":{"uv":[2.875,11.125,3,11.75],"texture":"#0"},"south":{"uv":[2.875,11.125,3,11.75],"texture":"#0"},"west":{"uv":[2.875,11.125,3,11.75],"texture":"#0"},"up":{"uv":[2.875,11.125,3,11.25],"texture":"#0"},"down":{"uv":[2.875,11.625,3,11.75],"texture":"#0"}}},{"name":"solstice_138","from":[7.5625,4.75,7.3125],"to":[7.6875,4.875,8.3125],"faces":{"north":{"uv":[6.875,11.125,6.75,11.25],"texture":"#0"},"east":{"uv":[6.75,11.125,6.875,11.25],"texture":"#0"},"south":{"uv":[6.75,11.125,6.875,11.25],"texture":"#0"},"west":{"uv":[6.75,11.125,6.875,11.25],"texture":"#0"},"up":{"uv":[6.75,11.125,6.875,11.25],"texture":"#0"},"down":{"uv":[6.75,11.125,6.875,11.25],"texture":"#0"}}},{"name":"solstice_139","from":[8.3125,4.75,7.3125],"to":[8.4375,4.875,8.3125],"faces":{"north":{"uv":[7.625,11.125,7.5,11.25],"texture":"#0"},"east":{"uv":[7.5,11.125,7.625,11.25],"texture":"#0"},"south":{"uv":[7.5,11.125,7.625,11.25],"texture":"#0"},"west":{"uv":[7.5,11.125,7.625,11.25],"texture":"#0"},"up":{"uv":[7.5,11.125,7.625,11.25],"texture":"#0"},"down":{"uv":[7.5,11.125,7.625,11.25],"texture":"#0"}}},{"name":"solstice_140","from":[7.5625,5.5,7.625],"to":[7.6875,6,8],"faces":{"north":{"uv":[14.625,11.125,14.5,11.625],"texture":"#0"},"east":{"uv":[14.5,11.125,14.625,11.625],"texture":"#0"},"south":{"uv":[14.5,11.125,14.625,11.625],"texture":"#0"},"west":{"uv":[14.5,11.125,14.625,11.625],"texture":"#0"},"up":{"uv":[14.5,11.125,14.625,11.25],"texture":"#0"},"down":{"uv":[14.5,11.5,14.625,11.625],"texture":"#0"}}},{"name":"solstice_141","from":[8.3125,5.5,7.625],"to":[8.4375,6,8],"faces":{"north":{"uv":[15.375,11.125,15.25,11.625],"texture":"#0"},"east":{"uv":[15.25,11.125,15.375,11.625],"texture":"#0"},"south":{"uv":[15.25,11.125,15.375,11.625],"texture":"#0"},"west":{"uv":[15.25,11.125,15.375,11.625],"texture":"#0"},"up":{"uv":[15.25,11.125,15.375,11.25],"texture":"#0"},"down":{"uv":[15.25,11.5,15.375,11.625],"texture":"#0"}}},{"name":"solstice_142","from":[6.3125,4.375,7.625],"to":[7.0625,4.75,8],"faces":{"north":{"uv":[2,11.25,1.25,11.625],"texture":"#0"},"east":{"uv":[1.875,11.25,2,11.625],"texture":"#0"},"south":{"uv":[1.25,11.25,2,11.625],"texture":"#0"},"west":{"uv":[1.25,11.25,1.375,11.625],"texture":"#0"},"up":{"uv":[1.25,11.25,2,11.375],"texture":"#0"},"down":{"uv":[1.25,11.5,2,11.625],"texture":"#0"}}},{"name":"solstice_143","from":[7.8125,4.375,7.5625],"to":[7.9375,4.75,8.0625],"faces":{"north":{"uv":[2.875,11.25,2.75,11.625],"texture":"#0"},"east":{"uv":[2.75,11.25,2.875,11.625],"texture":"#0"},"south":{"uv":[2.75,11.25,2.875,11.625],"texture":"#0"},"west":{"uv":[2.75,11.25,2.875,11.625],"texture":"#0"},"up":{"uv":[2.75,11.25,2.875,11.375],"texture":"#0"},"down":{"uv":[2.75,11.5,2.875,11.625],"texture":"#0"}}},{"name":"solstice_144","from":[8.0625,4.375,7.5625],"to":[8.1875,4.75,8.0625],"faces":{"north":{"uv":[3.125,11.25,3,11.625],"texture":"#0"},"east":{"uv":[3,11.25,3.125,11.625],"texture":"#0"},"south":{"uv":[3,11.25,3.125,11.625],"texture":"#0"},"west":{"uv":[3,11.25,3.125,11.625],"texture":"#0"},"up":{"uv":[3,11.25,3.125,11.375],"texture":"#0"},"down":{"uv":[3,11.5,3.125,11.625],"texture":"#0"}}},{"name":"solstice_145","from":[8.9375,4.375,7.625],"to":[9.6875,4.75,8],"faces":{"north":{"uv":[4.625,11.25,3.875,11.625],"texture":"#0"},"east":{"uv":[4.5,11.25,4.625,11.625],"texture":"#0"},"south":{"uv":[3.875,11.25,4.625,11.625],"texture":"#0"},"west":{"uv":[3.875,11.25,4,11.625],"texture":"#0"},"up":{"uv":[3.875,11.25,4.625,11.375],"texture":"#0"},"down":{"uv":[3.875,11.5,4.625,11.625],"texture":"#0"}}},{"name":"solstice_146","from":[5.4375,4.5,7.625],"to":[6.3125,4.625,8],"faces":{"north":{"uv":[1.25,11.375,0.375,11.5],"texture":"#0"},"east":{"uv":[1.125,11.375,1.25,11.5],"texture":"#0"},"south":{"uv":[0.375,11.375,1.25,11.5],"texture":"#0"},"west":{"uv":[0.375,11.375,0.5,11.5],"texture":"#0"},"up":{"uv":[0.375,11.375,1.25,11.5],"texture":"#0"},"down":{"uv":[0.375,11.375,1.25,11.5],"texture":"#0"}}},{"name":"solstice_147","from":[7.6875,4.5,7.5625],"to":[7.8125,4.625,8.0625],"faces":{"north":{"uv":[2.75,11.375,2.625,11.5],"texture":"#0"},"east":{"uv":[2.625,11.375,2.75,11.5],"texture":"#0"},"south":{"uv":[2.625,11.375,2.75,11.5],"texture":"#0"},"west":{"uv":[2.625,11.375,2.75,11.5],"texture":"#0"},"up":{"uv":[2.625,11.375,2.75,11.5],"texture":"#0"},"down":{"uv":[2.625,11.375,2.75,11.5],"texture":"#0"}}},{"name":"solstice_148","from":[8.1875,4.5,7.5625],"to":[8.3125,4.625,8.0625],"faces":{"north":{"uv":[3.25,11.375,3.125,11.5],"texture":"#0"},"east":{"uv":[3.125,11.375,3.25,11.5],"texture":"#0"},"south":{"uv":[3.125,11.375,3.25,11.5],"texture":"#0"},"west":{"uv":[3.125,11.375,3.25,11.5],"texture":"#0"},"up":{"uv":[3.125,11.375,3.25,11.5],"texture":"#0"},"down":{"uv":[3.125,11.375,3.25,11.5],"texture":"#0"}}},{"name":"solstice_149","from":[9.6875,4.5,7.625],"to":[10.5625,4.625,8],"faces":{"north":{"uv":[5.5,11.375,4.625,11.5],"texture":"#0"},"east":{"uv":[5.375,11.375,5.5,11.5],"texture":"#0"},"south":{"uv":[4.625,11.375,5.5,11.5],"texture":"#0"},"west":{"uv":[4.625,11.375,4.75,11.5],"texture":"#0"},"up":{"uv":[4.625,11.375,5.5,11.5],"texture":"#0"},"down":{"uv":[4.625,11.375,5.5,11.5],"texture":"#0"}}},{"name":"solstice_150","from":[7.5625,3.625,7.3125],"to":[7.6875,4.375,8.3125],"faces":{"north":{"uv":[6.875,11.625,6.75,12.375],"texture":"#0"},"east":{"uv":[6.75,11.625,6.875,12.375],"texture":"#0"},"south":{"uv":[6.75,11.625,6.875,12.375],"texture":"#0"},"west":{"uv":[6.75,11.625,6.875,12.375],"texture":"#0"},"up":{"uv":[6.75,11.625,6.875,11.75],"texture":"#0"},"down":{"uv":[6.75,12.25,6.875,12.375],"texture":"#0"}}},{"name":"solstice_151","from":[8.3125,3.625,7.3125],"to":[8.4375,4.375,8.3125],"faces":{"north":{"uv":[7.625,11.625,7.5,12.375],"texture":"#0"},"east":{"uv":[7.5,11.625,7.625,12.375],"texture":"#0"},"south":{"uv":[7.5,11.625,7.625,12.375],"texture":"#0"},"west":{"uv":[7.5,11.625,7.625,12.375],"texture":"#0"},"up":{"uv":[7.5,11.625,7.625,11.75],"texture":"#0"},"down":{"uv":[7.5,12.25,7.625,12.375],"texture":"#0"}}},{"name":"solstice_152","from":[6.8125,4.125,7.75],"to":[7.0625,4.25,7.875],"faces":{"north":{"uv":[2,11.75,1.75,11.875],"texture":"#0"},"east":{"uv":[1.875,11.75,2,11.875],"texture":"#0"},"south":{"uv":[1.75,11.75,2,11.875],"texture":"#0"},"west":{"uv":[1.75,11.75,1.875,11.875],"texture":"#0"},"up":{"uv":[1.75,11.75,2,11.875],"texture":"#0"},"down":{"uv":[1.75,11.75,2,11.875],"texture":"#0"}}},{"name":"solstice_153","from":[8.9375,4.125,7.75],"to":[9.1875,4.25,7.875],"faces":{"north":{"uv":[4.125,11.75,3.875,11.875],"texture":"#0"},"east":{"uv":[4,11.75,4.125,11.875],"texture":"#0"},"south":{"uv":[3.875,11.75,4.125,11.875],"texture":"#0"},"west":{"uv":[3.875,11.75,4,11.875],"texture":"#0"},"up":{"uv":[3.875,11.75,4.125,11.875],"texture":"#0"},"down":{"uv":[3.875,11.75,4.125,11.875],"texture":"#0"}}},{"name":"solstice_154","from":[7.6875,3.625,7.3125],"to":[7.8125,4.25,8.3125],"faces":{"north":{"uv":[7,11.75,6.875,12.375],"texture":"#0"},"east":{"uv":[6.875,11.75,7,12.375],"texture":"#0"},"south":{"uv":[6.875,11.75,7,12.375],"texture":"#0"},"west":{"uv":[6.875,11.75,7,12.375],"texture":"#0"},"up":{"uv":[6.875,11.75,7,11.875],"texture":"#0"},"down":{"uv":[6.875,12.25,7,12.375],"texture":"#0"}}},{"name":"solstice_155","from":[8.1875,3.625,7.3125],"to":[8.3125,4.25,8.3125],"faces":{"north":{"uv":[7.5,11.75,7.375,12.375],"texture":"#0"},"east":{"uv":[7.375,11.75,7.5,12.375],"texture":"#0"},"south":{"uv":[7.375,11.75,7.5,12.375],"texture":"#0"},"west":{"uv":[7.375,11.75,7.5,12.375],"texture":"#0"},"up":{"uv":[7.375,11.75,7.5,11.875],"texture":"#0"},"down":{"uv":[7.375,12.25,7.5,12.375],"texture":"#0"}}},{"name":"solstice_156","from":[6.5625,4,7.75],"to":[6.8125,4.125,7.875],"faces":{"north":{"uv":[1.75,11.875,1.5,12],"texture":"#0"},"east":{"uv":[1.625,11.875,1.75,12],"texture":"#0"},"south":{"uv":[1.5,11.875,1.75,12],"texture":"#0"},"west":{"uv":[1.5,11.875,1.625,12],"texture":"#0"},"up":{"uv":[1.5,11.875,1.75,12],"texture":"#0"},"down":{"uv":[1.5,11.875,1.75,12],"texture":"#0"}}},{"name":"solstice_157","from":[9.1875,4,7.75],"to":[9.4375,4.125,7.875],"faces":{"north":{"uv":[4.375,11.875,4.125,12],"texture":"#0"},"east":{"uv":[4.25,11.875,4.375,12],"texture":"#0"},"south":{"uv":[4.125,11.875,4.375,12],"texture":"#0"},"west":{"uv":[4.125,11.875,4.25,12],"texture":"#0"},"up":{"uv":[4.125,11.875,4.375,12],"texture":"#0"},"down":{"uv":[4.125,11.875,4.375,12],"texture":"#0"}}},{"name":"solstice_158","from":[7.8125,3.625,7.3125],"to":[8.1875,4.125,8.3125],"faces":{"north":{"uv":[7.375,11.875,7,12.375],"texture":"#0"},"east":{"uv":[7.25,11.875,7.375,12.375],"texture":"#0"},"south":{"uv":[7,11.875,7.375,12.375],"texture":"#0"},"west":{"uv":[7,11.875,7.125,12.375],"texture":"#0"},"up":{"uv":[7,11.875,7.375,12],"texture":"#0"},"down":{"uv":[7,12.25,7.375,12.375],"texture":"#0"}}},{"name":"solstice_159","from":[7.0625,3.75,7.625],"to":[7.3125,4,8],"faces":{"north":{"uv":[2.25,12,2,12.25],"texture":"#0"},"east":{"uv":[2.125,12,2.25,12.25],"texture":"#0"},"south":{"uv":[2,12,2.25,12.25],"texture":"#0"},"west":{"uv":[2,12,2.125,12.25],"texture":"#0"},"up":{"uv":[2,12,2.25,12.125],"texture":"#0"},"down":{"uv":[2,12.125,2.25,12.25],"texture":"#0"}}},{"name":"solstice_160","from":[8.6875,3.75,7.625],"to":[8.9375,4,8],"faces":{"north":{"uv":[3.875,12,3.625,12.25],"texture":"#0"},"east":{"uv":[3.75,12,3.875,12.25],"texture":"#0"},"south":{"uv":[3.625,12,3.875,12.25],"texture":"#0"},"west":{"uv":[3.625,12,3.75,12.25],"texture":"#0"},"up":{"uv":[3.625,12,3.875,12.125],"texture":"#0"},"down":{"uv":[3.625,12.125,3.875,12.25],"texture":"#0"}}},{"name":"solstice_161","from":[6.9375,3.5,7.625],"to":[7.0625,3.875,8],"faces":{"north":{"uv":[2,12.125,1.875,12.5],"texture":"#0"},"east":{"uv":[1.875,12.125,2,12.5],"texture":"#0"},"south":{"uv":[1.875,12.125,2,12.5],"texture":"#0"},"west":{"uv":[1.875,12.125,2,12.5],"texture":"#0"},"up":{"uv":[1.875,12.125,2,12.25],"texture":"#0"},"down":{"uv":[1.875,12.375,2,12.5],"texture":"#0"}}},{"name":"solstice_162","from":[7.3125,3.75,7.75],"to":[7.4375,3.875,7.875],"faces":{"north":{"uv":[2.375,12.125,2.25,12.25],"texture":"#0"},"east":{"uv":[2.25,12.125,2.375,12.25],"texture":"#0"},"south":{"uv":[2.25,12.125,2.375,12.25],"texture":"#0"},"west":{"uv":[2.25,12.125,2.375,12.25],"texture":"#0"},"up":{"uv":[2.25,12.125,2.375,12.25],"texture":"#0"},"down":{"uv":[2.25,12.125,2.375,12.25],"texture":"#0"}}},{"name":"solstice_163","from":[8.5625,3.75,7.75],"to":[8.6875,3.875,7.875],"faces":{"north":{"uv":[3.625,12.125,3.5,12.25],"texture":"#0"},"east":{"uv":[3.5,12.125,3.625,12.25],"texture":"#0"},"south":{"uv":[3.5,12.125,3.625,12.25],"texture":"#0"},"west":{"uv":[3.5,12.125,3.625,12.25],"texture":"#0"},"up":{"uv":[3.5,12.125,3.625,12.25],"texture":"#0"},"down":{"uv":[3.5,12.125,3.625,12.25],"texture":"#0"}}},{"name":"solstice_164","from":[8.9375,3.5,7.625],"to":[9.0625,3.875,8],"faces":{"north":{"uv":[4,12.125,3.875,12.5],"texture":"#0"},"east":{"uv":[3.875,12.125,4,12.5],"texture":"#0"},"south":{"uv":[3.875,12.125,4,12.5],"texture":"#0"},"west":{"uv":[3.875,12.125,4,12.5],"texture":"#0"},"up":{"uv":[3.875,12.125,4,12.25],"texture":"#0"},"down":{"uv":[3.875,12.375,4,12.5],"texture":"#0"}}},{"name":"solstice_165","from":[6.8125,3.375,7.625],"to":[6.9375,3.75,8],"faces":{"north":{"uv":[1.875,12.25,1.75,12.625],"texture":"#0"},"east":{"uv":[1.75,12.25,1.875,12.625],"texture":"#0"},"south":{"uv":[1.75,12.25,1.875,12.625],"texture":"#0"},"west":{"uv":[1.75,12.25,1.875,12.625],"texture":"#0"},"up":{"uv":[1.75,12.25,1.875,12.375],"texture":"#0"},"down":{"uv":[1.75,12.5,1.875,12.625],"texture":"#0"}}},{"name":"solstice_166","from":[7.0625,3.625,7.625],"to":[7.1875,3.75,8],"faces":{"north":{"uv":[2.125,12.25,2,12.375],"texture":"#0"},"east":{"uv":[2,12.25,2.125,12.375],"texture":"#0"},"south":{"uv":[2,12.25,2.125,12.375],"texture":"#0"},"west":{"uv":[2,12.25,2.125,12.375],"texture":"#0"},"up":{"uv":[2,12.25,2.125,12.375],"texture":"#0"},"down":{"uv":[2,12.25,2.125,12.375],"texture":"#0"}}},{"name":"solstice_167","from":[7.4375,3.625,7.75],"to":[7.5625,3.75,7.875],"faces":{"north":{"uv":[2.5,12.25,2.375,12.375],"texture":"#0"},"east":{"uv":[2.375,12.25,2.5,12.375],"texture":"#0"},"south":{"uv":[2.375,12.25,2.5,12.375],"texture":"#0"},"west":{"uv":[2.375,12.25,2.5,12.375],"texture":"#0"},"up":{"uv":[2.375,12.25,2.5,12.375],"texture":"#0"},"down":{"uv":[2.375,12.25,2.5,12.375],"texture":"#0"}}},{"name":"solstice_168","from":[8.4375,3.625,7.75],"to":[8.5625,3.75,7.875],"faces":{"north":{"uv":[3.5,12.25,3.375,12.375],"texture":"#0"},"east":{"uv":[3.375,12.25,3.5,12.375],"texture":"#0"},"south":{"uv":[3.375,12.25,3.5,12.375],"texture":"#0"},"west":{"uv":[3.375,12.25,3.5,12.375],"texture":"#0"},"up":{"uv":[3.375,12.25,3.5,12.375],"texture":"#0"},"down":{"uv":[3.375,12.25,3.5,12.375],"texture":"#0"}}},{"name":"solstice_169","from":[8.8125,3.625,7.625],"to":[8.9375,3.75,8],"faces":{"north":{"uv":[3.875,12.25,3.75,12.375],"texture":"#0"},"east":{"uv":[3.75,12.25,3.875,12.375],"texture":"#0"},"south":{"uv":[3.75,12.25,3.875,12.375],"texture":"#0"},"west":{"uv":[3.75,12.25,3.875,12.375],"texture":"#0"},"up":{"uv":[3.75,12.25,3.875,12.375],"texture":"#0"},"down":{"uv":[3.75,12.25,3.875,12.375],"texture":"#0"}}},{"name":"solstice_170","from":[9.0625,3.375,7.625],"to":[9.1875,3.75,8],"faces":{"north":{"uv":[4.125,12.25,4,12.625],"texture":"#0"},"east":{"uv":[4,12.25,4.125,12.625],"texture":"#0"},"south":{"uv":[4,12.25,4.125,12.625],"texture":"#0"},"west":{"uv":[4,12.25,4.125,12.625],"texture":"#0"},"up":{"uv":[4,12.25,4.125,12.375],"texture":"#0"},"down":{"uv":[4,12.5,4.125,12.625],"texture":"#0"}}},{"name":"solstice_171","from":[6.6875,3.25,7.625],"to":[6.8125,3.625,8],"faces":{"north":{"uv":[1.75,12.375,1.625,12.75],"texture":"#0"},"east":{"uv":[1.625,12.375,1.75,12.75],"texture":"#0"},"south":{"uv":[1.625,12.375,1.75,12.75],"texture":"#0"},"west":{"uv":[1.625,12.375,1.75,12.75],"texture":"#0"},"up":{"uv":[1.625,12.375,1.75,12.5],"texture":"#0"},"down":{"uv":[1.625,12.625,1.75,12.75],"texture":"#0"}}},{"name":"solstice_172","from":[9.1875,3.25,7.625],"to":[9.3125,3.625,8],"faces":{"north":{"uv":[4.25,12.375,4.125,12.75],"texture":"#0"},"east":{"uv":[4.125,12.375,4.25,12.75],"texture":"#0"},"south":{"uv":[4.125,12.375,4.25,12.75],"texture":"#0"},"west":{"uv":[4.125,12.375,4.25,12.75],"texture":"#0"},"up":{"uv":[4.125,12.375,4.25,12.5],"texture":"#0"},"down":{"uv":[4.125,12.625,4.25,12.75],"texture":"#0"}}},{"name":"solstice_173","from":[7.8125,1.625,7.625],"to":[8.1875,3.625,8],"faces":{"north":{"uv":[6.125,12.375,5.75,14.375],"texture":"#0"},"east":{"uv":[6,12.375,6.125,14.375],"texture":"#0"},"south":{"uv":[5.75,12.375,6.125,14.375],"texture":"#0"},"west":{"uv":[5.75,12.375,5.875,14.375],"texture":"#0"},"up":{"uv":[5.75,12.375,6.125,12.5],"texture":"#0"},"down":{"uv":[5.75,14.25,6.125,14.375],"texture":"#0"}}},{"name":"solstice_174","from":[6.5625,3.125,7.625],"to":[6.6875,3.5,8],"faces":{"north":{"uv":[1.625,12.5,1.5,12.875],"texture":"#0"},"east":{"uv":[1.5,12.5,1.625,12.875],"texture":"#0"},"south":{"uv":[1.5,12.5,1.625,12.875],"texture":"#0"},"west":{"uv":[1.5,12.5,1.625,12.875],"texture":"#0"},"up":{"uv":[1.5,12.5,1.625,12.625],"texture":"#0"},"down":{"uv":[1.5,12.75,1.625,12.875],"texture":"#0"}}},{"name":"solstice_175","from":[9.3125,3.125,7.625],"to":[9.4375,3.5,8],"faces":{"north":{"uv":[4.375,12.5,4.25,12.875],"texture":"#0"},"east":{"uv":[4.25,12.5,4.375,12.875],"texture":"#0"},"south":{"uv":[4.25,12.5,4.375,12.875],"texture":"#0"},"west":{"uv":[4.25,12.5,4.375,12.875],"texture":"#0"},"up":{"uv":[4.25,12.5,4.375,12.625],"texture":"#0"},"down":{"uv":[4.25,12.75,4.375,12.875],"texture":"#0"}}},{"name":"solstice_176","from":[6.4375,3.125,7.625],"to":[6.5625,3.375,8],"faces":{"north":{"uv":[1.5,12.625,1.375,12.875],"texture":"#0"},"east":{"uv":[1.375,12.625,1.5,12.875],"texture":"#0"},"south":{"uv":[1.375,12.625,1.5,12.875],"texture":"#0"},"west":{"uv":[1.375,12.625,1.5,12.875],"texture":"#0"},"up":{"uv":[1.375,12.625,1.5,12.75],"texture":"#0"},"down":{"uv":[1.375,12.75,1.5,12.875],"texture":"#0"}}},{"name":"solstice_177","from":[9.4375,3.125,7.625],"to":[9.5625,3.375,8],"faces":{"north":{"uv":[4.5,12.625,4.375,12.875],"texture":"#0"},"east":{"uv":[4.375,12.625,4.5,12.875],"texture":"#0"},"south":{"uv":[4.375,12.625,4.5,12.875],"texture":"#0"},"west":{"uv":[4.375,12.625,4.5,12.875],"texture":"#0"},"up":{"uv":[4.375,12.625,4.5,12.75],"texture":"#0"},"down":{"uv":[4.375,12.75,4.5,12.875],"texture":"#0"}}},{"name":"solstice_178","from":[6.3125,3,7.625],"to":[6.4375,3.125,8],"faces":{"north":{"uv":[1.375,12.875,1.25,13],"texture":"#0"},"east":{"uv":[1.25,12.875,1.375,13],"texture":"#0"},"south":{"uv":[1.25,12.875,1.375,13],"texture":"#0"},"west":{"uv":[1.25,12.875,1.375,13],"texture":"#0"},"up":{"uv":[1.25,12.875,1.375,13],"texture":"#0"},"down":{"uv":[1.25,12.875,1.375,13],"texture":"#0"}}},{"name":"solstice_179","from":[9.5625,3,7.625],"to":[9.6875,3.125,8],"faces":{"north":{"uv":[4.625,12.875,4.5,13],"texture":"#0"},"east":{"uv":[4.5,12.875,4.625,13],"texture":"#0"},"south":{"uv":[4.5,12.875,4.625,13],"texture":"#0"},"west":{"uv":[4.5,12.875,4.625,13],"texture":"#0"},"up":{"uv":[4.5,12.875,4.625,13],"texture":"#0"},"down":{"uv":[4.5,12.875,4.625,13],"texture":"#0"}}},{"name":"solstice_180","from":[6.1875,2.875,7.625],"to":[6.3125,3,8],"faces":{"north":{"uv":[1.25,13,1.125,13.125],"texture":"#0"},"east":{"uv":[1.125,13,1.25,13.125],"texture":"#0"},"south":{"uv":[1.125,13,1.25,13.125],"texture":"#0"},"west":{"uv":[1.125,13,1.25,13.125],"texture":"#0"},"up":{"uv":[1.125,13,1.25,13.125],"texture":"#0"},"down":{"uv":[1.125,13,1.25,13.125],"texture":"#0"}}},{"name":"solstice_181","from":[9.6875,2.875,7.625],"to":[9.8125,3,8],"faces":{"north":{"uv":[4.75,13,4.625,13.125],"texture":"#0"},"east":{"uv":[4.625,13,4.75,13.125],"texture":"#0"},"south":{"uv":[4.625,13,4.75,13.125],"texture":"#0"},"west":{"uv":[4.625,13,4.75,13.125],"texture":"#0"},"up":{"uv":[4.625,13,4.75,13.125],"texture":"#0"},"down":{"uv":[4.625,13,4.75,13.125],"texture":"#0"}}},{"name":"solstice_182","from":[6.0625,2.75,7.625],"to":[6.1875,2.875,8],"faces":{"north":{"uv":[1.125,13.125,1,13.25],"texture":"#0"},"east":{"uv":[1,13.125,1.125,13.25],"texture":"#0"},"south":{"uv":[1,13.125,1.125,13.25],"texture":"#0"},"west":{"uv":[1,13.125,1.125,13.25],"texture":"#0"},"up":{"uv":[1,13.125,1.125,13.25],"texture":"#0"},"down":{"uv":[1,13.125,1.125,13.25],"texture":"#0"}}},{"name":"solstice_183","from":[9.8125,2.75,7.625],"to":[9.9375,2.875,8],"faces":{"north":{"uv":[4.875,13.125,4.75,13.25],"texture":"#0"},"east":{"uv":[4.75,13.125,4.875,13.25],"texture":"#0"},"south":{"uv":[4.75,13.125,4.875,13.25],"texture":"#0"},"west":{"uv":[4.75,13.125,4.875,13.25],"texture":"#0"},"up":{"uv":[4.75,13.125,4.875,13.25],"texture":"#0"},"down":{"uv":[4.75,13.125,4.875,13.25],"texture":"#0"}}},{"name":"solstice_184","from":[7.9375,1.125,7.5],"to":[8.0625,1.625,8.125],"faces":{"north":{"uv":[3,14.375,2.875,14.875],"texture":"#0"},"east":{"uv":[2.875,14.375,3,14.875],"texture":"#0"},"south":{"uv":[2.875,14.375,3,14.875],"texture":"#0"},"west":{"uv":[2.875,14.375,3,14.875],"texture":"#0"},"up":{"uv":[2.875,14.375,3,14.5],"texture":"#0"},"down":{"uv":[2.875,14.75,3,14.875],"texture":"#0"}}},{"name":"solstice_185","from":[7.8125,1.5,7.625],"to":[7.9375,1.625,8],"faces":{"north":{"uv":[5.875,14.375,5.75,14.5],"texture":"#0"},"east":{"uv":[5.75,14.375,5.875,14.5],"texture":"#0"},"south":{"uv":[5.75,14.375,5.875,14.5],"texture":"#0"},"west":{"uv":[5.75,14.375,5.875,14.5],"texture":"#0"},"up":{"uv":[5.75,14.375,5.875,14.5],"texture":"#0"},"down":{"uv":[5.75,14.375,5.875,14.5],"texture":"#0"}}},{"name":"solstice_186","from":[8.0625,1.5,7.625],"to":[8.1875,1.625,8],"faces":{"north":{"uv":[6.125,14.375,6,14.5],"texture":"#0"},"east":{"uv":[6,14.375,6.125,14.5],"texture":"#0"},"south":{"uv":[6,14.375,6.125,14.5],"texture":"#0"},"west":{"uv":[6,14.375,6.125,14.5],"texture":"#0"},"up":{"uv":[6,14.375,6.125,14.5],"texture":"#0"},"down":{"uv":[6,14.375,6.125,14.5],"texture":"#0"}}},{"name":"solstice_187","from":[7.8125,1.125,7.5],"to":[7.9375,1.5,8.125],"faces":{"north":{"uv":[2.875,14.5,2.75,14.875],"texture":"#0"},"east":{"uv":[2.75,14.5,2.875,14.875],"texture":"#0"},"south":{"uv":[2.75,14.5,2.875,14.875],"texture":"#0"},"west":{"uv":[2.75,14.5,2.875,14.875],"texture":"#0"},"up":{"uv":[2.75,14.5,2.875,14.625],"texture":"#0"},"down":{"uv":[2.75,14.75,2.875,14.875],"texture":"#0"}}},{"name":"solstice_188","from":[8.0625,1.125,7.5],"to":[8.1875,1.5,8.125],"faces":{"north":{"uv":[3.125,14.5,3,14.875],"texture":"#0"},"east":{"uv":[3,14.5,3.125,14.875],"texture":"#0"},"south":{"uv":[3,14.5,3.125,14.875],"texture":"#0"},"west":{"uv":[3,14.5,3.125,14.875],"texture":"#0"},"up":{"uv":[3,14.5,3.125,14.625],"texture":"#0"},"down":{"uv":[3,14.75,3.125,14.875],"texture":"#0"}}},{"name":"solstice_189","from":[7.6875,0.5,7.5],"to":[7.8125,1.375,8.125],"faces":{"north":{"uv":[2.75,14.625,2.625,15.5],"texture":"#0"},"east":{"uv":[2.625,14.625,2.75,15.5],"texture":"#0"},"south":{"uv":[2.625,14.625,2.75,15.5],"texture":"#0"},"west":{"uv":[2.625,14.625,2.75,15.5],"texture":"#0"},"up":{"uv":[2.625,14.625,2.75,14.75],"texture":"#0"},"down":{"uv":[2.625,15.375,2.75,15.5],"texture":"#0"}}},{"name":"solstice_190","from":[8.1875,0.5,7.5],"to":[8.3125,1.375,8.125],"faces":{"north":{"uv":[3.25,14.625,3.125,15.5],"texture":"#0"},"east":{"uv":[3.125,14.625,3.25,15.5],"texture":"#0"},"south":{"uv":[3.125,14.625,3.25,15.5],"texture":"#0"},"west":{"uv":[3.125,14.625,3.25,15.5],"texture":"#0"},"up":{"uv":[3.125,14.625,3.25,14.75],"texture":"#0"},"down":{"uv":[3.125,15.375,3.25,15.5],"texture":"#0"}}},{"name":"solstice_191","from":[7.5625,0.625,7.5],"to":[7.6875,1.25,8.125],"faces":{"north":{"uv":[2.625,14.75,2.5,15.375],"texture":"#0"},"east":{"uv":[2.5,14.75,2.625,15.375],"texture":"#0"},"south":{"uv":[2.5,14.75,2.625,15.375],"texture":"#0"},"west":{"uv":[2.5,14.75,2.625,15.375],"texture":"#0"},"up":{"uv":[2.5,14.75,2.625,14.875],"texture":"#0"},"down":{"uv":[2.5,15.25,2.625,15.375],"texture":"#0"}}},{"name":"solstice_192","from":[8.3125,0.625,7.5],"to":[8.4375,1.25,8.125],"faces":{"north":{"uv":[3.375,14.75,3.25,15.375],"texture":"#0"},"east":{"uv":[3.25,14.75,3.375,15.375],"texture":"#0"},"south":{"uv":[3.25,14.75,3.375,15.375],"texture":"#0"},"west":{"uv":[3.25,14.75,3.375,15.375],"texture":"#0"},"up":{"uv":[3.25,14.75,3.375,14.875],"texture":"#0"},"down":{"uv":[3.25,15.25,3.375,15.375],"texture":"#0"}}},{"name":"solstice_193","from":[7.4375,0.75,7.5],"to":[7.5625,1.125,8.125],"faces":{"north":{"uv":[2.5,14.875,2.375,15.25],"texture":"#0"},"east":{"uv":[2.375,14.875,2.5,15.25],"texture":"#0"},"south":{"uv":[2.375,14.875,2.5,15.25],"texture":"#0"},"west":{"uv":[2.375,14.875,2.5,15.25],"texture":"#0"},"up":{"uv":[2.375,14.875,2.5,15],"texture":"#0"},"down":{"uv":[2.375,15.125,2.5,15.25],"texture":"#0"}}},{"name":"solstice_194","from":[8.4375,0.75,7.5],"to":[8.5625,1.125,8.125],"faces":{"north":{"uv":[3.5,14.875,3.375,15.25],"texture":"#0"},"east":{"uv":[3.375,14.875,3.5,15.25],"texture":"#0"},"south":{"uv":[3.375,14.875,3.5,15.25],"texture":"#0"},"west":{"uv":[3.375,14.875,3.5,15.25],"texture":"#0"},"up":{"uv":[3.375,14.875,3.5,15],"texture":"#0"},"down":{"uv":[3.375,15.125,3.5,15.25],"texture":"#0"}}},{"name":"solstice_195","from":[7.0625,0.875,7.5],"to":[7.4375,1,8.125],"faces":{"north":{"uv":[2.375,15,2,15.125],"texture":"#0"},"east":{"uv":[2.25,15,2.375,15.125],"texture":"#0"},"south":{"uv":[2,15,2.375,15.125],"texture":"#0"},"west":{"uv":[2,15,2.125,15.125],"texture":"#0"},"up":{"uv":[2,15,2.375,15.125],"texture":"#0"},"down":{"uv":[2,15,2.375,15.125],"texture":"#0"}}},{"name":"solstice_196","from":[8.5625,0.875,7.5],"to":[8.9375,1,8.125],"faces":{"north":{"uv":[3.875,15,3.5,15.125],"texture":"#0"},"east":{"uv":[3.75,15,3.875,15.125],"texture":"#0"},"south":{"uv":[3.5,15,3.875,15.125],"texture":"#0"},"west":{"uv":[3.5,15,3.625,15.125],"texture":"#0"},"up":{"uv":[3.5,15,3.875,15.125],"texture":"#0"},"down":{"uv":[3.5,15,3.875,15.125],"texture":"#0"}}},{"name":"solstice_197","from":[7.8125,0.375,7.5],"to":[8.1875,0.75,8.125],"faces":{"north":{"uv":[3.125,15.25,2.75,15.625],"texture":"#0"},"east":{"uv":[3,15.25,3.125,15.625],"texture":"#0"},"south":{"uv":[2.75,15.25,3.125,15.625],"texture":"#0"},"west":{"uv":[2.75,15.25,2.875,15.625],"texture":"#0"},"up":{"uv":[2.75,15.25,3.125,15.375],"texture":"#0"},"down":{"uv":[2.75,15.5,3.125,15.625],"texture":"#0"}}},{"name":"solstice_198","from":[7.9375,0,7.5],"to":[8.0625,0.375,8.125],"faces":{"north":{"uv":[3,15.625,2.875,16],"texture":"#0"},"east":{"uv":[2.875,15.625,3,16],"texture":"#0"},"south":{"uv":[2.875,15.625,3,16],"texture":"#0"},"west":{"uv":[2.875,15.625,3,16],"texture":"#0"},"up":{"uv":[2.875,15.625,3,15.75],"texture":"#0"},"down":{"uv":[2.875,15.875,3,16],"texture":"#0"}}}],"gui_light":"front","display":{"thirdperson_righthand":{"rotation":[0,-90,0],"translation":[-0.5,11.25,1.5],"scale":[2.4,2.4,2.4]},"thirdperson_lefthand":{"rotation":[0,-90,0],"translation":[-0.5,11.25,1.5],"scale":[2.4,2.4,2.4]},"firstperson_righthand":{"rotation":[10,-90,0],"translation":[-1.5,9,3.25],"scale":[1.4,1.4,1.4]},"firstperson_lefthand":{"rotation":[10,-90,0],"translation":[-1.5,9,3.25],"scale":[1.4,1.4,1.4]},"ground":{"rotation":[0,0,45],"translation":[0,1.5,0.25]},"gui":{"rotation":[0,0,-45],"translation":[-0.75,-0.75,0],"scale":[1.4,1.4,1]},"head":{"rotation":[0,0,45],"translation":[0.75,17.75,0],"scale":[2,2,2]},"fixed":{"rotation":[0,0,90],"translation":[0.25,-0.25,-0.5],"scale":[4,4,4]}}}