{"credit":"Made by Yassou, discord: Yassou#0001 mail : miss.yas.mc@gmail.com","texture_size":[64,64],"textures":{"3":"park_plus:bench"},"elements":[{"from":[0,0,0],"to":[3,19,3],"faces":{"north":{"uv":[7.5,6.25,8.25,11],"texture":"#3"},"east":{"uv":[6.5,7.5,7.25,12.25],"texture":"#3"},"south":{"uv":[0,8.25,0.75,13],"texture":"#3"},"west":{"uv":[0.75,8.25,1.5,13],"texture":"#3"},"up":{"uv":[10.5,11,9.75,10.25],"texture":"#3"},"down":{"uv":[12,11,11.25,11.75],"texture":"#3"}}},{"from":[3,10.5,0],"to":[29,13.5,3],"faces":{"north":{"uv":[7.5,0,14,0.75],"texture":"#3"},"east":{"uv":[11.5,7.75,12.25,8.5],"texture":"#3"},"south":{"uv":[7.5,0,14,0.75],"texture":"#3"},"west":{"uv":[11.5,8.5,12.25,9.25],"texture":"#3"},"up":{"uv":[14,1.5,7.5,0.75],"texture":"#3"},"down":{"uv":[14,4.5,7.5,3.75],"texture":"#3"}}},{"from":[3,15.1,0],"to":[29,18.1,3],"faces":{"north":{"uv":[7.5,0,14,0.75],"texture":"#3"},"east":{"uv":[11.25,11.75,12,12.5],"texture":"#3"},"south":{"uv":[7.5,3,14,3.75],"texture":"#3"},"west":{"uv":[12,9.25,12.75,10],"texture":"#3"},"up":{"uv":[14,4.5,7.5,3.75],"texture":"#3"},"down":{"uv":[14,4.5,7.5,3.75],"texture":"#3"}}},{"from":[1,6,0.1],"to":[31,8,15.1],"faces":{"north":{"uv":[7.5,5.25,15,5.75],"texture":"#3"},"east":{"uv":[8.25,9.25,12,9.75],"texture":"#3"},"south":{"uv":[7.5,5.75,15,6.25],"texture":"#3"},"west":{"uv":[8.25,9.75,12,10.25],"texture":"#3"},"up":{"uv":[7.5,3.75,0,0],"texture":"#3"},"down":{"uv":[7.5,3.75,0,7.5],"texture":"#3"}}},{"from":[0,0,13],"to":[2,10,16],"faces":{"north":{"uv":[10.75,10.25,11.25,12.75],"texture":"#3"},"east":{"uv":[8.25,10.25,9,12.75],"texture":"#3"},"south":{"uv":[7.25,11,7.75,13.5],"texture":"#3"},"west":{"uv":[9,10.25,9.75,12.75],"texture":"#3"},"up":{"uv":[6.5,13,6,12.25],"texture":"#3"},"down":{"uv":[12.75,6.25,12.25,7],"texture":"#3"}}},{"from":[0,10,3],"to":[2,13,16],"faces":{"north":{"uv":[12,10.75,12.5,11.5],"texture":"#3"},"east":{"uv":[8.25,7.75,11.5,8.5],"texture":"#3"},"south":{"uv":[12,11.5,12.5,12.25],"texture":"#3"},"west":{"uv":[8.25,8.5,11.5,9.25],"texture":"#3"},"up":{"uv":[10.75,13.5,10.25,10.25],"texture":"#3"},"down":{"uv":[5,10.75,4.5,14],"texture":"#3"}}},{"from":[30,10,3],"to":[32,13,16],"rotation":{"angle":0,"axis":"z","origin":[16,0,0]},"faces":{"north":{"uv":[12.5,10.75,12,11.5],"texture":"#3"},"east":{"uv":[11.5,8.5,8.25,9.25],"texture":"#3"},"south":{"uv":[12.5,11.5,12,12.25],"texture":"#3"},"west":{"uv":[11.5,7.75,8.25,8.5],"texture":"#3"},"up":{"uv":[10.25,13.5,10.75,10.25],"texture":"#3"},"down":{"uv":[4.5,10.75,5,14],"texture":"#3"}}},{"from":[30,0,13],"to":[32,10,16],"rotation":{"angle":0,"axis":"y","origin":[16,0,0]},"faces":{"north":{"uv":[11.25,10.25,10.75,12.75],"texture":"#3"},"east":{"uv":[9.75,10.25,9,12.75],"texture":"#3"},"south":{"uv":[7.75,11,7.25,13.5],"texture":"#3"},"west":{"uv":[9,10.25,8.25,12.75],"texture":"#3"},"up":{"uv":[6,13,6.5,12.25],"texture":"#3"},"down":{"uv":[12.25,6.25,12.75,7],"texture":"#3"}}},{"from":[29,0,0],"to":[32,19,3],"rotation":{"angle":0,"axis":"y","origin":[16,0,0]},"faces":{"north":{"uv":[8.25,6.25,7.5,11],"texture":"#3"},"east":{"uv":[1.5,8.25,0.75,13],"texture":"#3"},"south":{"uv":[0.75,8.25,0,13],"texture":"#3"},"west":{"uv":[7.25,7.5,6.5,12.25],"texture":"#3"},"up":{"uv":[10.5,11,11.25,10.25],"texture":"#3"},"down":{"uv":[11.25,11,12,11.75],"texture":"#3"}}}],"display":{"thirdperson_righthand":{"rotation":[60,-160,0],"translation":[2.5,3.25,0.25],"scale":[0.22109,0.22109,0.22109]},"thirdperson_lefthand":{"rotation":[60,-160,0],"translation":[2.5,3.25,0.25],"scale":[0.22109,0.22109,0.22109]},"firstperson_righthand":{"rotation":[0,-40,6],"translation":[1.25,1,0],"scale":[0.10899,0.10899,0.10899]},"firstperson_lefthand":{"rotation":[0,-40,6],"translation":[3.25,1,0],"scale":[0.10899,0.10899,0.10899]},"ground":{"translation":[-2.25,1.5,0],"scale":[0.35,0.35,0.35]},"gui":{"rotation":[30,-40,0],"translation":[-2.75,0.5,0],"scale":[0.41094,0.41094,0.41094]},"head":{"translation":[0,-30.4,0],"scale":[1.6,1.6,1.6]},"fixed":{"rotation":[-90,-180,0],"translation":[0,0,-15],"scale":[2,2,2]}}}