{"credit":"Made by Yassou, discord: Yassou#0001 mail : miss.yas.mc@gmail.com","texture_size":[64,64],"textures":{"2":"park_plus:fence"},"elements":[{"from":[0,3,0],"to":[16,5,4],"rotation":{"angle":0,"axis":"z","origin":[8,8,14.5]},"faces":{"north":{"uv":[7.75,7,8.25,11],"rotation":90,"texture":"#2"},"east":{"uv":[3.25,7,2.75,8],"rotation":270,"texture":"#2"},"south":{"uv":[8.25,0,8.75,4],"rotation":270,"texture":"#2"},"west":{"uv":[6,9.75,5.5,8.75],"rotation":270,"texture":"#2"},"up":{"uv":[1.75,5,2.75,9],"rotation":270,"texture":"#2"},"down":{"uv":[5.5,3,6.5,7],"rotation":270,"texture":"#2"}}},{"from":[0,3,6],"to":[16,5,10],"rotation":{"angle":0,"axis":"z","origin":[8,8,14.5]},"faces":{"north":{"uv":[7.75,7,8.25,11],"rotation":90,"texture":"#2"},"east":{"uv":[3.25,7,2.75,8],"rotation":270,"texture":"#2"},"south":{"uv":[8.25,0,8.75,4],"rotation":270,"texture":"#2"},"west":{"uv":[6,9.75,5.5,8.75],"rotation":270,"texture":"#2"},"up":{"uv":[1.75,5,2.75,9],"rotation":270,"texture":"#2"},"down":{"uv":[5.5,3,6.5,7],"rotation":270,"texture":"#2"}}},{"from":[0,3,12],"to":[16,5,16],"rotation":{"angle":0,"axis":"z","origin":[8,8,14.5]},"faces":{"north":{"uv":[7.75,7,8.25,11],"rotation":90,"texture":"#2"},"east":{"uv":[3.25,7,2.75,8],"rotation":270,"texture":"#2"},"south":{"uv":[8.25,0,8.75,4],"rotation":270,"texture":"#2"},"west":{"uv":[6,9.75,5.5,8.75],"rotation":270,"texture":"#2"},"up":{"uv":[1.75,5,2.75,9],"rotation":270,"texture":"#2"},"down":{"uv":[5.5,3,6.5,7],"rotation":270,"texture":"#2"}}},{"from":[14,1,12],"to":[16,2,16],"rotation":{"angle":0,"axis":"z","origin":[8,8,14.5]},"faces":{"north":{"uv":[7.75,7,8,7.5],"rotation":90,"texture":"#2"},"east":{"uv":[3,7,2.75,8],"rotation":270,"texture":"#2"},"south":{"uv":[8.25,0,8.5,0.5],"rotation":270,"texture":"#2"},"west":{"uv":[5.75,9.75,5.5,8.75],"rotation":270,"texture":"#2"},"up":{"uv":[1.75,5,2.75,5.5],"rotation":270,"texture":"#2"},"down":{"uv":[5.5,3,6.5,3.5],"rotation":270,"texture":"#2"}}},{"from":[14,1,6],"to":[16,2,10],"rotation":{"angle":0,"axis":"z","origin":[8,8,14.5]},"faces":{"north":{"uv":[7.75,7,8,7.5],"rotation":90,"texture":"#2"},"east":{"uv":[3,7,2.75,8],"rotation":270,"texture":"#2"},"south":{"uv":[8.25,0,8.5,0.5],"rotation":270,"texture":"#2"},"west":{"uv":[5.75,9.75,5.5,8.75],"rotation":270,"texture":"#2"},"up":{"uv":[1.75,5,2.75,5.5],"rotation":270,"texture":"#2"},"down":{"uv":[5.5,3,6.5,3.5],"rotation":270,"texture":"#2"}}},{"from":[14,1,0],"to":[16,2,4],"rotation":{"angle":0,"axis":"z","origin":[8,8,14.5]},"faces":{"north":{"uv":[7.75,7,8,7.5],"rotation":90,"texture":"#2"},"east":{"uv":[3,7,2.75,8],"rotation":270,"texture":"#2"},"south":{"uv":[8.25,0,8.5,0.5],"rotation":270,"texture":"#2"},"west":{"uv":[5.75,9.75,5.5,8.75],"rotation":270,"texture":"#2"},"up":{"uv":[1.75,5,2.75,5.5],"rotation":270,"texture":"#2"},"down":{"uv":[5.5,3,6.5,3.5],"rotation":270,"texture":"#2"}}},{"from":[0,1,0],"to":[2,2,4],"rotation":{"angle":0,"axis":"z","origin":[8,8,14.5]},"faces":{"north":{"uv":[7.75,7,8,7.5],"rotation":90,"texture":"#2"},"east":{"uv":[3,7,2.75,8],"rotation":270,"texture":"#2"},"south":{"uv":[8.25,0,8.5,0.5],"rotation":270,"texture":"#2"},"west":{"uv":[5.75,9.75,5.5,8.75],"rotation":270,"texture":"#2"},"up":{"uv":[1.75,5,2.75,5.5],"rotation":270,"texture":"#2"},"down":{"uv":[5.5,3,6.5,3.5],"rotation":270,"texture":"#2"}}},{"from":[0,1,12],"to":[2,2,16],"rotation":{"angle":0,"axis":"z","origin":[8,8,14.5]},"faces":{"north":{"uv":[7.75,7,8,7.5],"rotation":90,"texture":"#2"},"east":{"uv":[3,7,2.75,8],"rotation":270,"texture":"#2"},"south":{"uv":[8.25,0,8.5,0.5],"rotation":270,"texture":"#2"},"west":{"uv":[5.75,9.75,5.5,8.75],"rotation":270,"texture":"#2"},"up":{"uv":[1.75,5,2.75,5.5],"rotation":270,"texture":"#2"},"down":{"uv":[5.5,3,6.5,3.5],"rotation":270,"texture":"#2"}}},{"from":[0,1,6],"to":[2,2,10],"rotation":{"angle":0,"axis":"z","origin":[8,8,14.5]},"faces":{"north":{"uv":[7.75,7,8,7.5],"rotation":90,"texture":"#2"},"east":{"uv":[3,7,2.75,8],"rotation":270,"texture":"#2"},"south":{"uv":[8.25,0,8.5,0.5],"rotation":270,"texture":"#2"},"west":{"uv":[5.75,9.75,5.5,8.75],"rotation":270,"texture":"#2"},"up":{"uv":[1.75,5,2.75,5.5],"rotation":270,"texture":"#2"},"down":{"uv":[5.5,3,6.5,3.5],"rotation":270,"texture":"#2"}}},{"from":[0,0,0],"to":[2,1,16],"rotation":{"angle":0,"axis":"z","origin":[8,8,14.5]},"faces":{"north":{"uv":[7.75,7,8,7.5],"rotation":90,"texture":"#2"},"east":{"uv":[3.25,7,2.75,8],"rotation":270,"texture":"#2"},"south":{"uv":[8.25,0,8.5,0.5],"rotation":270,"texture":"#2"},"west":{"uv":[5.75,10.5,5.5,6.5],"rotation":270,"texture":"#2"},"up":{"uv":[0,1,4,1.5],"rotation":270,"texture":"#2"},"down":{"uv":[4,2.25,8,2.75],"rotation":270,"texture":"#2"}}},{"from":[14,0,0],"to":[16,1,16],"rotation":{"angle":0,"axis":"z","origin":[8,8,14.5]},"faces":{"north":{"uv":[7.75,7,8,7.5],"rotation":90,"texture":"#2"},"east":{"uv":[3.25,7,2.75,8],"rotation":270,"texture":"#2"},"south":{"uv":[8.25,0,8.5,0.5],"rotation":270,"texture":"#2"},"west":{"uv":[5.75,10.75,5.5,6.75],"rotation":270,"texture":"#2"},"up":{"uv":[0,1.25,4,1.75],"rotation":270,"texture":"#2"},"down":{"uv":[4,2.5,8,3],"rotation":270,"texture":"#2"}}},{"from":[14,2,0],"to":[16,3,16],"rotation":{"angle":0,"axis":"z","origin":[8,8,14.5]},"faces":{"north":{"uv":[7.75,7,8,7.5],"rotation":90,"texture":"#2"},"east":{"uv":[3.25,7,2.75,8],"rotation":270,"texture":"#2"},"south":{"uv":[8.25,0,8.5,0.5],"rotation":270,"texture":"#2"},"west":{"uv":[5.75,10.75,5.5,6.75],"rotation":270,"texture":"#2"},"up":{"uv":[0,1.25,4,1.75],"rotation":270,"texture":"#2"},"down":{"uv":[4,2.5,8,3],"rotation":270,"texture":"#2"}}},{"from":[0,2,0],"to":[2,3,16],"rotation":{"angle":0,"axis":"z","origin":[8,8,14.5]},"faces":{"north":{"uv":[7.75,7,8,7.5],"rotation":90,"texture":"#2"},"east":{"uv":[3.25,7,2.75,8],"rotation":270,"texture":"#2"},"south":{"uv":[8.25,0,8.5,0.5],"rotation":270,"texture":"#2"},"west":{"uv":[5.75,10.5,5.5,6.5],"rotation":270,"texture":"#2"},"up":{"uv":[0,1,4,1.5],"rotation":270,"texture":"#2"},"down":{"uv":[4,2.25,8,2.75],"rotation":270,"texture":"#2"}}},{"from":[7,1,12],"to":[9,2,16],"rotation":{"angle":0,"axis":"z","origin":[8,8,14.5]},"faces":{"north":{"uv":[7.75,7,8,7.5],"rotation":90,"texture":"#2"},"east":{"uv":[3,7,2.75,8],"rotation":270,"texture":"#2"},"south":{"uv":[8.25,0,8.5,0.5],"rotation":270,"texture":"#2"},"west":{"uv":[5.75,9.75,5.5,8.75],"rotation":270,"texture":"#2"},"up":{"uv":[1.75,5,2.75,5.5],"rotation":270,"texture":"#2"},"down":{"uv":[5.5,3,6.5,3.5],"rotation":270,"texture":"#2"}}},{"from":[7,2,0],"to":[9,3,16],"rotation":{"angle":0,"axis":"z","origin":[8,8,14.5]},"faces":{"north":{"uv":[7.75,7,8,7.5],"rotation":90,"texture":"#2"},"east":{"uv":[3.25,7,2.75,8],"rotation":270,"texture":"#2"},"south":{"uv":[8.25,0,8.5,0.5],"rotation":270,"texture":"#2"},"west":{"uv":[5.75,10.5,5.5,6.5],"rotation":270,"texture":"#2"},"up":{"uv":[0,1,4,1.5],"rotation":270,"texture":"#2"},"down":{"uv":[4,2.25,8,2.75],"rotation":270,"texture":"#2"}}},{"from":[7,1,6],"to":[9,2,10],"rotation":{"angle":0,"axis":"z","origin":[8,8,14.5]},"faces":{"north":{"uv":[7.75,7,8,7.5],"rotation":90,"texture":"#2"},"east":{"uv":[3,7,2.75,8],"rotation":270,"texture":"#2"},"south":{"uv":[8.25,0,8.5,0.5],"rotation":270,"texture":"#2"},"west":{"uv":[5.75,9.75,5.5,8.75],"rotation":270,"texture":"#2"},"up":{"uv":[1.75,5,2.75,5.5],"rotation":270,"texture":"#2"},"down":{"uv":[5.5,3,6.5,3.5],"rotation":270,"texture":"#2"}}},{"from":[7,0,0],"to":[9,1,16],"rotation":{"angle":0,"axis":"z","origin":[8,8,14.5]},"faces":{"north":{"uv":[7.75,7,8,7.5],"rotation":90,"texture":"#2"},"east":{"uv":[3.25,7,2.75,8],"rotation":270,"texture":"#2"},"south":{"uv":[8.25,0,8.5,0.5],"rotation":270,"texture":"#2"},"west":{"uv":[5.75,10.5,5.5,6.5],"rotation":270,"texture":"#2"},"up":{"uv":[0,1,4,1.5],"rotation":270,"texture":"#2"},"down":{"uv":[4,2.25,8,2.75],"rotation":270,"texture":"#2"}}},{"from":[7,1,0],"to":[9,2,4],"rotation":{"angle":0,"axis":"z","origin":[8,8,14.5]},"faces":{"north":{"uv":[7.75,7,8,7.5],"rotation":90,"texture":"#2"},"east":{"uv":[3,7,2.75,8],"rotation":270,"texture":"#2"},"south":{"uv":[8.25,0,8.5,0.5],"rotation":270,"texture":"#2"},"west":{"uv":[5.75,9.75,5.5,8.75],"rotation":270,"texture":"#2"},"up":{"uv":[1.75,5,2.75,5.5],"rotation":270,"texture":"#2"},"down":{"uv":[5.5,3,6.5,3.5],"rotation":270,"texture":"#2"}}}],"display":{"thirdperson_righthand":{"rotation":[60,-160,0],"translation":[0,1.75,1],"scale":[0.35586,0.35586,0.35586]},"thirdperson_lefthand":{"rotation":[60,-160,0],"translation":[0,1.75,1],"scale":[0.35586,0.35586,0.35586]},"firstperson_righthand":{"rotation":[0,-73,6],"translation":[3.25,1.5,0],"scale":[0.19492,0.19492,0.19492]},"firstperson_lefthand":{"rotation":[0,-73,6],"translation":[2.5,2,0],"scale":[0.19492,0.19492,0.19492]},"ground":{"translation":[0,1.5,0],"scale":[0.35,0.35,0.35]},"gui":{"rotation":[50.62,-51.88,4.12],"translation":[-0.25,3.25,0],"scale":[0.70196,0.70196,0.70196]},"head":{"translation":[0,-30.4,0],"scale":[1.6,1.6,1.6]},"fixed":{"rotation":[-90,-180,0],"translation":[0,0,-15],"scale":[2,2,2]}}}